transcript_id,baseMean,log2FoldChange,lfcSE,pvalue,padj
nDi.2.2.2.t02834,975.8278852004759,-6.450541687669597,0.5590269908639905,3.850367348264134e-32,1.3060446045311942e-28
nDi.2.2.2.t06547,699.1856783280374,-6.578958513527854,0.5865386128237865,9.863285981709868e-31,1.6728133024979937e-27
nDi.2.2.2.t03376,591.6562824786646,-6.440860689785703,0.6360469572668462,9.110107027824781e-26,1.030049434612722e-22
nDi.2.2.2.t10358,405.0592112584151,-6.079833917148863,0.6246162098696233,2.169521213881421e-23,1.839753989371445e-20
nDi.2.2.2.t08367,262.45171299050776,-6.398125358300973,0.6679388697564754,1.1953085940985477e-22,8.108973502364548e-20
nDi.2.2.2.t05499,516.459788025133,-5.59352449225218,0.6091321901239832,3.10602069240325e-21,1.5050888840902605e-18
nDi.2.2.2.t09994,182.11726418327885,-5.971752737146549,0.6469248661221442,3.0716214837782863e-21,1.5050888840902605e-18
nDi.2.2.2.t01862,193.64705002690013,-6.997848910888025,0.7734827701167436,8.661205414028475e-21,3.672351095548073e-18
nDi.2.2.2.t07535,186.119022680667,-8.160805778759293,0.9380194510308283,3.489968386115445e-20,1.3153303073003989e-17
nDi.2.2.2.t02937,123.84273923327468,-7.012646005350773,0.8010083561297042,1.6252480685423685e-19,5.512841448495714e-17
nDi.2.2.2.t00719,653.806384383995,-5.953970072115453,0.6914639792441888,2.1093720518925169e-19,6.504536363654016e-17
nDi.2.2.2.t07250,336.14511994038895,6.1222031014691565,0.7183652663387002,1.861435434323164e-18,4.85691461017244e-16
nDi.2.2.2.t12332,199.23858756322053,-5.291794755992865,0.6325362336469076,1.76301778328858e-18,4.85691461017244e-16
nDi.2.2.2.t05858,107.33045783442812,-6.648462269461675,0.787474682786841,4.554745985575423e-18,1.1035498845051312e-15
nDi.2.2.2.t05039,160.41733814003558,-6.571757094149346,0.7762085914689121,9.387972511211068e-18,2.1229335172018628e-15
nDi.2.2.2.t00720,279.03751257635776,-4.938204487192566,0.6035688968290083,1.4146435727455224e-17,2.9990443742205075e-15
nDi.2.2.2.t00717,153.88481660693745,-5.553837883506319,0.7002400046825208,4.743586702088647e-17,9.464850643226289e-15
nDi.2.2.2.t10698,129.35361196080865,-8.214551342584478,0.9783343804974536,5.604774883927343e-17,1.0561886892378639e-14
nDi.2.2.2.t09053,362.9804386995155,-4.37546343380781,0.5479208913102455,1.0010990468727174e-16,1.7872252457853985e-14
nDi.2.2.2.t07249,250.2513574463066,5.413547324944067,0.6989147955149171,1.106250592979552e-15,1.8762010056933202e-13
nDi.2.2.2.t09961,71.09883230609553,-6.6294197529575625,0.8730441375329234,1.508765902358936e-15,2.4370161622864337e-13
nDi.2.2.2.t05045,72.98913668511557,-5.978045799619863,0.8067149962416792,4.506866053753361e-15,6.948768024696091e-13
nDi.2.2.2.t07251,408.87180544238817,4.928687250516366,0.6527334145044076,5.344686037970842e-15,7.882250017737867e-13
nDi.2.2.2.t01724,409.2258437087592,-4.294539446349025,0.5760076422504296,6.540620028837325e-15,9.24407630742342e-13
nDi.2.2.2.t02595,76.73353839755849,-6.556519410917377,0.8743610209455805,3.850471743774437e-14,5.224320061953157e-12
nDi.2.2.2.t01192,85.58280086344732,-8.887597174440357,1.2284616451005825,5.267695965905242e-14,6.872317198596377e-12
nDi.2.2.2.t10360,160.12050681639127,-5.369442969981238,0.7593980589282098,7.480766970370616e-14,9.39805983833227e-12
nDi.2.2.2.t10384,415.8105001070581,5.055779087371819,0.7349830186722331,1.2442384413327377e-13,1.507305997500231e-11
nDi.2.2.2.t10060,249.8448822319397,6.402149018951366,0.8946958787995739,1.9264266955842067e-13,2.2532549487660792e-11
nDi.2.2.2.t01743,56.89172234977252,-6.885864848998689,0.9739055298184981,3.0435059386949004e-13,3.441190714684367e-11
nDi.2.2.2.t08684,92.12506149988003,-4.605008741771663,0.690680554425797,8.320143741019788e-13,9.103847603077137e-11
nDi.2.2.2.t01839,103.66037970549186,-5.059650567014884,0.7505918205416772,8.905406973852897e-13,9.439731392284071e-11
nDi.2.2.2.t02509,168.73299688910151,-4.656357373038981,0.6980395668299656,1.6519483884038458e-12,1.698002707110862e-10
nDi.2.2.2.t07248,155.32709012725252,5.083835720421853,0.7590153901109219,3.4356783463035217e-12,3.427594397253396e-10
nDi.2.2.2.t02333,41.16526381759665,-6.929242565752883,1.0413234554919386,5.118279246505109e-12,4.934965925247059e-10
nDi.2.2.2.t07247,140.74929700823995,5.3165616309035775,0.7965106744165451,5.237581760285793e-12,4.934965925247059e-10
nDi.2.2.2.t10521,61.71539963627017,-9.130629697247215,1.5032924245352501,7.390491238697676e-12,6.775282778827708e-10
nDi.2.2.2.t07783,55.861954323398656,-8.961043342746626,1.4798108577041544,8.806555612402824e-12,7.861009641386941e-10
nDi.2.2.2.t05176,189.21493823424987,6.737588310067166,1.0241188076559897,1.0875651039346624e-11,9.459027775759935e-10
nDi.2.2.2.t00670,109.09264747764209,-4.182542820670065,0.6534965340117638,1.5334560216797676e-11,1.3003707063844427e-9
nDi.2.2.2.t00632,307.917524734467,-3.621839630811579,0.5723276332010847,2.138449224104942e-11,1.7691755532107228e-9
nDi.2.2.2.t07764,64.1501751190596,-11.509141263955359,3.2013745355521364,2.330575626089916e-11,1.8822172675469034e-9
nDi.2.2.2.t04855,465.0013222323084,-3.6404713879309174,0.5798219153627628,2.584269577043104e-11,1.9479649789622686e-9
nDi.2.2.2.t07987,41.44870361931247,-5.912383993485634,0.9442991068098496,2.5154998349434034e-11,1.9479649789622686e-9
nDi.2.2.2.t09795,82.80836958745417,-6.0357182724569025,0.9264323879750214,2.5357978384923386e-11,1.9479649789622686e-9
nDi.2.2.2.t07736,54.07421305405364,-4.972994455954163,0.7952394147410915,3.211774073444814e-11,2.368334273288002e-9
nDi.2.2.2.t00119,46.44509395535743,-7.600884827173526,1.2094692950685304,3.766727995281907e-11,2.7184556085098356e-9
nDi.2.2.2.t07651,52.090204543511426,-5.823045644083785,0.9124285047795198,6.12873728538559e-11,4.330974348339151e-9
nDi.2.2.2.t08880,127.2634303550291,-5.310079346779536,0.8687338919290668,1.3385008297833426e-10,9.265703703316528e-9
nDi.2.2.2.t01220,56.02133442787981,-4.317642058535511,0.7234116745980294,1.5365629850782692e-10,1.0424043290770979e-8
nDi.2.2.2.t02801,131.51318572963217,6.2587877444177025,1.02096390341028,1.9408127376557995e-10,1.2908307462997004e-8
nDi.2.2.2.t03607,46.0938464000876,-7.362328592387473,1.2293894946698145,3.1967514247851874e-10,2.085265544782953e-8
nDi.2.2.2.t02001,105.87882468926335,-4.525995238644132,0.775440397577385,3.317532190285801e-10,2.1232206017829128e-8
nDi.2.2.2.t10881,51.54769486983223,-11.195208406919132,3.2373016257576546,4.863672661184896e-10,3.055106975322068e-8
nDi.2.2.2.t10228,35.35275086688694,-7.895313656075625,1.5056019008423067,6.912412813274739e-10,4.2630735022959845e-8
nDi.2.2.2.t08084,35.16762762364388,-6.310095685917365,1.0748321272785524,7.309722946518427e-10,4.4276036133197324e-8
nDi.2.2.2.t11528,47.09197223798012,-4.975827590932989,0.8869253519247506,7.65336425220034e-10,4.5544230778006235e-8
nDi.2.2.2.t03049,33.617483795039476,-8.120846150802478,1.603139464834341,8.338657823258294e-10,4.8766771269814026e-8
nDi.2.2.2.t10922,42.571537082658075,-6.97904289980344,1.192840764774248,8.595198576066134e-10,4.941510774579039e-8
nDi.2.2.2.t04301,61.63012248264126,-3.8054736358185473,0.6719366885320419,1.1532757286563807e-9,6.519852119337406e-8
nDi.2.2.2.t08701,86.58484682701672,-3.5206140645710895,0.6211980525077262,1.2067659272169397e-9,6.710409877245671e-8
nDi.2.2.2.t00721,52.766510766145494,-4.363995632393813,0.783121908571153,1.3070065205209193e-9,7.150590512269287e-8
nDi.2.2.2.t08663,77.68324323629976,-5.090335189797174,0.9037625353967111,1.357887894949927e-9,7.31104085661929e-8
nDi.2.2.2.t10205,35.280121091160325,-7.048829627695875,1.276388723184505,1.8232320596434279e-9,9.514466378939243e-8
nDi.2.2.2.t11127,34.41674624221019,-7.822159084097533,1.507863457689444,1.8222364707152592e-9,9.514466378939243e-8
nDi.2.2.2.t05070,36.58128633667061,-7.980874470195498,1.5030569255349044,2.2970010747086237e-9,1.1805193402138866e-7
nDi.2.2.2.t02985,40.45924403761032,-4.393042334897272,0.7955412075891013,2.7539527233208734e-9,1.373736417280059e-7
nDi.2.2.2.t09350,51.66921323121902,-4.020508956520921,0.7369015366473783,2.7417717648719525e-9,1.373736417280059e-7
nDi.2.2.2.t00781,27.690465524017426,-6.320020918812553,1.1381646114659865,3.5760493355187133e-9,1.7579651226202138e-7
nDi.2.2.2.t03485,45.03867599174803,-5.838106153838159,1.0390019233714947,3.8166969743499065e-9,1.8297335431079086e-7
nDi.2.2.2.t12112,29.444830197243093,-10.266139687144811,3.0982318357832765,3.829925753557238e-9,1.8297335431079086e-7
nDi.2.2.2.t05468,99.3254755682828,-3.402423671857308,0.6251875538841942,4.621093316567572e-9,2.1770484069162784e-7
nDi.2.2.2.t04976,85.91119996168993,-3.512645827595498,0.6472514672185984,4.697379433579092e-9,2.1826727450274356e-7
nDi.2.2.2.t09604,32.80384385369305,-7.717149320589769,1.4911542941083002,6.520823485273097e-9,2.989004494871128e-7
nDi.2.2.2.t10488,20.85018548011631,-6.250526086676588,1.1939566210452282,8.031133987669616e-9,3.632214198156712e-7
nDi.2.2.2.t03854,97.05536505781984,5.839303645628725,1.0397446444407086,9.001526239648523e-9,3.96534766297244e-7
nDi.2.2.2.t12775,26.085506048427895,-10.033521393772514,3.0790413504911256,8.944430569811819e-9,3.96534766297244e-7
nDi.2.2.2.t07749,53.39115680204536,-4.5273239507962355,0.8921084170875537,9.124223720954531e-9,3.967867546343304e-7
nDi.2.2.2.t10403,23.088331086370882,-6.791549829056345,1.2708600097244627,9.654470173793935e-9,4.145311750570763e-7
nDi.2.2.2.t12333,26.541366438513627,-5.162937194378464,0.9835136376145531,1.0769199728386558e-8,4.5661406848359006e-7
nDi.2.2.2.t10299,23.803780822234682,-5.1693406820758625,0.9787089300806083,1.2017367783535422e-8,5.032458212561994e-7
nDi.2.2.2.t02331,29.08140107056236,-5.61720011050052,1.0756812677797447,1.3489816929848324e-8,5.580177930005551e-7
nDi.2.2.2.t10617,24.401615316094457,-9.920221428293015,3.0706579444004842,1.3724512413406838e-8,5.608860976659758e-7
nDi.2.2.2.t01937,43.17245125447708,-9.979981544370453,3.0926182273372955,1.5007071680077833e-8,6.059998468907619e-7
nDi.2.2.2.t07880,27.713125239578385,-4.510163641180256,0.8823270884756762,1.937180843626064e-8,7.730491084211306e-7
nDi.2.2.2.t01618,79.84788160276038,-3.538116342953589,0.6808858367329698,2.0983854318204077e-8,8.276422540389329e-7
nDi.2.2.2.t10625,28.2054991478818,-9.965328176045949,3.1074392104799915,2.198346099387877e-8,8.571022953015724e-7
nDi.2.2.2.t08374,21.45766371543599,-9.827013827140455,3.0703406645389992,2.257119055972966e-8,8.700167997568524e-7
nDi.2.2.2.t12448,22.149379909773455,-9.782676214272318,3.0663262268072606,2.616330271647978e-8,9.971452001606675e-7
nDi.2.2.2.t03474,25.132171865506177,-4.832996305645937,0.9477020505847027,2.6854402916303748e-8,1.0121126076900258e-6
nDi.2.2.2.t11734,24.16351195189538,-6.468834342766838,1.3371612020593797,2.8553038612222798e-8,1.064306670029228e-6
nDi.2.2.2.t06435,177.88402987312142,3.18926602173665,0.6380021719831991,4.938369699899116e-8,1.8207554371801957e-6
nDi.2.2.2.t02689,42.922551058462034,-3.695798456750076,0.7386272796026992,5.75987769577538e-8,2.1008070047387193e-6
nDi.2.2.2.t11040,71.91026883611146,-5.473674901412807,1.0719669363271715,5.8948834895255255e-8,2.1271749783479343e-6
nDi.2.2.2.t01138,23.792021961986443,-9.662464745741095,3.093241902797624,6.918727074313984e-8,2.470349709060319e-6
nDi.2.2.2.t09612,21.17213490895289,-5.70838395187472,1.1111051022180378,7.357600923402794e-8,2.599685659602321e-6
nDi.2.2.2.t04514,20.113253955664895,-5.789310971898611,1.1795964678987085,9.291798218698508e-8,3.2492556245180758e-6
nDi.2.2.2.t03775,19.926745108933382,-9.460198685696904,3.0601632708575006,9.589576183051265e-8,3.3191675931540706e-6
nDi.2.2.2.t05794,24.885287264883917,-5.271575857331134,1.0500776633537539,1.0354860017656849e-7,3.5478469878678823e-6
nDi.2.2.2.t05720,83.1042330371483,3.5218957722423196,0.718164262478079,1.079154915468136e-7,3.6604934732679172e-6
nDi.2.2.2.t09398,25.650217995101325,-6.6211802965458135,1.335104602584251,1.098687377691437e-7,3.68984909418748e-6
nDi.2.2.2.t07974,330.80292531903143,-2.7337668401142743,0.5610614154784423,1.2511429395254786e-7,4.160663579284729e-6
nDi.2.2.2.t07238,18.162690758447887,-9.261952897030644,3.017038058157365,1.2755925503978118e-7,4.200786340727551e-6
nDi.2.2.2.t02472,19.414624996888975,-5.344569049129074,1.1454116325243642,1.4130177335111083e-7,4.608611684682384e-6
nDi.2.2.2.t08443,65.56373151777353,4.250651338013134,0.8631599475951814,1.448170405644607e-7,4.678280015187149e-6
nDi.2.2.2.t03229,81.1366589942428,4.134555421892837,0.8766489752651335,1.527336215101838e-7,4.8874758883258815e-6
nDi.2.2.2.t04837,27.766213280136025,-4.212904196561272,0.8970112888133056,1.7114728053641151e-7,5.425528743733718e-6
nDi.2.2.2.t10097,58.504012782879265,3.990049883679773,0.8276402281574203,1.867284102326716e-7,5.864655254715019e-6
nDi.2.2.2.t02405,20.09467880760723,-4.390650355151838,0.9373925940631693,2.358313691018017e-7,7.3388991192046915e-6
nDi.2.2.2.t10031,18.10922731772551,-6.058607154238073,1.301482558573047,2.4127828051577473e-7,7.4401447955409806e-6
nDi.2.2.2.t05387,60.421816381644,4.158470418617927,0.872131558745821,3.125952600492006e-7,9.552460559341337e-6
nDi.2.2.2.t01690,27.687334477633687,-4.103963252941778,0.8707449742590729,3.161212404471896e-7,9.57395756782917e-6
nDi.2.2.2.t07455,79.93328062802608,3.5875039814791316,0.7850282907989538,3.5156728651029835e-7,1.0553241025158691e-5
nDi.2.2.2.t09120,18.055865392135455,-5.049873117071972,1.0943107714017417,3.818233035028281e-7,1.1360917942820991e-5
nDi.2.2.2.t11048,17.349763584533207,-8.8035972147682,2.967573062289905,4.3480259618866134e-7,1.2824786141495124e-5
nDi.2.2.2.t00856,25.79138623123623,-4.58285332602665,1.0212090215594862,4.4587784834077236e-7,1.303808328941293e-5
nDi.2.2.2.t06069,64.68066953958373,5.5449765973350305,1.1578475441655414,4.924122177824477e-7,1.4275745664256947e-5
nDi.2.2.2.t08489,46.90209134551109,-3.2693756478300995,0.7258573028232826,4.990858078371898e-7,1.4346602204947016e-5
nDi.2.2.2.t06356,19.48952192721702,-5.884792303378002,1.2590752164299874,5.211875555022895e-7,1.4856035195493834e-5
nDi.2.2.2.t06738,18.476652535164032,-5.240626413866724,1.126261430698188,5.370849762103016e-7,1.5056134209135065e-5
nDi.2.2.2.t09400,25.837941121258396,-4.744720616161774,1.0212863661478981,5.353813823272993e-7,1.5056134209135065e-5
nDi.2.2.2.t05332,25.824914383787263,-3.8070286933912914,0.8346672095761629,5.495279982170702e-7,1.515446317034392e-5
nDi.2.2.2.t11799,18.239417537146227,-5.926490428197844,1.3109167245805826,5.48882060315576e-7,1.515446317034392e-5
nDi.2.2.2.t08706,21.641107105800568,-6.734675293247822,1.5262581676728184,5.763603866632362e-7,1.576624541582014e-5
nDi.2.2.2.t06473,62.66168763578843,5.514287302636658,1.1505809257889206,5.945635197119056e-7,1.6069337138169922e-5
nDi.2.2.2.t07038,21.96804146418509,-5.068460988277077,1.1104980123219006,5.969152356749441e-7,1.6069337138169922e-5
nDi.2.2.2.t07036,31.396832969827894,-3.8291301959535167,0.8643672633017688,6.571222974622903e-7,1.755085695269361e-5
nDi.2.2.2.t07842,19.12294202547931,-4.76545622138851,1.0844510202007296,7.381323267261869e-7,1.9560506658243954e-5
nDi.2.2.2.t12301,15.125415985520057,-9.092389525901067,3.099724040231446,7.922402124290537e-7,2.083161860898721e-5
nDi.2.2.2.t05328,14.622963522633707,-5.404549019709214,1.2395401256979972,8.354167621944387e-7,2.179795121048874e-5
nDi.2.2.2.t00413,33.8373172725978,-3.630552520372794,0.8482213354359328,8.438231652087079e-7,2.1849222720518606e-5
nDi.2.2.2.t09121,66.95088935450173,4.9416332281011774,1.097890144733985,9.302354609203586e-7,2.3724501379262078e-5
nDi.2.2.2.t10359,24.66497149852865,-5.541960937979756,1.2488695686962032,9.291662543663777e-7,2.3724501379262078e-5
nDi.2.2.2.t00906,26.763399792106625,-3.4959596920048837,0.7985390962626654,1.0492195696529131e-06,2.655934910643792e-5
nDi.2.2.2.t03543,52.58420342239869,4.667211156586297,1.0646478298054778,1.1613396036956912e-6,2.917973285730211e-5
nDi.2.2.2.t04427,17.365255777629365,-4.756394848567246,1.0772936272299254,1.1855679082524122e-6,2.9569458417589575e-5
nDi.2.2.2.t07536,12.513277475248644,-8.610412210859975,2.988923709477751,1.2109828552428159e-6,2.998287478090242e-5
nDi.2.2.2.t05141,16.75143628178306,-4.534765827659796,1.0726602305688377,1.3579074991142647e-6,3.337697273185207e-5
nDi.2.2.2.t11218,14.926278266345191,-6.713117071735834,1.6743220455964583,1.4423393937198266e-6,3.519723182372411e-5
nDi.2.2.2.t08462,52.71959711097353,5.261080393295313,1.1592585804949327,1.598540127690728e-6,3.87303436651925e-5
nDi.2.2.2.t09523,20.573373545839395,-4.121517440860842,0.9618677932788546,1.631124236029922e-6,3.923952772066309e-5
nDi.2.2.2.t08082,16.401407622425847,-4.909698316372374,1.1214248417433705,1.7101284728573048e-6,4.085039281642238e-5
nDi.2.2.2.t11363,12.997672666147766,-5.812378493182423,1.3620987917846852,1.746357953486005e-6,4.142409914842328e-5
nDi.2.2.2.t00799,20.231196189323605,-5.4641416909212825,1.2297757916381293,1.7788991386263246e-6,4.190295748764231e-5
nDi.2.2.2.t01717,34.92358637025193,-3.4527731585799866,0.8309477554120158,1.8342256346101974e-6,4.261433803149171e-5
nDi.2.2.2.t05768,16.906277715448063,-5.0938390380554415,1.1624072061340354,1.828384784621087e-6,4.261433803149171e-5
nDi.2.2.2.t02122,14.11731733290583,-5.661475861692884,1.337156015634853,2.0222671506230844e-6,4.6663470577642876e-5
nDi.2.2.2.t02679,157.90341186377043,-2.6206643863795236,0.6169353624842576,2.3500682158698755e-6,5.349953951832629e-5
nDi.2.2.2.t07859,15.024441395193561,-6.521250242420701,1.6035442322528768,2.3434736445145062e-6,5.349953951832629e-5
nDi.2.2.2.t03332,17.234941616519333,-4.072056014766104,0.9678303693343384,2.4773012784000572e-6,5.602003957555329e-5
nDi.2.2.2.t07687,39.921663533729394,4.628743684529929,1.058275835453708,2.5004378357387766e-6,5.616877575381411e-5
nDi.2.2.2.t07202,43.87201268703351,4.471457900586164,1.0482015580210577,2.705903230192922e-6,6.038436682114731e-5
nDi.2.2.2.t04817,50.98380697968157,4.308644261472358,1.0050549837288685,2.7564291306771118e-6,6.110985366834485e-5
nDi.2.2.2.t02530,43.36625992417984,-2.8706123433224304,0.6843938322318622,2.8375353822194617e-06,6.249948062654815e-5
nDi.2.2.2.t01010,54.487173074675,-2.769400156359808,0.6623114249062448,2.913622700781526e-6,6.376134323258668e-5
nDi.2.2.2.t07380,12.856336062836856,-8.506451851172304,3.040319166962346,3.0336922991232666e-6,6.596336076042385e-5
nDi.2.2.2.t05419,43.10504099651689,5.149243285406884,1.1868524587576275,3.0690375667544864e-6,6.630684984988037e-5
nDi.2.2.2.t08795,52.83112667321401,4.0686059809237,0.9726270173650591,3.095383090415315e-6,6.645278128284019e-5
nDi.2.2.2.t03719,41.987873610919394,4.454420595097614,1.0409113004958213,3.1423748100276002e-6,6.70373292805888e-5
nDi.2.2.2.t04353,11.91045147676604,-8.44325877511476,3.0299714944419174,3.350367813576423e-6,7.058663120280265e-5
nDi.2.2.2.t10193,27.691550184612467,7.599915401225943,2.7395407707074106,3.341035410992507e-6,7.058663120280265e-5
nDi.2.2.2.t08995,46.01604340506148,4.410847007574661,1.0579012335285918,3.4155402662202983e-06,7.151550977172378e-5
nDi.2.2.2.t07892,15.02206117243485,-8.338708773106388,3.0114325031627596,3.666161065929513e-6,7.629213702842276e-5
nDi.2.2.2.t10197,12.393757804158637,-6.4310098099397415,1.6351330324238147,3.7666938682214725e-6,7.790625366467826e-5
nDi.2.2.2.t02670,47.11702763054838,3.6318712617754065,0.8871715643210655,4.115887967615733e-6,8.461267870395494e-5
nDi.2.2.2.t12386,10.09911573607481,-8.24636108160914,2.9921656141241715,4.241528462511869e-6,8.66702683424112e-5
nDi.2.2.2.t00778,15.698978206253546,-7.8967203414754135,2.8735096158608644,4.281352490217236e-6,8.680062621964643e-5
nDi.2.2.2.t01923,16.976066894437704,-4.602196766044107,1.115066986046862,4.3246774266274315e-6,8.680062621964643e-5
nDi.2.2.2.t03639,43.30940818392857,4.517226145441808,1.071069078853269,4.309985956275405e-6,8.680062621964643e-5
nDi.2.2.2.t05197,36.46286187105255,5.7184016183000805,1.4860062240604697,4.561712655340737e-6,9.101958427597518e-5
nDi.2.2.2.t11164,23.642035646583746,-4.401757514135434,1.1559073547783174,4.681055059874064e-6,9.285461264966563e-5
nDi.2.2.2.t09360,43.63603655496504,4.050566112148305,0.9662797630701635,4.76994824547363e-6,9.406781656189856e-5
nDi.2.2.2.t05123,14.151766144859538,-6.201880962338917,1.6628661793830082,4.82076389991533e-6,9.419951404070496e-5
nDi.2.2.2.t06677,16.31229657214952,-5.435775395852005,1.3108742217637173,4.832168467889936e-6,9.419951404070496e-5
nDi.2.2.2.t02690,249.84509840984333,-2.3610115037647215,0.5726609054739356,4.957026190105581e-6,9.60813304962179e-5
nDi.2.2.2.t12099,9.534999720013097,-8.189338593550458,2.992546029573931,5.251851263995819e-6,1.0121749708791943e-4
nDi.2.2.2.t06900,34.89029935061955,7.463892563155888,2.745082645371034,5.399224612831141e-6,1.0346988636566796e-4
nDi.2.2.2.t08831,60.93433326577831,4.4091393047619265,1.1974973599576468,5.746752039733228e-6,1.095111399931186e-4
nDi.2.2.2.t02705,32.34670960110941,-3.1996810732808894,0.7957112186320462,5.927164202066976e-6,1.1231810599671052e-4
nDi.2.2.2.t03043,36.33957832195912,4.318649078322051,1.0603377410669121,7.498221176157035e-6,1.4129981238624812e-4
nDi.2.2.2.t00496,18.243579830529388,-5.05210012900188,1.2450594007513411,7.909305818530146e-6,1.4822301290858702e-4
nDi.2.2.2.t01760,12.006606664768768,-6.047574772270372,1.648103954498724,8.161376144825069e-6,1.5210652683102547e-4
nDi.2.2.2.t07117,42.210991887104456,3.5751658627183396,0.886792889987913,8.34961114675542e-6,1.5476437710270155e-4
nDi.2.2.2.t00160,42.306153344755785,3.4947011317402055,0.8753242473065207,8.500093762987417e-6,1.5669738067420282e-4
nDi.2.2.2.t02877,44.4789402683641,3.8830848259309003,0.9866095022042062,8.931926281731255e-6,1.628876018689915e-4
nDi.2.2.2.t10317,8.690940024883453,-8.045310661221583,3.00146640527772,8.914504256107003e-6,1.628876018689915e-4
nDi.2.2.2.t08323,9.837541288303544,-8.054958878809531,3.0103562499307897,9.090228174304625e-6,1.6488798912963257e-4
nDi.2.2.2.t01159,13.054812866059363,-5.240946625798233,1.333672747210289,9.682433658848819e-6,1.7226663505836583e-4
nDi.2.2.2.t04299,50.19927732716397,-3.092825177184769,0.7881980903206811,9.634027311966348e-6,1.7226663505836583e-4
nDi.2.2.2.t05302,10.1741754845129,-7.899417046192083,2.963842327596783,9.677350495511962e-6,1.7226663505836583e-4
nDi.2.2.2.t11691,8.6951686828093,-7.9727020829122415,2.990614424438228,9.700155452873783e-6,1.7226663505836583e-4
nDi.2.2.2.t07956,42.142663351987125,3.2768001846395327,0.8275793120158942,9.973091291218936e-6,1.761912794782012e-4
nDi.2.2.2.t09063,20.72728401520883,-5.32377412418874,1.3331876046110427,1.062275226283705e-5,1.8669624702354027e-4
nDi.2.2.2.t07823,89.10969036557334,-2.9713490961557563,0.7665928194813858,1.1005794288516407e-5,1.9243120735385386e-4
nDi.2.2.2.t08626,9.375129568236893,-7.969084476659402,3.0202933652262502,1.1332322335751899e-5,1.970847799166422e-4
nDi.2.2.2.t11498,8.755861679352348,-7.9513273754368345,2.9992330171223207,1.1388153556504089e-5,1.970847799166422e-4
nDi.2.2.2.t04636,33.87836761850314,7.046061671643431,2.683750808125783,1.1545739474318207e-5,1.9879107871502032e-4
nDi.2.2.2.t05460,8.443575642422557,-7.8859934407531025,2.981645334017304,1.1603960373105548e-5,1.9879107871502032e-4
nDi.2.2.2.t08665,12.38247550453882,-7.780570135445613,2.9120835420147664,1.1834909214074962e-5,2.0172870378965964e-4
nDi.2.2.2.t02498,13.579612006145055,-4.780849548848255,1.2744165234012994,1.2430304433983617e-5,2.1081796320036216e-4
nDi.2.2.2.t02607,63.172525465316966,4.453029651717093,1.1499965318529766,1.3008504779592521e-5,2.1952660802178027e-4
nDi.2.2.2.t06599,77.81130191728487,-2.424326448408236,0.625316001849856,1.3401672008940727e-5,2.2504193789270766e-4
nDi.2.2.2.t05766,25.587608522444157,7.036474430022937,2.691948327813023,1.3654383868877039e-5,2.2815601026222128e-4
nDi.2.2.2.t07805,8.096969573182243,-7.693988408236605,2.9661935070368672,1.4649068962963039e-5,2.4357667609005212e-4
nDi.2.2.2.t07351,11.72222334194804,-4.953093063024901,1.2613188892589606,1.5358267064190296e-5,2.5412313113040724e-4
nDi.2.2.2.t00970,37.43355013193843,4.097745233383668,1.059342320660614,1.5901901836128093e-5,2.6057609192341305e-4
nDi.2.2.2.t06788,60.214600310996794,3.4405904111180425,0.8757464778120574,1.5838424715859375e-5,2.6057609192341305e-4
nDi.2.2.2.t04298,224.93580165848505,-2.1273940247988365,0.547541485678597,1.6508325200553107e-05,2.6921268788594293e-4
nDi.2.2.2.t09918,172.00011542231303,2.9205521972398683,0.7632604250855497,1.684915408143492e-5,2.734561274843409e-4
nDi.2.2.2.t05089,45.64269576490781,-2.7159782918426907,0.7208632301758622,1.9158033796488068e-5,3.094478601794644e-4
nDi.2.2.2.t07255,247.35333697310773,-2.7127888611182924,0.7312176509449788,1.9839189098911417e-5,3.1893141906875604e-4
nDi.2.2.2.t03395,16.078413091087292,-3.929950125500653,1.0373903882451165,2.0239885458221926e-5,3.238381673315508e-4
nDi.2.2.2.t09671,12.103568493851984,-4.522702159907184,1.2120779639620642,2.0537092374997144e-5,3.2705078561497803e-4
nDi.2.2.2.t08002,45.191232304674905,3.968056538034043,1.0276025956966373,2.0785986140444164e-5,3.294675934036757e-4
nDi.2.2.2.t00548,149.53192520230928,-2.7294540422014903,0.7351043727352188,2.1780217751013233e-5,3.425584285491326e-4
nDi.2.2.2.t06171,39.63186884603203,4.640841969613932,1.161731804721451,2.1813862195345707e-5,3.425584285491326e-4
nDi.2.2.2.t12136,9.590902776598684,-5.915073394018234,1.7249483721267416,2.203862485693912e-5,3.4449315905408986e-4
nDi.2.2.2.t04960,17.07937664928048,-3.5810989415039987,0.9714618091740935,2.2436628326341318e-5,3.4910570313279705e-4
nDi.2.2.2.t07362,6.130010040548269,-8.048517547758587,3.121626638772348,2.2843724885265384e-5,3.538169626064848e-4
nDi.2.2.2.t04331,41.14056634339736,5.505799685127713,1.4301981073557468,2.3011320940622464e-5,3.547927301390518e-4
nDi.2.2.2.t05652,11.236103027963651,-4.704595128131911,1.3100909554465798,2.629073594951415e-5,4.0352115991290497e-4
nDi.2.2.2.t10604,46.64015419535382,2.919980689599895,0.7900537839278361,2.6680442083667696e-5,4.076579258909947e-4
nDi.2.2.2.t11000,9.267742014722707,-7.764311361338016,3.0931606368569553,2.7452800003298606e-5,4.167116622165181e-4
nDi.2.2.2.t11869,10.844976092375614,-4.6198603743268345,1.249048550397822,2.7518694674675727e-5,4.167116622165181e-4
nDi.2.2.2.t01188,17.101348023050242,-4.288767709466053,1.1744347322234665,2.849124123736594e-5,4.2952129012064564e-4
nDi.2.2.2.t12488,8.178498407481479,-5.837612545665579,1.7125240877399095,2.8842967871866223e-5,4.3289976558128423e-4
nDi.2.2.2.t00765,89.82810260424644,-2.2971103570519493,0.6218962889842813,3.079218984764645e-5,4.60119418340162e-4
nDi.2.2.2.t02711,47.44795936599874,3.050615711116362,0.8520881356529196,3.13826375025768e-5,4.668855544243005e-4
nDi.2.2.2.t12057,7.295450287469636,-7.515706914506401,3.004495237780852,3.398314621934592e-5,5.033660784979099e-4
nDi.2.2.2.t09693,16.824908123129976,-3.3745120167180764,0.9451787720952004,3.694319784547842e-5,5.448318569211426e-4
nDi.2.2.2.t02760,31.783362831446933,4.452043630723096,1.179689385292637,3.754348430777438e-5,5.512878734717346e-4
nDi.2.2.2.t03961,28.931674406898175,3.927413242953154,1.0910485935581262,4.108577742142517e-5,6.007024009201474e-4
nDi.2.2.2.t00663,9.719409507558778,-7.400624423089183,2.9889509947455637,4.1731153943346735e-5,6.060302570474058e-4
nDi.2.2.2.t10357,8.225692939398881,-7.2096785350722215,2.9106286482373416,4.180751183640713e-5,6.060302570474058e-4
nDi.2.2.2.t03361,9.118149536013451,-7.110165767426538,2.8713182068724543,4.263301622190008e-5,6.153667703178088e-4
nDi.2.2.2.t06514,21.690449933112625,-3.46848814896318,1.0410940456103268,4.305054282053041e-5,6.187603442679625e-4
nDi.2.2.2.t07557,38.1409340380299,-2.830901354551986,0.8048030991566276,4.539822953041972e-5,6.497501880471885e-4
nDi.2.2.2.t02841,9.968937126464896,-5.485001991378998,1.6962429744135061,4.6217179334986695e-5,6.558396628280215e-4
nDi.2.2.2.t06857,7.274519911407274,-5.76972051931366,1.7733885784392516,4.638300911921257e-5,6.558396628280215e-4
nDi.2.2.2.t08960,54.647006111788855,2.7003558026777355,0.7642060365612947,4.640374972839775e-5,6.558396628280215e-4
nDi.2.2.2.t01615,11.614798116853764,-4.119101912611577,1.2522449498199226,4.670170005883998e-5,6.57311894604088e-4
nDi.2.2.2.t05697,28.339896459450067,5.05688997256121,1.4818435593785162,4.919426295869681e-5,6.895328097351222e-4
nDi.2.2.2.t03957,7.365739147444594,-5.553864786955459,1.807775456495446,5.098809746902182e-5,7.117350889502964e-4
nDi.2.2.2.t01496,26.89857626765733,5.0076369569884935,1.4720154176440752,5.226669466434415e-5,7.265927389403908e-4
nDi.2.2.2.t11421,15.753694498177614,-4.662097070227884,1.363515626567024,5.321485057250372e-5,7.36754176089521e-4
nDi.2.2.2.t09153,18.24305842393937,-3.5537195641204806,1.0414724428643753,5.373193683649498e-5,7.408891453227276e-4
nDi.2.2.2.t00657,33.31523958101375,4.401620216074857,1.2222145208365434,5.720260581184312e-5,7.855515745496837e-4
nDi.2.2.2.t09265,84.53731005711418,2.450734440356132,0.7091311579805457,6.108298285616219e-5,8.354575719681538e-4
nDi.2.2.2.t08628,20.487963629783877,-3.01659421773497,0.8984046890877557,6.242629885800615e-5,8.504016294231199e-4
nDi.2.2.2.t00631,13.44620990324796,-3.494469825726263,1.0500921347747918,6.327047320188943e-5,8.584537804032356e-4
nDi.2.2.2.t00901,6.618470275736097,-7.254376980160754,3.0119346037708303,6.984247343975115e-5,9.438472904686689e-4
nDi.2.2.2.t11326,18.428567155640586,6.3673251519714285,2.6534271790900053,7.019728193103087e-5,9.448776996430822e-4
nDi.2.2.2.t06354,12.45223318376101,-4.743010386365063,1.4323002723736735,7.051860599483091e-5,9.45451033733069e-4
nDi.2.2.2.t08389,31.783703744400054,-2.7426986935017585,0.813938094895106,7.230521440442905e-5,9.655877451174146e-4
nDi.2.2.2.t10155,6.9259022643705865,-7.132554057591232,2.9978375161959963,7.618571725643382e-5,0.0010134194232698961
nDi.2.2.2.t09399,8.847602437821703,-5.631483984411959,1.9244538225653223,7.773725652294938e-5,0.0010300186489290793
nDi.2.2.2.t10110,29.2171237717634,3.949700640202803,1.1091330816581433,7.934508533204982e-5,0.001047231632086821
nDi.2.2.2.t11754,6.162989597420365,-7.354464706650376,3.0821702425043123,8.183469236246187e-5,0.0010759041724553125
nDi.2.2.2.t06849,56.08832045420788,-2.299742838846052,0.6668408691280528,8.21745424886554e-5,0.0010762009579981433
nDi.2.2.2.t06209,13.93650855574366,-3.301920221241373,1.0147761874923866,8.259917028065103e-5,0.0010776014830460319
nDi.2.2.2.t05819,66.30901481654342,-2.195460826264234,0.6379056510184814,8.871045380873675e-5,0.0011528960127173756
nDi.2.2.2.t09201,5.612804016052456,-7.3703605623758275,3.1142282798150065,9.133844103394454e-5,0.0011825190533860301
nDi.2.2.2.t04404,98.25870818525024,-2.4122490317389347,0.7144222904546254,9.631467351726552e-5,0.001242202937530664
nDi.2.2.2.t03776,25.688898254794854,4.199182384004224,1.2552508847444592,9.671021035519382e-5,0.0012425796724424903
nDi.2.2.2.t07948,206.31954923849696,-2.177355612372704,0.6394991658135711,1.0134452837462586e-4,0.001297209963195211
nDi.2.2.2.t08962,19.962305665199526,6.125929497390062,2.6205136440276706,1.0730649240947801e-4,0.001368359482153945
nDi.2.2.2.t02621,8.961006029903654,-4.394974710729644,1.356097125492016,1.0852805566440316e-4,0.001374212142683103
nDi.2.2.2.t04587,26.354808087452703,4.665004526385566,1.5372566427591696,1.0857572353746216e-4,0.001374212142683103
nDi.2.2.2.t02038,5.760113244940751,-7.0780582843848245,3.0301452048927424,1.0982202433113263e-4,0.0013848189833873675
nDi.2.2.2.t04643,30.37553125399069,3.605714505668157,1.0553413799622753,1.1175564637035792e-4,0.0014039820462527928
nDi.2.2.2.t06043,13.787232554837104,-3.3609073549807853,1.07393581230399,1.1422461195070178e-4,0.0014297043680324
nDi.2.2.2.t11640,6.402188471862379,-7.1574259950053,3.093074820030732,1.2091990191539983e-4,0.0015079423062391037
nDi.2.2.2.t06979,15.313018492798518,-3.0841662770521,0.9655843843490625,1.2138892564556281e-4,0.0015082462849441358
nDi.2.2.2.t11985,6.175675571197906,-6.999975420209696,3.0583178694072517,1.2512490711831577e-4,0.0015489915508953545
nDi.2.2.2.t06756,7.685876674336493,-4.722900438576731,1.503271729963629,1.3095280541780953e-4,0.001615243330826218
nDi.2.2.2.t09750,23.9891357291796,4.13808190261785,1.2304088879634232,1.3785782492303233e-4,0.001694252688909151
nDi.2.2.2.t04903,26.052024832465637,4.161174656177565,1.2700950076073831,1.4166790972751117e-4,0.0017347925985404977
nDi.2.2.2.t03291,11.38343713321374,-4.285209067121908,1.3577449079820134,1.4289938552096375e-4,0.0017435781139824066
nDi.2.2.2.t06471,19.363233279327012,6.053055355394593,2.646316516482139,1.4390675527655458e-4,0.0017495760354769645
nDi.2.2.2.t04344,15.228111306550204,6.007545071543201,2.624437333757511,1.4485883621122484e-4,0.0017548613301016952
nDi.2.2.2.t07756,7.601215238106403,-6.594033552509822,2.8817938061047315,1.4740036794381653e-4,0.0017792955447168174
nDi.2.2.2.t03194,7019.1754294568955,-2.677598344877843,0.8509076606417645,1.5012321858725935e-4,0.0018057374377588075
nDi.2.2.2.t10240,10.522058024471908,-3.939176935496502,1.295064293478453,1.5135940581566682e-4,0.00181417351422877
nDi.2.2.2.t05937,24.706847400307666,4.105627331237817,1.2257870879663768,1.5763987711532793e-4,0.001882797405546452
nDi.2.2.2.t06474,26.137338267791684,4.809588374709904,1.4927037743170763,1.620745920740797e-4,0.0019229592996923455
nDi.2.2.2.t09268,14.318189193636567,6.01817277112543,2.6550267061490755,1.6213630887736168e-4,0.0019229592996923455
nDi.2.2.2.t06020,5.717243588464856,-6.758325425318956,2.986890286193668,1.630802108520616e-4,0.001927414896202763
nDi.2.2.2.t07809,10.164324072544451,-4.068411622551117,1.2694647935544594,1.665835789506629e-4,0.001961984374307808
nDi.2.2.2.t07878,8.798649267162242,-4.292171170860147,1.337196470545011,1.6935081441784167e-4,0.0019876746107450483
nDi.2.2.2.t09118,32.29290794299234,-2.7497535003530493,0.8766895957890841,1.7109174744949567e-4,0.00200118347361617
nDi.2.2.2.t06493,36.72197417044912,2.8045061399536224,0.8618843066953548,1.7633877242365786e-4,0.0020554677527871044
nDi.2.2.2.t05698,20.851636516002813,4.032692846592162,1.294929908868956,1.7852205204076395e-4,0.0020737904127475044
nDi.2.2.2.t07917,8.291494382616648,-4.456185155627599,1.4864506706896514,1.8106165921079966e-4,0.0020961131332526703
nDi.2.2.2.t00874,25.878092071898557,4.732302939906346,1.4968928208471957,1.8431366999617675e-4,0.0021265032946497673
nDi.2.2.2.t09241,4.617519773117574,-7.0528587131995675,3.1391529324757883,1.8660896361269848e-4,0.002145686795167028
nDi.2.2.2.t03895,9.518009454742046,-3.637611185533989,1.1918618540380168,1.9051112403765198e-4,0.0021831545024855255
nDi.2.2.2.t08182,18.11588449513332,5.851725126850044,2.610283081502912,1.912175435703544e-4,0.0021838717434028354
nDi.2.2.2.t07445,5.893692809697827,-6.674249122015455,3.004408878890578,1.973382834397106e-4,0.0022462129443875786
nDi.2.2.2.t05793,16.852499453125965,-2.734846531547946,0.8841547700173406,2.048893973992321e-4,0.0023243639999270746
nDi.2.2.2.t09079,28.08331589260271,3.442244808755672,1.0641515633293617,2.075455504397577e-4,0.0023466483569721938
nDi.2.2.2.t03964,23.51498483890961,3.979034300564662,1.2357421771901624,2.1257662822349947e-4,0.0023955479167246186
nDi.2.2.2.t09204,18.82055258262248,4.467228561054069,1.5192958809011015,2.2258902719961705e-4,0.002500072782321527
nDi.2.2.2.t08520,25.91403719637439,3.4323803897289973,1.0759857514606581,2.3382154114710515e-4,0.0026175665596402005
nDi.2.2.2.t01840,9.929708422987252,-3.6204135230878163,1.230931608211737,2.402526120405041e-4,0.002667734364028896
nDi.2.2.2.t06097,15.424360341856614,5.7626131036729715,2.617138021410143,2.406623571323238e-4,0.002667734364028896
nDi.2.2.2.t08097,79.92398858196971,-2.0805946975971645,0.6538794935648764,2.4047354127716531e-4,0.002667734364028896
nDi.2.2.2.t05598,24.08681618100243,3.1894062518192383,1.0123167745547543,2.4823786401331847e-4,0.002742745390010346
nDi.2.2.2.t01425,36.99788178114551,2.5207454730256598,0.8008746441018791,2.5271204015858814e-4,0.002774107573520812
nDi.2.2.2.t08233,6.791612152033029,-5.085532797759482,1.7930530502836803,2.5189468652967237e-4,0.002774107573520812
nDi.2.2.2.t09309,26.630744783193226,3.1161705878235355,1.0178618211486725,2.5601567461657236e-4,0.002801306994514237
nDi.2.2.2.t10512,15.073038210386128,-2.7990605980055454,0.9253615991396515,2.5956770323179673e-4,0.002831040673190529
nDi.2.2.2.t03599,26.363353234449484,-2.3636257123989552,0.769197617353268,2.666359059919369e-4,0.0028988108753995193
nDi.2.2.2.t04499,9.315921442724289,-4.379608087164902,1.5098564485330697,2.6839548145032903e-4,0.002907234733344292
nDi.2.2.2.t04745,8.979162756374834,-3.6178905813148705,1.255235590408422,2.691249134051025e-4,0.002907234733344292
nDi.2.2.2.t04339,14.38934557341634,5.6743866926285715,2.603558527849593,2.753022208267654e-4,0.002964524231886947
nDi.2.2.2.t04373,20.439789133337815,-2.8996745394527763,0.9987850256889234,2.8097841634134885e-4,0.003016072114651441
nDi.2.2.2.t04957,9.614990456686021,-4.82899296950883,1.8018657415658277,2.8395808163122696e-4,0.003038441050136031
nDi.2.2.2.t01557,7.037645986632376,-4.447406967328361,1.5328302803171987,2.8891751191741094e-4,0.0030817867937857164
nDi.2.2.2.t02339,14.15633193631198,5.633073983149296,2.59761365987039,2.956478801919532e-4,0.0031436915661790135
nDi.2.2.2.t05101,40.352059507510525,2.8003620631995005,0.8913063593707219,2.982463335958961e-4,0.0031614111361164985
nDi.2.2.2.t07893,17.081554600220528,-3.3413461380899045,1.1404157225900133,3.012615241817384e-4,0.003183423956462482
nDi.2.2.2.t11375,7.074592112150053,-4.999204352636323,1.8328152571548866,3.0343956172280235e-4,0.0031964813458501416
nDi.2.2.2.t08575,25.36376216455021,3.776574695854099,1.2491105928443431,3.077416218568045e-4,0.0032317634097160397
nDi.2.2.2.t04848,7.6369107259204085,-4.7006893210948455,1.7672014985833582,3.15678717384372e-4,0.0033048833622462653
nDi.2.2.2.t05320,32.70786508943691,2.689081867818352,0.8721635072439624,3.2257217013059253e-4,0.003366660926409138
nDi.2.2.2.t10494,6.956734997789647,-4.202959739488413,1.6501536051190322,3.323339057774604e-4,0.0034579037067397106
nDi.2.2.2.t07605,15.966179102397406,4.324195203497431,1.5509983485447578,3.358352629107231e-4,0.0034836489657283573
nDi.2.2.2.t09098,9.699729978816512,-4.086717651051415,1.6648872372872674,3.4056619181863405e-4,0.003521952812953679
nDi.2.2.2.t01742,20.740877727393897,-2.461123771207939,0.8296612497915733,3.4670542972927993e-4,0.0035745435186678343
nDi.2.2.2.t11501,7.367740029138476,-4.138613087899855,1.6461388913747448,3.562657777624366e-4,0.00366198035809147
nDi.2.2.2.t03518,14.814774028095153,-2.8041906311015468,0.950435655642876,3.586482022574569e-4,0.0036728753517045777
nDi.2.2.2.t10627,6.185702369515432,-5.011648483685833,1.8209051577856425,3.594913374899528e-4,0.0036728753517045777
nDi.2.2.2.t00004,24.401599932055525,3.3532339676405702,1.1132624309526946,3.6261893567617954e-4,0.0036937039934342372
nDi.2.2.2.t08896,10.272253437529598,-3.153079246444503,1.1118711047386975,3.679589418588857e-4,0.003736876439477067
nDi.2.2.2.t09300,25.716082856857128,3.016506462224122,1.0244648514228543,3.7086187498081675e-4,0.003755114865477404
nDi.2.2.2.t03801,33.10325632259657,2.431298144735031,0.8106257008231955,3.7562153379629875e-4,0.0037919888173721587
nDi.2.2.2.t07855,21.05638269752636,-2.634101620270102,0.9074047966433852,3.8093997209043577e-4,0.0038342682057292523
nDi.2.2.2.t11530,6.997215208759126,-4.444173462085042,2.014698470040975,3.8414422030132753e-4,0.003855080459355334
nDi.2.2.2.t02805,24.02714861778213,-2.5411574955737986,0.8544649684280134,3.876492756071334e-4,0.0038745834505419137
nDi.2.2.2.t10610,13.549535105570314,-2.9576415998869896,1.0461786288454937,3.8837216190573426e-4,0.0038745834505419137
nDi.2.2.2.t00245,22.616844640960146,3.7130720453835413,1.2301017276840203,3.982314260495743e-4,0.003961293246803977
nDi.2.2.2.t05700,22.80333849986004,3.0448190191488584,1.0237818560996714,4.346308763137024e-4,0.0043107249487019834
nDi.2.2.2.t01495,23.373813926674995,3.6426311065610943,1.2360933615788021,4.437980260534797e-4,0.004388813132283974
nDi.2.2.2.t01683,14.7357113389775,5.554243391447469,2.6773929795043054,4.512127560390207e-4,0.004449167640942902
nDi.2.2.2.t02576,15.588433543932062,5.356925876703226,2.5661803013222206,4.625472731427366e-4,0.004547711160870037
nDi.2.2.2.t08335,22.63597557443272,3.424146604513147,1.1312303254939846,4.7074950399086365e-4,0.004614977796349739
nDi.2.2.2.t01474,42.752984403914176,2.247471056703249,0.7571030133859592,4.7611349851298975e-4,0.0046541123543402335
nDi.2.2.2.t09745,4.539142562998373,-6.257191763622808,3.0575780593962705,4.816215260427195e-4,0.0046944259090140935
nDi.2.2.2.t03217,9.936559896912836,-3.4132446146163176,1.2007461558969819,4.929291697575098e-4,0.004777187839478496
nDi.2.2.2.t11589,6.550510731733621,-4.349579242616251,1.6528659598612323,4.922614105319149e-4,0.004777187839478496
nDi.2.2.2.t06821,11.013079046117454,5.429149457107364,2.6269234204255865,4.970495951682626e-4,0.004803396657580475
nDi.2.2.2.t04284,16.129954054115846,4.192261884489401,1.5399427599857394,5.108953787692229e-4,0.004923173649957967
nDi.2.2.2.t08478,20.0051098033421,3.2481331198168184,1.1050254038947342,5.149769718948884e-4,0.004948447276678361
nDi.2.2.2.t09393,5.584897298762364,-4.832710488375787,1.8380601971931552,5.17883662916786e-4,0.004962320295519035
nDi.2.2.2.t08249,4.828622344920747,-6.350342655806522,3.140552211276068,5.267737155189016e-4,0.0050332857550425755
nDi.2.2.2.t08161,20.44951979551458,3.6183006340492736,1.2225039897855847,5.362485922717727e-4,0.005109424789286104
nDi.2.2.2.t06654,10.30229761334597,5.392083354303999,2.633357442976474,5.38056380292513e-4,0.005112289193143428
nDi.2.2.2.t03664,22.40389703534253,2.992890492909013,1.0387121632911074,5.702975594858923e-4,0.0054034897256316945
nDi.2.2.2.t06953,12.170005569403225,-2.777107089949887,1.0261187969729684,5.77685347570651e-4,0.005458241501280357
nDi.2.2.2.t00476,7.8774478930465115,-3.7943184969043897,1.5218147460953895,5.835763810614924e-4,0.005498586346001618
nDi.2.2.2.t03856,29.271815466272773,2.5302402062892035,0.8963519628729101,5.864397228157301e-4,0.0055102591129943404
nDi.2.2.2.t11175,11.302228668867293,5.2955832666983,2.6041088255661213,5.885191281646655e-4,0.005514521775509794
nDi.2.2.2.t08304,4.9954980234948305,-4.84587264517462,1.9017512284663427,5.963619816293968e-4,0.005572616643765603
nDi.2.2.2.t03982,9.48476707976262,5.350293462137657,2.642911515311809,5.986315577992095e-4,0.00557845671443659
nDi.2.2.2.t07019,16.12610242799097,3.5894821786069175,1.3321353610330748,6.209263345834218e-4,0.005770361991525936
nDi.2.2.2.t05843,13.571041705962255,5.22168726166841,2.577263684110798,6.24750420340245e-4,0.005790036682497571
nDi.2.2.2.t06665,20.314655782552816,-2.5200042387940975,0.9024655255909522,6.453096754308274e-4,0.005964279071011898
nDi.2.2.2.t04358,10.586411559108749,5.3378048498122235,2.659104993026017,6.476896569653913e-4,0.005970009012028824
nDi.2.2.2.t08810,46.82401222159309,2.0924887541119617,0.7275933936891766,6.796154621166653e-4,0.0062473052777770426
nDi.2.2.2.t00630,6.999076085569903,-4.278155982730643,1.6665423015906318,6.83217731271513e-4,0.006263444714791817
nDi.2.2.2.t05855,102.17120501056527,-1.867436246300292,0.6433313150676215,7.034802138695086e-4,0.006405637283438356
nDi.2.2.2.t10482,4.144094495678802,-6.091269148726765,3.1078036555533006,7.043199502534901e-4,0.006405637283438356
nDi.2.2.2.t12821,3.9234401648769044,-6.235538258922491,3.1788178933169817,7.043934866516824e-4,0.006405637283438356
nDi.2.2.2.t06036,37.42780323869725,2.3512667760363537,0.8602082277598246,7.188358087424687e-4,0.006502109502011877
nDi.2.2.2.t09319,20.82366150486122,3.1795883822857727,1.1356662166136378,7.178413846646801e-4,0.006502109502011877
nDi.2.2.2.t06444,9.990239600500239,5.167285307126714,2.610804986475994,7.60469750368344e-4,0.006857207228596034
nDi.2.2.2.t11473,23.905981660443967,-2.262844207925452,0.8167042379191406,7.621365345461984e-4,0.006857207228596034
nDi.2.2.2.t05000,13.151597960292982,5.073968475076332,2.558108127115136,7.745042986363271e-4,0.006950049156016988
nDi.2.2.2.t01462,22.719844484081214,2.748268224375197,1.0188894531610644,7.843721663830483e-4,0.007020027409950659
nDi.2.2.2.t07683,22.20247299913779,2.720247721892839,0.9737504406055795,7.91729472439387e-4,0.00706722729082737
nDi.2.2.2.t02030,19.457055479758502,2.8378769482901904,1.03346804839548,7.963378421444793e-4,0.007089705933212793
nDi.2.2.2.t07406,5.761758183043897,-4.621292912136709,1.9651849551250495,8.108399211593696e-4,0.0071999188810800575
nDi.2.2.2.t08353,21.676832066029814,3.053100886258111,1.0939112492779224,8.376616028153546e-4,0.007418663594646691
nDi.2.2.2.t03265,5.496173925906285,-4.414784117071295,1.8838750766632424,8.39892755141253e-4,0.007419052670414402
nDi.2.2.2.t00414,7.142532404588854,-3.541683522676376,1.389442025169392,8.431790750509468e-4,0.007428736162526783
nDi.2.2.2.t06611,6.1722702728411045,-4.421094004356604,1.8672304503617099,8.586179070021726e-4,0.007545160467749661
nDi.2.2.2.t01012,50.703099138312574,-2.104600069353381,0.776214946446172,8.619677534088573e-4,0.007555024856751535
nDi.2.2.2.t06717,20.78957078463155,3.038577900421773,1.0871033498801355,8.657684662321081e-4,0.007568779993451831
nDi.2.2.2.t02120,13.409607143160802,-2.590119489777152,1.0096123638557606,8.704013337389919e-4,0.00757025980523759
nDi.2.2.2.t04214,13.027252052410043,4.993273679126558,2.5467816555187994,8.687237441589628e-4,0.00757025980523759
nDi.2.2.2.t06782,17.5838062488037,-2.3155830171154164,0.8735026419208259,9.028500144898292e-4,0.00783239705664834
nDi.2.2.2.t00610,15.780607933036793,3.4551135818497722,1.3169392819308647,9.149110834111704e-4,0.007916781619721149
nDi.2.2.2.t06313,9.896777313305465,5.078274834063438,2.6275143313410005,9.265422823454452e-4,0.007997026518360689
nDi.2.2.2.t06290,23.558614428597036,3.0241601782181915,1.1483629724761046,9.300606303815591e-4,0.008007019437193523
nDi.2.2.2.t08824,203.39535811418693,-1.8254404060035334,0.6483089428786907,9.524818199257402e-4,0.00817928691946357
nDi.2.2.2.t02715,20.892524459570783,3.336106256348154,1.2917335308327729,9.731508802098403e-4,0.008335676226443885
nDi.2.2.2.t02702,3.6434964858089716,-6.013896296609417,3.217475193814014,9.996666888063628e-4,0.00851977238299292
nDi.2.2.2.t09231,3.643496485808971,-6.013896296609416,3.21747519381433,9.996666888063568e-4,0.00851977238299292
nDi.2.2.2.t09577,8.807665211260026,-4.347308701385653,1.9474988306485157,0.0010496946581942234,0.008923720001490741
nDi.2.2.2.t01708,34.42357276833383,2.8059115510279202,1.0947875046699445,0.0010598239298558398,0.008987306925177522
nDi.2.2.2.t11008,16.236974321577346,3.714032237135533,1.6065479807866467,0.0010643726900780271,0.009003371981906904
nDi.2.2.2.t09038,12.909609114153444,4.834254896915719,2.537973638677648,0.001121359346335335,0.009461818166093174
nDi.2.2.2.t03392,21.45925372176082,2.6250496216105397,0.9820306458972563,0.0011634607949285317,0.009792702273939403
nDi.2.2.2.t02395,23.194150464123815,2.716981228278239,1.0588824890648652,0.0011664747028155378,0.009793767801857188
nDi.2.2.2.t01789,31.48567611075831,-2.308189755303741,0.9150782442550198,0.0011759697118142608,0.009849109290059192
nDi.2.2.2.t03797,14.033834545984005,3.3261088259289977,1.3509977458809692,0.0012070908244567664,0.010084857331422049
nDi.2.2.2.t03591,24.14868777783326,2.4804865857470513,0.9302046736878404,0.0012407699032162493,0.010340765385035668
nDi.2.2.2.t02040,5.818256862680228,-4.012196400189107,1.913446091685579,0.0012506263902220902,0.01038850614908257
nDi.2.2.2.t05329,11.996994065150217,-2.8675316659403154,1.2133415119670303,0.0012526235303581283,0.01038850614908257
nDi.2.2.2.t05511,15.639199984154235,3.2960682489309643,1.3171262062767806,0.0012750059680605129,0.010548342057710389
nDi.2.2.2.t01113,6.161113018860615,-3.96905614629475,1.6731593525573591,0.0013051143418776685,0.01077116264634806
nDi.2.2.2.t01223,20.756760963095047,-2.329775409401842,0.9091719487630212,0.0013276221309199742,0.010930325893399399
nDi.2.2.2.t07220,18.919373954021896,3.134217889045055,1.1987507451016761,0.0013388242429799532,0.01099586400045521
nDi.2.2.2.t06486,48.98142065845037,-1.892820154404635,0.7079459469948076,0.001387816751330067,0.01137071116065601
nDi.2.2.2.t03992,7.435219886920304,-3.2519386528183034,1.4297776670708306,0.0013956997545640998,0.011371190214763368
nDi.2.2.2.t06652,8.724111606368997,4.807821368159861,2.617828041858365,0.0013979322876050487,0.011371190214763368
nDi.2.2.2.t08198,16.707626827262356,3.9075148805019384,1.4870286634103695,0.0013961960706467896,0.011371190214763368
nDi.2.2.2.t07496,9.496851900804824,4.775347143727915,2.59647936157578,0.0014088452759930968,0.011432543483656899
nDi.2.2.2.t03559,11.060214694104053,-2.6683216019852347,1.1273246434758166,0.0014123073985626538,0.011433285670464251
nDi.2.2.2.t08331,9.84096069179245,4.762586475364034,2.5945730617118223,0.001417667707848881,0.011449354440531915
nDi.2.2.2.t08629,14.936289849732951,4.063886382508484,1.5303373547537353,0.0014496904035808294,0.01168016591198616
nDi.2.2.2.t05489,12.590761978729672,-2.96014142552984,1.1949916720114937,0.0014696542635121098,0.011812955596760844
nDi.2.2.2.t05695,13.49894601955407,3.749208084268515,1.5507042082966458,0.0014965489182476664,0.011990710979688046
nDi.2.2.2.t06476,35.16968799973786,2.074855313199822,0.786751657176592,0.0014988388724610057,0.011990710979688046
nDi.2.2.2.t09375,9.006109007195498,4.7371002944036364,2.6080308840344717,0.0015283118995163068,0.012197726972139559
nDi.2.2.2.t00776,12.186751574010236,3.263913072397901,1.4353209500001938,0.0015488542013896438,0.012332660683365427
nDi.2.2.2.t05496,20.577332991866122,2.9015906190599314,1.150383337875353,0.0015562758419846018,0.012362734557404612
nDi.2.2.2.t03348,12.964171705955028,-2.432560868454452,0.9894407293396764,0.0015629401125936589,0.01238666556522825
nDi.2.2.2.t10420,5.218562394956796,-5.225590057506073,2.938740479767918,0.001574451677852683,0.012448811401576458
nDi.2.2.2.t04191,18.26970724987977,3.1862862704559305,1.2853053822204998,0.0015873483765845588,0.01251504965745712
nDi.2.2.2.t05965,5.3333042738612635,-3.8712597359484495,2.0109232706426146,0.0015902082554139208,0.01251504965745712
nDi.2.2.2.t03413,7.728446223573004,4.6868292713410815,2.6319654508020944,0.0017085144792600524,0.013415002577893746
nDi.2.2.2.t01870,36.59189951334507,-1.8023045713837973,0.6867463261926615,0.001743749652534032,0.013660043467425949
nDi.2.2.2.t00954,7.118053730169596,-3.0972757125453305,1.3694943583049985,0.0017621180055265274,0.013740469597117198
nDi.2.2.2.t00861,10.260553003526507,4.598619065634454,2.571323706622529,0.0017583248274637261,0.013740469597117198
nDi.2.2.2.t09462,10.371642662299204,4.632328023511935,2.616647525145165,0.001807052789125642,0.01405853913007839
nDi.2.2.2.t07784,11.512002826931914,-2.4374157785613253,1.049192004274892,0.0018121077351866428,0.014065605120716458
nDi.2.2.2.t00996,13.770549917665964,3.66998708989556,1.5456859608014313,0.0018184204147468914,0.01408237910233209
nDi.2.2.2.t06299,46.250849474119185,2.2460784261481286,0.8640236777404227,0.0018282993982580407,0.014126632252599714
nDi.2.2.2.t03400,27.5662105961871,2.426929966022422,1.0533392681274376,0.0018432980497434432,0.01421015223802218
nDi.2.2.2.t04728,9.615578570052927,4.581452349890609,2.600929169911681,0.001881129223062322,0.014468912300742395
nDi.2.2.2.t01625,29.382637659749943,2.253849191619399,0.9276099109860207,0.0019104087228267953,0.014660874180607443
nDi.2.2.2.t10151,8.837946647018262,4.556855857005299,2.5943545026099546,0.0019370226873927576,0.01483155971926915
nDi.2.2.2.t04816,3.7177371585551633,-5.267061212623216,3.1383871118753484,0.0019623852984898067,0.014958226814556011
nDi.2.2.2.t07144,7.677623290071014,-3.0476472495110736,1.4402984727588721,0.00195886534950868,0.014958226814556011
nDi.2.2.2.t08948,8.872628625019011,4.534236329674229,2.5857878300829857,0.00197965561356588,0.015056035518420323
nDi.2.2.2.t04018,20.74803788859078,2.4998429982340347,1.0064371712985893,0.0019944205184061455,0.015134394627368335
nDi.2.2.2.t01927,7.650771532485242,-2.898156996985573,1.3018233461898385,0.0020265343156849265,0.0153437598187573
nDi.2.2.2.t06500,29.950847912848545,2.2093153432057404,0.9108664049951407,0.0020415563015878367,0.015423071213777154
nDi.2.2.2.t05085,13.369225882405054,-2.2444009471304063,0.9322672156522378,0.0020556401737347367,0.015494958820684948
nDi.2.2.2.t00648,22.480608372304438,2.3960635600755307,1.0094872893848679,0.002081760414431025,0.015587927871412884
nDi.2.2.2.t04026,16.84942171248137,3.730231678643364,1.5017569311153458,0.0020778027193442228,0.015587927871412884
nDi.2.2.2.t10895,6.53410370872446,-3.3960707205429537,1.535051537731951,0.00207993980840121,0.015587927871412884
nDi.2.2.2.t02403,10.167558459430634,4.497611756943032,2.5852726425000494,0.0020868497101188743,0.01559161721745203
nDi.2.2.2.t07795,21.194000249195245,2.4668683765265706,1.0070275661189236,0.002097173008526769,0.01563430954928088
nDi.2.2.2.t07087,9.491072920342571,4.503882682824943,2.603183820967812,0.002110376916766997,0.015698242328231696
nDi.2.2.2.t02354,36.10547857964623,-1.7667133633175611,0.6905776144163918,0.002128860252862848,0.015801080914027966
nDi.2.2.2.t01594,7.038367344523102,-2.9183772294062167,1.3084561160807655,0.00213675341118097,0.01582503836403024
nDi.2.2.2.t06019,23.43980802879904,2.2902193345445734,0.9357313517879577,0.002152393450741857,0.01590614070787882
nDi.2.2.2.t02466,10.76430056316892,-2.446715035851128,1.0726545054697556,0.002208497791518423,0.016237240441573045
nDi.2.2.2.t08895,8.310287828625974,4.489519707377352,2.6182067700546785,0.0022115581025963288,0.016237240441573045
nDi.2.2.2.t09459,18.597722360872876,2.7051458805751842,1.1735223010385303,0.0022041046190406327,0.016237240441573045
nDi.2.2.2.t03067,7.828711336947888,-2.8135801640033393,1.2399041391156893,0.0022232306675256867,0.016287685581527277
nDi.2.2.2.t03737,32.037107444838,2.034617698017342,0.8091920163415156,0.002237111318416238,0.01635405515531871
nDi.2.2.2.t00068,8.740077519396282,4.461176644880919,2.6092957854145875,0.002264140712609083,0.016469856413174146
nDi.2.2.2.t06472,12.769141270288246,3.2214771735790406,1.7185339199776257,0.0022632776585222647,0.016469856413174146
nDi.2.2.2.t08369,9.271285040973352,4.4256170216802895,2.574570900935539,0.0022675185568845303,0.016469856413174146
nDi.2.2.2.t04051,70014.94405040731,-1.7762585080887145,0.7213516049603896,0.002293331729483131,0.016621754757279446
nDi.2.2.2.t00883,21.71110741951996,2.183970266401181,0.8974706451733471,0.0023519558619930466,0.017010307641536063
nDi.2.2.2.t04333,20.427626117869238,2.405906326729338,0.9922144801175055,0.002382162795157163,0.017192119576964034
nDi.2.2.2.t08013,8.183690007922339,-2.695246216185852,1.2018774285192249,0.0023910524281980875,0.017219638718573065
nDi.2.2.2.t01438,14.388111671254125,3.0831969276036553,1.315778589972012,0.0024241739456073576,0.017421182253178298
nDi.2.2.2.t00467,15.899713612453011,3.8325849975699158,1.565769504770739,0.002453919170481471,0.017478094669815872
nDi.2.2.2.t01206,14.076190172093694,3.064224023271984,1.2711420971357288,0.0024578570629428574,0.017478094669815872
nDi.2.2.2.t03196,41.25992718182282,-2.168444017680851,0.9226584794903954,0.0024440574424214904,0.017478094669815872
nDi.2.2.2.t06276,5.618539179762253,-3.7193135005982034,1.8999373689429964,0.002449683057367013,0.017478094669815872
nDi.2.2.2.t09490,6.833444386478371,4.468517698024193,2.6725163763016346,0.0024513971646550553,0.017478094669815872
nDi.2.2.2.t06387,5.84633446667096,-3.383439052104568,1.601633077530983,0.002475871454007875,0.01756936395814793
nDi.2.2.2.t07011,18.743472633825363,-2.2075285956846513,0.9287751699740318,0.002530466779697148,0.01791929711217688
nDi.2.2.2.t12622,6.6928479539352965,-3.1697193144159046,1.5002772999860399,0.0026023763902264067,0.018390126490933273
nDi.2.2.2.t04602,8.97416786861492,4.314279309476518,2.566904377736362,0.0026285504990442893,0.018536472542116902
nDi.2.2.2.t04060,14.566469315387923,3.339955052795912,1.5554441179575307,0.002636138905288197,0.01855141735837669
nDi.2.2.2.t04124,6.488867469598725,-3.570717630610022,1.6626149544744109,0.0026542548028900804,0.018602281574685912
nDi.2.2.2.t04162,8.103561332346015,4.329823289012759,2.592815186477593,0.0026543349888407965,0.018602281574685912
nDi.2.2.2.t09466,19.85627136675303,-1.941727459680067,0.8212963430968592,0.002662777235019888,0.018622969858118475
nDi.2.2.2.t06776,8.707944248584546,4.308106150080772,2.574610305516771,0.002677588514542334,0.01862919804044764
nDi.2.2.2.t08028,18.726237122131277,2.4982654067236703,1.0747371044829215,0.002680144057705911,0.01862919804044764
nDi.2.2.2.t10345,7.156263713117604,4.39175453241737,2.6550368302806353,0.0026770992699166004,0.01862919804044764
nDi.2.2.2.t01520,20.8767686574319,2.349468326758275,1.0127370497758748,0.0027229374904470484,0.018887942674021243
nDi.2.2.2.t06784,11.101271757271023,-2.2924450351048624,1.0059769677519783,0.002730898859570742,0.018904508023803994
nDi.2.2.2.t04888,5.000215940764964,-3.5080138132741214,1.7779015510601524,0.0027627881974325416,0.01908630868776208
nDi.2.2.2.t00529,5.851738555911397,-3.02232761311628,1.4933621068577703,0.002777716154978734,0.01915043332863387
nDi.2.2.2.t01097,8.061597581329476,4.2996111352360336,2.601919186632089,0.002814313155000579,0.019363387873756518
nDi.2.2.2.t00447,15.656099075481109,-2.0421939390792723,0.8711550089351252,0.0028331698849909763,0.01942054186245509
nDi.2.2.2.t02078,10.383184777988898,3.450955250237409,1.67189897879867,0.002834070820140115,0.01942054186245509
nDi.2.2.2.t05870,12.410438754176202,-2.275107235401524,1.0004147236290688,0.0028602104858906205,0.01952079269243659
nDi.2.2.2.t10696,6.464367345163904,4.367637428184301,2.684480081961231,0.0028593768706860253,0.01952079269243659
nDi.2.2.2.t03949,22.0977634857834,2.1460094890520196,0.9017712883944861,0.00289698215068542,0.01973205513077298
nDi.2.2.2.t08015,7.292030372708728,4.301661408258421,2.633828855227012,0.0029270989839707637,0.019897233975208078
nDi.2.2.2.t03750,15.40869596576764,2.6668689495840963,1.1456786066722011,0.002949391906054038,0.01995387594566487
nDi.2.2.2.t05011,8.25422713781735,-2.6030159134941004,1.218672112984873,0.0029483515462890783,0.01995387594566487
nDi.2.2.2.t09330,7.801225508100924,4.26138813920342,2.603210392489971,0.0029530795179020532,0.01995387594566487
nDi.2.2.2.t04789,15.949610651220576,2.642232384661586,1.1429544813692152,0.0031284921024278367,0.021097107776213164
nDi.2.2.2.t03154,16.001392498230476,3.729498830117945,1.4850442391331913,0.0031608188619839917,0.021272812658431943
nDi.2.2.2.t03638,36.16312114187383,2.1485522199367857,1.0133958932295992,0.0031761498189353666,0.021291502343535107
nDi.2.2.2.t07226,9.189099088758386,-2.418146215643627,1.1446780687218632,0.003174118322926825,0.021291502343535107
nDi.2.2.2.t08576,65.53285842428262,1.6942512753284715,0.6906137571077465,0.0032295029833884483,0.021606457829691554
nDi.2.2.2.t03124,13.673893098219544,3.5781012668340337,1.5095371401206943,0.0032694130735858216,0.021830411703943123
nDi.2.2.2.t03391,15.395147172409077,2.61491060211471,1.1363357419562046,0.0032985549880279724,0.0219502756432388
nDi.2.2.2.t05458,14.331886493517239,2.922889271323542,1.2820695507959634,0.003300306774189796,0.0219502756432388
nDi.2.2.2.t09562,14.400799310111355,2.6250841972960295,1.1433004444550934,0.003317445728792904,0.02200707571379331
nDi.2.2.2.t10246,4.401731770807377,-4.08572005038974,2.253419079206251,0.00332182274925182,0.02200707571379331
nDi.2.2.2.t09406,53.67661374593159,-2.007700093040636,0.8749556475025678,0.0033405686916140767,0.022088126709463834
nDi.2.2.2.t10119,4.302503983338467,-3.5273593635814184,1.8688796615112517,0.0033785164363626615,0.022295579284323245
nDi.2.2.2.t01864,8.629824179056985,4.122275431046257,2.569297262724742,0.0034049712349775033,0.022426528988434353
nDi.2.2.2.t00305,22.079152014692752,2.1236242836077874,0.9184635712758422,0.0034662760628464606,0.022484828072610104
nDi.2.2.2.t02854,13.469624314858178,-2.1230421805940134,0.966270189318921,0.0034397582062515894,0.022484828072610104
nDi.2.2.2.t02864,14.669233175337256,3.5615118188425283,1.4907803686881915,0.00342336190613161,0.022484828072610104
nDi.2.2.2.t03101,58.16902666545619,1.8875509964132582,0.7973125096360789,0.00343522120412727,0.022484828072610104
nDi.2.2.2.t06140,8.748969788860776,-2.392168215280681,1.1230459134867135,0.00347069660503031,0.022484828072610104
nDi.2.2.2.t06194,4.810051673180831,-3.458364919769625,1.728672349465939,0.003443910767698645,0.022484828072610104
nDi.2.2.2.t07077,11.715650023413941,2.913390562052238,1.3885896457049893,0.003473481695179155,0.022484828072610104
nDi.2.2.2.t07584,15.67457483127748,2.441536726131776,1.085516873836463,0.0034498727043583252,0.022484828072610104
nDi.2.2.2.t08344,7.800939048816719,4.126674504340796,2.5917405822243658,0.0034634846329621907,0.022484828072610104
nDi.2.2.2.t01887,4.397015533525869,-3.8409644563613967,2.270976314425145,0.003516430828020837,0.022719492130755577
nDi.2.2.2.t09278,9.890298558449397,4.052096359266715,2.5246155534390615,0.003548062817014073,0.022880283413140183
nDi.2.2.2.t07511,22.823048515260687,2.2417047958499654,1.0189032274593255,0.0036069549886507406,0.02321592281120173
nDi.2.2.2.t05880,24.068095814256857,2.201140983214741,1.0173273317605551,0.0036201846720930043,0.023256943954052027
nDi.2.2.2.t01098,38.464626230885635,-2.186491218572883,1.019648651824653,0.00362741507826227,0.023259342051919887
nDi.2.2.2.t05917,9.046863555826203,-2.343387421777727,1.111756757247685,0.0036769351930613127,0.023532385235592403
nDi.2.2.2.t03325,8.114732271960328,4.066608673233616,2.5781551442573702,0.003696234147448277,0.02361134882889747
nDi.2.2.2.t06705,6.84673896661857,-2.6706148316350986,1.304630012598946,0.003743250768611977,0.023866741742728997
nDi.2.2.2.t04187,7.183723639931296,4.087615103951428,2.621317198800481,0.003762762900805739,0.02394613838561551
nDi.2.2.2.t04654,26.217958457525427,2.051941491408413,0.8857122341739724,0.0037721871584590833,0.02396115887920077
nDi.2.2.2.t07633,11.284348868311321,3.2964166099211205,1.5710658087851066,0.0037935661497457912,0.024051918467173316
nDi.2.2.2.t04655,9.058881528557844,4.029547924179275,2.5593242545792165,0.0038028312424400745,0.024065678310367038
nDi.2.2.2.t00417,6.709636537925563,4.077951908369255,2.649635568785643,0.0038963753849469993,0.024611741723911028
nDi.2.2.2.t04899,25.20269720352625,1.993110195086371,0.8907306657385359,0.003918358583344617,0.024704595380492453
nDi.2.2.2.t01924,14.149265428709498,2.975432843675087,1.3487320113717574,0.003938872041026493,0.024787855219224237
nDi.2.2.2.t07775,7.101809740033541,4.07525972998491,2.652157099406141,0.003948240564809756,0.024800799992286467
nDi.2.2.2.t09117,11.339191831749838,-2.3332935408759434,1.1382802400550216,0.004003517803029921,0.02510153860975507
nDi.2.2.2.t05680,22.151820971784897,-2.0185509582223315,0.9055462519215521,0.004025371668416934,0.02519199391009269
nDi.2.2.2.t02261,13.252292849523299,2.860263122427706,1.3596604146390983,0.004063076107006055,0.025381131040450346
nDi.2.2.2.t07441,7.339366644950845,4.01626930701908,2.617104714005364,0.004074618232081215,0.02539819826576294
nDi.2.2.2.t08882,9.461563155198874,3.2157566944900062,1.6628821690760982,0.004080783624658255,0.02539819826576294
nDi.2.2.2.t03162,9.54945968013391,-2.241448134059796,1.0801031538559964,0.004101008696519354,0.02547732875200302
nDi.2.2.2.t08332,6.530691871731069,4.042354437221695,2.6835641684875737,0.004148882860389701,0.025727624611411086
nDi.2.2.2.t04520,14.490237809146471,3.6183044901051056,1.5013057603574518,0.0041995233749888535,0.025994130087522247
nDi.2.2.2.t07170,11.048816241623634,3.268443966187673,1.5739675253885261,0.00423913652000674,0.026191532014322155
nDi.2.2.2.t03944,8.132864716176604,-2.4109376807681846,1.1785656992999851,0.0043445085069889365,0.026793768828557222
nDi.2.2.2.t09025,7.096004371474853,3.96559422881638,2.6265993754206747,0.004356022309006228,0.02681602118357373
nDi.2.2.2.t09004,15.85642498955945,2.444923792805747,1.1727413009960668,0.004393687415107089,0.026998890782687038
nDi.2.2.2.t00017,8.16562971140465,3.9185893300776335,2.571892144250741,0.004413839335426819,0.027052800206895926
nDi.2.2.2.t00260,7.191545954690738,-2.525911035066338,1.2589467399018583,0.004418411354546092,0.027052800206895926
nDi.2.2.2.t07843,7.117225040295634,3.9705186769062983,2.6588442038494158,0.004429708955282013,0.027073104101471332
nDi.2.2.2.t06055,6.747445581940541,3.934465519538544,2.637301959416182,0.004567341075270704,0.027864066416039977
nDi.2.2.2.t00882,5.293240719182493,-3.043872453077699,1.6370904081983308,0.0046579680257601425,0.028081146048773955
nDi.2.2.2.t02524,11.171142729240625,2.768797000662529,1.410455541548894,0.0046434319665712735,0.028081146048773955
nDi.2.2.2.t02678,50.08495585844444,-1.6602062926723231,0.73110841245651,0.00462061417379282,0.028081146048773955
nDi.2.2.2.t05941,7.220628574148181,3.9010381673792565,2.6086035124248763,0.00466087418203412,0.028081146048773955
nDi.2.2.2.t07369,6.8950287504310905,3.9210386442460985,2.648928806673299,0.004659571801178388,0.028081146048773955
nDi.2.2.2.t07564,7.82299460722783,3.8810854249695472,2.5797535330349826,0.004652725569312452,0.028081146048773955
nDi.2.2.2.t10797,5.902344176841864,-3.074715101031242,1.8368418844887695,0.004624363075123693,0.028081146048773955
nDi.2.2.2.t05753,7.164365902915782,3.897137053108806,2.610561185260297,0.0046821832338907856,0.028159513349924725
nDi.2.2.2.t03445,10.710983651700595,-2.233826106356808,1.0793962006147209,0.004734401155706316,0.028423165876381988
nDi.2.2.2.t09067,6.9188043905667485,3.890821548558754,2.6324974124240126,0.004776718640649482,0.02862655411498771
nDi.2.2.2.t07354,9.154345089953456,3.1548007054934337,1.6582633222474703,0.004820910373475754,0.028840437366542782
nDi.2.2.2.t07040,13.523866659312603,2.7305999673711483,1.2974984680579682,0.004930906422969626,0.02944653976533974
nDi.2.2.2.t05192,12.201186898894354,-2.252135885941454,1.1464974024829697,0.004989209304509718,0.029742351425126472
nDi.2.2.2.t05379,6.988705782434485,3.833868620644624,2.6185017509993034,0.0050703691115446,0.030173143905893478
nDi.2.2.2.t07482,7.461881603733676,3.8164981338386577,2.6062032870227627,0.0051341352923208045,0.030499101421282256
nDi.2.2.2.t00380,5.798345471502383,-2.9684902928519095,1.5593886734869051,0.005264306041102365,0.03116322180003355
nDi.2.2.2.t03269,13.49826781327098,-2.0092719005460276,0.9702517667970358,0.0052601212705949965,0.03116322180003355
nDi.2.2.2.t09001,15.062557969307456,2.414184928699101,1.1777744852583394,0.0052938133483546555,0.03128330118052089
nDi.2.2.2.t00287,9.132260974200074,3.0835788587595916,1.6635668781855242,0.0053056161746222776,0.03129852185098916
nDi.2.2.2.t02795,92.5591683470675,1.4107397046617098,0.5949067093067177,0.005458710547883525,0.03213497595105163
nDi.2.2.2.t10307,6.01692820127931,3.8162327600720216,2.69757783973863,0.0054663564633716955,0.03213497595105163
nDi.2.2.2.t09686,12.243961383828784,2.709661623419031,1.2923192885316084,0.005494782501557022,0.03224619765619623
nDi.2.2.2.t03568,27.49047333564193,-1.7132506389856679,0.7898164045695106,0.00556560325529816,0.032605399381643106
nDi.2.2.2.t08838,39.88488492216045,-1.5057689419168778,0.6559504422832173,0.005586714627334225,0.032672648303306365
nDi.2.2.2.t04186,9.444197159746565,3.0807668247062328,1.671829699765923,0.005610259201868191,0.03275387127837677
nDi.2.2.2.t08957,12.32977044113107,2.7431484022505632,1.3407314278935012,0.005646622641420369,0.032909525772676786
nDi.2.2.2.t00685,15.020885687656513,2.2536798636110618,1.0713630514276091,0.005738279760512541,0.033386354970254786
nDi.2.2.2.t03231,6.991905457412649,3.706520693684654,2.622417810839734,0.00583699914240355,0.033902570361357603
nDi.2.2.2.t12811,6.481047040840877,-2.4511464558040066,1.317745637224075,0.005913435860659322,0.03428781955445542
nDi.2.2.2.t08816,6.679090036496991,3.7354029302335983,2.694496856493391,0.005929654574332042,0.034323188252788885
nDi.2.2.2.t07192,5.78762464807059,3.7414447005555864,2.7326263135888595,0.006063915951007456,0.035040550095089086
nDi.2.2.2.t00283,26.24406300385606,1.765164955842415,0.8060827405994876,0.006126243538451289,0.03534050694290267
nDi.2.2.2.t00373,11.393545890191005,2.7415911316256656,1.436097504909226,0.006179107993264664,0.035584947900091236
nDi.2.2.2.t02388,7.485746148936184,-2.3101662223266852,1.2126639796880256,0.006222062324828291,0.03571105821627338
nDi.2.2.2.t04348,14.261842009927946,2.3279342476450413,1.1609164590130447,0.006220696614628077,0.03571105821627338
nDi.2.2.2.t05092,5.4469131286195855,-2.7796673077552256,1.5665816035002658,0.0062638327316965016,0.03589006862485563
nDi.2.2.2.t03258,13.942068566240739,2.3956804661973123,1.1737160899064323,0.006351752747656658,0.03627128841759492
nDi.2.2.2.t03338,15.319554410400622,2.1650343570963684,1.0608550812338515,0.006349718258683485,0.03627128841759492
nDi.2.2.2.t01599,10.877280514251227,2.6225280374275806,1.398028871665266,0.006419476990618033,0.0365964133650023
nDi.2.2.2.t04721,6.57804620663261,3.6235390172567494,2.6334307961232213,0.006449957599549779,0.03670848351958532
nDi.2.2.2.t09271,6.516106681206956,3.6247888706662534,2.6488889736088095,0.0065101033207245525,0.03698872774522225
nDi.2.2.2.t00207.t1,5.573896572680544,3.372110726700863,2.641671718097605,0.006530268251131114,0.03704125402648284
nDi.2.2.2.t01296,10.252885746651051,3.010187517500364,1.5873138694312408,0.00658311246944308,0.03723476159291298
nDi.2.2.2.t03008,11.055926921803147,-1.974640458165702,0.9974581455878747,0.006586337545916211,0.03723476159291298
nDi.2.2.2.t03419,5.774043216975992,3.5471800002974274,2.681943459073403,0.006611559787559287,0.03725317408538389
nDi.2.2.2.t06363,12.672192008695498,-1.9026462567483708,0.9402601493109526,0.006611478542906768,0.03725317408538389
nDi.2.2.2.t07680,8.954493978055005,2.9705770074746805,1.6658363589181964,0.006679547853405464,0.03757384132462908
nDi.2.2.2.t01422,11.550092727086485,2.6191453112049183,1.2992297693186365,0.0068425853577627075,0.038427234327038255
nDi.2.2.2.t00881,8.810522720166858,2.933496387477357,1.6719903848091557,0.006870778203775451,0.0384582172726177
nDi.2.2.2.t01709,9.38635090273581,3.011815683237692,1.6405494357763575,0.00686951549507644,0.0384582172726177
nDi.2.2.2.t07042,8.563756492416687,2.938826678370699,1.6689339841723982,0.006950838280971289,0.03877836093594508
nDi.2.2.2.t10642,5.455661698627358,-2.532383158114395,1.6286836562612423,0.006947127844095243,0.03877836093594508
nDi.2.2.2.t09897,8.985235132804567,2.9274130516816035,1.6889951017563731,0.0070051497626161625,0.03901718882560595
nDi.2.2.2.t06017,6.721790544982235,3.5352024714530597,2.618209515427084,0.007024724844051723,0.0390620765098745
nDi.2.2.2.t01290,5.486964315625473,3.5841793570717297,2.7703523119340168,0.007036849522097534,0.039065455939369616
nDi.2.2.2.t01903,12.207322334895405,2.5741633655569203,1.2911420131885905,0.007119543223632102,0.03939558012163147
nDi.2.2.2.t08115,28.07827401693458,1.9644988549360423,1.0229304823050418,0.007119198381604752,0.03939558012163147
nDi.2.2.2.t02301,7.791683057020311,-2.201585052618557,1.312221146201649,0.007199164859691165,0.039771282091323176
nDi.2.2.2.t03127,10.259031214551067,2.774129528298027,1.620663363678358,0.007332743723189506,0.04041673805972386
nDi.2.2.2.t05515,6.341661226080431,3.512581360654484,2.6766771779216323,0.007339832147638531,0.04041673805972386
nDi.2.2.2.t00319,20.295407011835277,-1.641294769817639,0.7797205588260313,0.0074168828020517085,0.04073742772557247
nDi.2.2.2.t05933,5.514964058158895,3.521786567507404,2.72009406867057,0.007422090310850173,0.04073742772557247
nDi.2.2.2.t01787,5.762045709134777,-2.5319333041302254,1.9640882870075411,0.007546174053965411,0.04135157090638235
nDi.2.2.2.t10633,4.300917917016138,-2.814989502237955,1.9437473812761425,0.007636671178701502,0.04177998167444434
nDi.2.2.2.t05371,12.918531900339175,2.5102776280085823,1.3075991568092145,0.007669362312140488,0.041891267250854326
nDi.2.2.2.t05561,11.73700763104687,3.2514770199551326,1.5636662136318809,0.0076843867970282035,0.041905852114983384
nDi.2.2.2.t07126,19.795281692348592,-1.632806612271976,0.7842316941845144,0.00775513540275323,0.042223786976146
nDi.2.2.2.t09896,4.535652880778462,3.502407072389603,2.8806200599311067,0.007872920749282959,0.042796389714050954
nDi.2.2.2.t02710,9656.74541972799,-1.7015645592456483,0.8475336200285809,0.007917510199468295,0.04296991135455433
nDi.2.2.2.t02211,20.88208951784514,1.8263226678393596,0.9020613353510117,0.007952988691022067,0.043024780924955104
nDi.2.2.2.t07085,15.736319835680286,-1.8409992356195428,0.9401283314117737,0.007951021875932053,0.043024780924955104
nDi.2.2.2.t08196,9.322650278479435,2.540032400197573,1.729992064702731,0.007984763511712819,0.043127894636512544
nDi.2.2.2.t07984,4.270127826079005,-2.8581046459293322,1.8636719107072217,0.00801907675819744,0.043244369417815134
nDi.2.2.2.t00026,8.664406856553757,2.852242611521681,1.6989733622035903,0.008071796493256752,0.04327691572284239
nDi.2.2.2.t02111,85.67601548651906,-1.3161423640590184,0.5847174821646558,0.008076146123985623,0.04327691572284239
nDi.2.2.2.t09625,6.00519226186359,3.430343309156018,2.710128433909949,0.008053302507048908,0.04327691572284239
nDi.2.2.2.t11500,6.37087978298762,3.4221058348883373,2.667144375620067,0.008075872139574076,0.04327691572284239
nDi.2.2.2.t02562,27.590739134571788,1.684933916652329,0.8153754768174548,0.008249785680608582,0.043974001591864945
nDi.2.2.2.t02687,14.946156392125758,2.0923034206138875,1.0970509844705212,0.008253174098229201,0.043974001591864945
nDi.2.2.2.t04407,22.936433072071498,1.6779509968426134,0.8058652499691588,0.008258089331962844,0.043974001591864945
nDi.2.2.2.t06425,64.30423366879339,-1.344881125047062,0.6060592973561769,0.008248736406803936,0.043974001591864945
nDi.2.2.2.t07822,5.976924559852561,3.3860524117796666,2.684643330071791,0.00835054881554589,0.044396648248168746
nDi.2.2.2.t00988,6.35999757390832,3.3720157119681646,2.635243723452428,0.008389511258109505,0.044533994033657966
nDi.2.2.2.t10879,54.196143409491704,1.8428230623553694,0.9158257798411662,0.008419585163374672,0.04462380136588576
nDi.2.2.2.t06819,22.623686960393496,1.7574533912276724,0.8623319012155497,0.00845523958358171,0.044673166148768165
nDi.2.2.2.t08266,11.526157436455978,2.5046278820884322,1.2995744218605112,0.008451077707341693,0.044673166148768165
nDi.2.2.2.t05842,5.99837046025583,3.382202032248159,2.7012414946340635,0.008493463185143947,0.044805329897369
nDi.2.2.2.t00555,26.142824716420957,1.6897778031470532,0.8331008493252037,0.008667236424189591,0.045531009019905665
nDi.2.2.2.t07626,49.72013255530631,-1.4362918206972082,0.6647071030952864,0.008646972378012353,0.045531009019905665
nDi.2.2.2.t09954,6.049174923080893,3.393645992194193,2.8035544305192244,0.008671294760276844,0.045531009019905665
nDi.2.2.2.t01958,16.704077084805363,2.1771361255736554,1.1226914777465213,0.008709997987995209,0.04566354432037055
nDi.2.2.2.t07998,9.37556840481544,2.4815363787159943,1.443978290831484,0.008760391050434321,0.045856861794866074
nDi.2.2.2.t02573,11.06271332199402,-1.865342692785092,1.0015089212149633,0.00896458489654561,0.0468534236811752
nDi.2.2.2.t06246,13.42837144743234,2.339518819777781,1.1971918277465103,0.009001905371325834,0.04695962613963352
nDi.2.2.2.t09353,7.214567613380752,-2.1541201687210814,1.3146478169899012,0.009012593342246881,0.04695962613963352
nDi.2.2.2.t02050,5.642195411692665,-2.4338411931691812,1.5274353054864633,0.00911163538069541,0.047402863821041155
nDi.2.2.2.t06763,5.320413599045379,3.303602971490529,2.745316372279843,0.009171933783961505,0.04764349065114461
nDi.2.2.2.t07344,4.205323706683345,3.341756179064136,2.935986958147248,0.009206782274648452,0.047751384519277594
nDi.2.2.2.t03558,10.968469342230028,2.486203951627261,1.3613629840357269,0.009321869487096878,0.0482744752675307
nDi.2.2.2.t07478,29.23828685977175,1.62631888657871,0.7953523216505067,0.009416162218826098,0.048688448546125196
nDi.2.2.2.t08700,10.998132624106159,2.470079179326792,1.3342166061343403,0.00943590591997108,0.04871627531284917
nDi.2.2.2.t01791,20.862799555487772,1.7798878996599403,0.9228951342074694,0.009478224478556096,0.048860391232921394
nDi.2.2.2.t00967,14.033289826702516,1.9867081542835434,1.04350868278769,0.009493301214150592,0.048863850862517155
nDi.2.2.2.t07497,5.168350548819408,3.2713080330115654,2.757680098445115,0.009509966985470488,0.04887546668896348
nDi.2.2.2.t09989,3.3774020255500905,-2.954483368111687,2.2938902336302602,0.009693865108000856,0.049745220039847056
nDi.2.2.2.t08141,28.125216348320482,-1.4972663540274418,0.7227540079876147,0.009842385688116427,0.05043107591252405
nDi.2.2.2.t02635,13.66936730277816,2.189284542657997,1.1583539467316255,0.009977341793232659,0.050756901290417836
nDi.2.2.2.t03683,8.349787547046319,-1.9969643963119021,1.208743768560719,0.009969105220265895,0.050756901290417836
nDi.2.2.2.t05051,31.949997691790564,1.683622752625333,0.8532981219375506,0.009983523950188273,0.050756901290417836
nDi.2.2.2.t05252,33.80970163039743,1.5895456228564004,0.7980743860802115,0.009978991409862996,0.050756901290417836
nDi.2.2.2.t05551,11.565809136127477,-1.801748934675031,0.9715314704804906,0.009935034245447807,0.050756901290417836
nDi.2.2.2.t08811,6.579538038988133,3.187299235069345,2.6082187455652885,0.00999575768337238,0.050756901290417836
nDi.2.2.2.t00281.t1,13.005332686174533,2.159522537132232,1.170947419596119,0.010059825416187423,0.05100587116847195
nDi.2.2.2.t00466,11.264143212940553,2.391605255415859,1.3112374787708103,0.010194968346756319,0.05161392930178721
nDi.2.2.2.t10580,6.0946872510699395,3.1724337475063433,2.661393852522525,0.01026899508775675,0.051911224050180164
nDi.2.2.2.t07180,9.979955784133585,2.801053533167399,1.5668263876421071,0.01028857555466899,0.051932809942614906
nDi.2.2.2.t04336,5.311844470825967,3.1721415455735333,2.7873293225051117,0.010326629435997742,0.05197021817048121
nDi.2.2.2.t09011,47.24114011861065,1.4304358210215269,0.6766757174172383,0.01032015934024243,0.05197021817048121
nDi.2.2.2.t02366,8.124312364650041,-2.19150579965714,1.2534497236373556,0.01035037320675671,0.052012542099731496
nDi.2.2.2.t05885,10.967936678622028,-1.7944019228072352,0.9674256182026554,0.010424226849475408,0.05230617969440915
nDi.2.2.2.t02453,5.48678286488033,3.158361980894483,2.7165053204152225,0.010443757632940314,0.052326773841851616
nDi.2.2.2.t09381,15.606775853990149,-1.731855707899379,0.9503669685585937,0.010491558251484307,0.052488739806835945
nDi.2.2.2.t09240,7.864641138201785,-2.0175441022454326,1.1674706501579357,0.01051723820476662,0.052539723108348126
nDi.2.2.2.t07909,5.804301229249653,3.1324399163456387,2.672588142290018,0.01061535571514862,0.05295189203791783
nDi.2.2.2.t02495,5.26831588979248,-2.4724715337657037,1.6958759482635724,0.010649153383275094,0.053042479113170504
nDi.2.2.2.t06737,12.862327669489058,2.1415402313338188,1.171387440665381,0.010773661283932173,0.05358395758812014
nDi.2.2.2.t08596,6.335493228332744,3.1035493491542123,2.662804283728785,0.010892090542515883,0.05409366196224579
nDi.2.2.2.t07571,6.098209961304767,-2.3210219354946107,1.4193803565915244,0.011052346394217817,0.05480929673857724
nDi.2.2.2.t05934,6.188361678870981,3.0685247684960295,2.64297553236473,0.01123914935659507,0.055654298711781715
nDi.2.2.2.t02094,5.057448397284803,3.067037594794296,2.7593591442855603,0.011370683181232036,0.056060112428399804
nDi.2.2.2.t02657,47.489753464024965,-1.3360605694027374,0.6404870713121731,0.01135535692926813,0.056060112428399804
nDi.2.2.2.t05963,16.737898521819947,1.854954469019647,1.0072253820528176,0.011366005491449805,0.056060112428399804
nDi.2.2.2.t07586,11.73677290413297,1.9982345491784779,1.1146069789749178,0.011420359974093732,0.056223310641692226
nDi.2.2.2.t04508,18.245906999057006,1.8065391799588213,0.9461141487452408,0.011461392140058745,0.05628805284891402
nDi.2.2.2.t05854,25.57158995643142,-1.4592172786138426,0.7266207815280642,0.01146669944534186,0.05628805284891402
nDi.2.2.2.t00625,12.47702595717964,-1.7073454968174382,0.913568451910884,0.011488726671207948,0.056314683336325666
nDi.2.2.2.t10472,3.7641481307712077,-2.870609698602482,2.123926685098938,0.011631326440283545,0.05693139868029118
nDi.2.2.2.t08402,11.563794638395622,-1.853399722827928,1.0823620025943874,0.011687768332036929,0.05712523081018625
nDi.2.2.2.t02056,25.466926151720887,1.6845019998031154,0.875705593045356,0.011774242903876417,0.057382517140731046
nDi.2.2.2.t07331,26.5144159505156,1.5774662637141736,0.7967614083898424,0.01176921608089142,0.057382517140731046
nDi.2.2.2.t03785,9.59358094314331,-2.0460038830976477,1.3023826067030049,0.01203985848103644,0.05851266985154193
nDi.2.2.2.t06778,14.689100152074102,1.8906523802653492,1.0202326473011296,0.012040637840912815,0.05851266985154193
nDi.2.2.2.t06818,45.22651994645683,1.3940380304261892,0.6792339644231916,0.012075549945947981,0.05859837684786202
nDi.2.2.2.t05536,9.446133147016505,2.357010397198036,1.336471293417436,0.012179135250416705,0.05901660967059067
nDi.2.2.2.t04946,17.30566080898871,1.8079712669883505,1.0171800075270634,0.012282819291649861,0.059434127014659534
nDi.2.2.2.t00115,11.303405794234065,2.290364228101623,1.3408916883777662,0.012366536727310917,0.05975397803281857
nDi.2.2.2.t04436,11.36368021532569,2.267608322184302,1.328292005466359,0.012441246779432723,0.06002945814485888
nDi.2.2.2.t01786,19.651671387235595,1.692629371502013,0.906995580947088,0.012593571804760275,0.06060755710789142
nDi.2.2.2.t04550,17.993696645117648,-1.5837036894906276,0.8387333372859096,0.012596794740879555,0.06060755710789142
nDi.2.2.2.t05137,11.015801980465685,-1.7478816865938407,1.0038269738210168,0.012636983822871057,0.06062892380081842
nDi.2.2.2.t06138,9.837600548877933,2.5671424064076374,1.6025741911410358,0.012634235296894955,0.06062892380081842
nDi.2.2.2.t05520,5.167443784952621,2.902333916565294,2.754941511203492,0.013021077119356638,0.062383465520985476
nDi.2.2.2.t01627,12.512639325285019,2.2026476914183593,1.3337034982045435,0.013065381937609196,0.06250744080729251
nDi.2.2.2.t09174,12.934770079821433,2.0544626211662123,1.1745037971744416,0.013263917291698766,0.06336789782174959
nDi.2.2.2.t06527,12.340987795364992,2.01776246362716,1.1800783011910005,0.013349683901946225,0.0636879434534481
nDi.2.2.2.t08295,27.45224561794966,-1.6330045031098224,0.8887510846125611,0.013402880332516595,0.06385192428075322
nDi.2.2.2.t04270,7.367944975865573,-1.9007053069567403,1.2276670729548869,0.013463444434371797,0.06393574456211466
nDi.2.2.2.t06401,11.90719875372615,2.2556060319050344,1.2985318836474085,0.013477021627922164,0.06393574456211466
nDi.2.2.2.t10637,8.469638665138723,-2.033263757482916,1.3830009250571527,0.013467096873544783,0.06393574456211466
nDi.2.2.2.t06930,4.679711810788884,2.860816742836371,2.8151957232534497,0.013522472238001328,0.06406176792081077
nDi.2.2.2.t01547,6.341038615989919,-2.017754653846482,1.2891726727623274,0.013647085006734734,0.06456194190075902
nDi.2.2.2.t00646,5.173740570806382,2.83498218643615,2.7246371533228775,0.013859742023051213,0.06546942708134847
nDi.2.2.2.t10569,79.06817899727615,-1.6002830540394954,0.8788905391474044,0.013877511223906118,0.06546942708134847
nDi.2.2.2.t08580,22.697959847115623,1.5800034270643715,0.8474778499989253,0.013966090225901938,0.06579580284202691
nDi.2.2.2.t09026,10.157022319658827,2.3196905188397117,1.5088463315949017,0.014124061418679298,0.06644773416388373
nDi.2.2.2.t01306,9.192728634666729,2.6224371288508226,1.6015779273236963,0.01423946627079115,0.066805352130738
nDi.2.2.2.t02071,12.10554521214293,1.9697009879428424,1.1891000937879597,0.014226872580186041,0.066805352130738
nDi.2.2.2.t12342,25.005108637153494,-1.7621293610594482,1.1694321949347197,0.014336799938665361,0.06716909584523882
nDi.2.2.2.t05181,7.682517210798318,2.4592473985887016,1.7426109015081865,0.014462733078860961,0.06766564221171915
nDi.2.2.2.t03163,5.109939998008654,2.7723938762007116,2.728159655875137,0.014593513662946365,0.068183468794372
nDi.2.2.2.t08343,11.271688763016783,2.153710129518828,1.2704818839911063,0.01475935443327464,0.06886345287161978
nDi.2.2.2.t10312,4.965364401093309,2.7492149501175307,2.768402121751719,0.014855250410130931,0.06921567224061005
nDi.2.2.2.t03876,4.1421621607994945,2.7035946827379007,2.9342512057594843,0.014969720343576094,0.0693994501229816
nDi.2.2.2.t00875,10.155168220786024,2.3332334354242885,1.3544153926490394,0.014965272957879064,0.0693994501229816
nDi.2.2.2.t04116,17.84951458518888,1.641946264508676,0.9098131544702558,0.014972249818480611,0.0693994501229816
nDi.2.2.2.t07903,16.45334908325951,1.6754293177642228,0.9287210676850204,0.014976532278898152,0.0693994501229816
nDi.2.2.2.t06247,7.152269112390651,2.417504558956486,1.751868106458177,0.015079708686198129,0.06978222628046937
nDi.2.2.2.t07838,16.707920415966584,1.695731215313644,0.966766592552189,0.015134119408374872,0.06993860086268061
nDi.2.2.2.t00200,11.328138878334231,1.9893263058483723,1.180598785521794,0.015155441004017564,0.06994184474235045
nDi.2.2.2.t01344,8.175403296772496,-1.8089924771976438,1.127922829852177,0.015262082237037332,0.07024285338945813
nDi.2.2.2.t08567,7.4945098344745915,2.412620453909595,1.7603718259579384,0.015260011757119291,0.07024285338945813
nDi.2.2.2.t08818,14.087457546741634,1.9335579055756824,1.1210838710740731,0.01532306950030928,0.07042798339437545
nDi.2.2.2.t02755,16.246920725788712,1.7525404761708643,0.9903440441480418,0.015623782575996899,0.07171295060592893
nDi.2.2.2.t09803,8.374257741653887,2.4115013178308176,1.6512000905226107,0.01571332015679866,0.07202646212413656
nDi.2.2.2.t01521,12.02684253256588,1.918148709428309,1.1401588005816776,0.01578474194193055,0.07212554155563475
nDi.2.2.2.t04359,6.361325605432314,2.3812758265803264,1.8409299620627215,0.01581260526834023,0.07212554155563475
nDi.2.2.2.t08145,4.863635364899211,2.6497899001206124,2.8041896813874216,0.01577464872620252,0.07212554155563475
nDi.2.2.2.t11386,3.482249566250512,-2.423556672905057,2.0279168308670954,0.01581998906762743,0.07212554155563475
nDi.2.2.2.t01183,11.40747658936334,1.9739324934292382,1.1813191063747484,0.01587993069419337,0.07229214193229158
nDi.2.2.2.t03901,4.949146366574075,2.6639841875880736,2.743413435566599,0.015899156215061768,0.07229214193229158
nDi.2.2.2.t09544,3.8369758821986633,2.6087626161834363,2.995319917846616,0.01592189815772276,0.07229863259838767
nDi.2.2.2.t02656,8.768978172397848,2.415888125682606,1.7019562167235793,0.01597920939365792,0.07236512451707298
nDi.2.2.2.t08855,15.177305764914742,1.7788205359593021,1.0117797270560303,0.01596068346545572,0.07236512451707298
nDi.2.2.2.t01951,6.328602450131927,-1.8896067887382906,1.5599902039089528,0.01608678743782602,0.07265829958602645
nDi.2.2.2.t02771,4.786998404767466,2.6442988517075503,2.751645211056974,0.016082901818941408,0.07265829958602645
nDi.2.2.2.t05528,9.696821196630559,2.0150602922597463,1.3449873944759143,0.01612543504438817,0.07273600488107004
nDi.2.2.2.t01030,8.58436251795161,2.141296825403035,1.44549781102452,0.01636231736142591,0.07360872744026085
nDi.2.2.2.t08767,10.943716300952739,-1.749418499159325,1.154603645351819,0.01634110436418355,0.07360872744026085
nDi.2.2.2.t03542,5.519975569017659,2.63736089889373,2.6374440659092078,0.016417268954735834,0.07375811429730325
nDi.2.2.2.t01486,23.245211309068758,-1.3768880327932647,0.7290382324450887,0.01647620989547549,0.07384368118151402
nDi.2.2.2.t07849,4.786030635933631,2.61526478931369,2.750003238985968,0.016479854556133877,0.07384368118151402
nDi.2.2.2.t03871,3.4144438685564586,-2.307689945795422,2.1261675968075546,0.01662193675214877,0.07428677716874685
nDi.2.2.2.t06223,5.533476608319973,2.622213613690418,2.6338510812747127,0.016622542414822777,0.07428677716874685
nDi.2.2.2.t07306,54.026604800722055,-1.2777299704011205,0.6504003044600756,0.016666050719946004,0.07438321584481163
nDi.2.2.2.t04350,11.567505814750252,1.9077230454189777,1.180156338591458,0.01672401939841853,0.07454385518979717
nDi.2.2.2.t04248,17.102767958016077,1.6723214673158358,0.9436028866781694,0.016758787365597633,0.07460079625210915
nDi.2.2.2.t07684,4.569056906761757,2.5642252246927346,2.8094286924484875,0.01685806170719543,0.07494435820551364
nDi.2.2.2.t01961,5.272881279024075,2.597313757942444,2.6611087295301465,0.016909863855129298,0.07507625418402955
nDi.2.2.2.t04671,10.739412899694136,1.9619593470876417,1.2474646449742304,0.0169485532383394,0.07514966350908137
nDi.2.2.2.t10005,5.444447703861047,-1.9556644162136563,1.384791714185275,0.017106780116134177,0.07575221691113201
nDi.2.2.2.t05764,4.781237952572543,2.5465340799094975,2.759448798362772,0.01723644043784452,0.0761276119338133
nDi.2.2.2.t05850,15.246516151612955,1.761950724273266,1.0390195198047998,0.017216371858433624,0.0761276119338133
nDi.2.2.2.t04724,15.195385083967295,1.6996429601996617,0.9714979678003273,0.017373431594465465,0.07663287382110123
nDi.2.2.2.t07583,7.130426500897096,2.3555955813030525,1.69220777913109,0.017401558702073067,0.07665725599666473
nDi.2.2.2.t04572,12.132709842533465,1.8670590135124143,1.1361530523613756,0.01750681469769143,0.07702090201630264
nDi.2.2.2.t00135,5.294961326104623,2.5404493354927062,2.6669515546971816,0.017604177400389793,0.07724886124465999
nDi.2.2.2.t02651,10.932889089157854,1.9129428214639226,1.2029162873741648,0.01759086462823565,0.07724886124465999
nDi.2.2.2.t06616,4.556236225727832,2.4742727544213903,2.8220436407228284,0.01786754978280486,0.07830326726521199
nDi.2.2.2.t01609,4.02454905216939,-2.1970558863635516,1.8404891569434505,0.0179940440508786,0.07875586763945834
nDi.2.2.2.t04020,4.312328574561713,-2.057514857569481,1.6168965819071166,0.01804591959526654,0.07888113307621662
nDi.2.2.2.t07670,14.781983773503285,1.723223700792239,0.9994845127572017,0.01811022059649639,0.07906031951520688
nDi.2.2.2.t07131,41.88419407215551,-1.3138680433015637,0.6960215379145177,0.018232395169696353,0.07949136814345761
nDi.2.2.2.t05577,5.028299860172027,2.494475220926039,2.675978477425746,0.018279868100655537,0.07959603671042823
nDi.2.2.2.t09296,10.816582925483976,2.0272695198773043,1.250436366792127,0.01844404382865902,0.08020794444462999
nDi.2.2.2.t06832,10.248100670681934,2.0727820992556,1.398327831126435,0.018471756556858752,0.08022560594220857
nDi.2.2.2.t05998,12.228904955515885,1.9116842358265473,1.1601428661493807,0.018619119624359703,0.0807622170918518
nDi.2.2.2.t05480,8.118678946498877,2.1413903334046465,1.635511867133641,0.018691071302368058,0.08097077121025857
nDi.2.2.2.t03661,8.383790861664107,2.1339082502684663,1.6610678674343826,0.018749101502718083,0.08101522585633088
nDi.2.2.2.t07462,4.697809065048487,2.4330492956635115,2.7508311616553076,0.018728981534083217,0.08101522585633088
nDi.2.2.2.t02236,5.41037635742867,-1.9211897858742277,1.368095184229872,0.018780376839965755,0.0810471224442288
nDi.2.2.2.t11805,3.3927071478323523,-1.842881966505321,2.083744862136496,0.01882842436115341,0.08115122672558114
nDi.2.2.2.t01972,4.797655366831262,2.442921009063663,2.7020056555339944,0.01889919818721214,0.08135289371957306
nDi.2.2.2.t03798,13.673028466258012,1.82851246285106,1.2147875099132446,0.018946259155503426,0.08145210526675237
nDi.2.2.2.t01687,8.58031369618026,2.1072073167255128,1.4268899990720456,0.01898841302794924,0.08152999619089091
nDi.2.2.2.t02648,4.913036252054994,2.433485213647085,2.6759784416695656,0.01907990970997509,0.08181928411660622
nDi.2.2.2.t10892,3.778583149574874,-2.350812864700831,2.285676917912734,0.019121568159113766,0.08189439292388118
nDi.2.2.2.t05959,4.1866114004137245,2.3807411907960128,2.8172800457776592,0.019164817836319348,0.08197611866430672
nDi.2.2.2.t04905,4.830708108499957,2.4216570743134858,2.6804135085800813,0.01924472449457535,0.08221423864685086
nDi.2.2.2.t03967,7.211518425983849,2.360800596056854,1.6785807891774478,0.01939153444936379,0.08273721365061884
nDi.2.2.2.t05360,33.915841013694276,1.4589130923587796,0.8575986921597641,0.01945099953195044,0.08288667137233151
nDi.2.2.2.t04551,4.326725264574117,2.3615125959425636,2.7881309485646555,0.0195162069676138,0.08306019326743538
nDi.2.2.2.t09617,8.263888863671895,2.063043531002966,1.4322236672356508,0.019550817630203287,0.08310322481409718
nDi.2.2.2.t02410,13.02378567625416,1.729395531240331,1.0745722091619612,0.019648698047912187,0.08341474815834561
nDi.2.2.2.t11054,13.65792309304996,-0.409807107556645,1.143683419470887,0.01974496354241377,0.0837186454198344
nDi.2.2.2.t05437,21.037594269453297,-1.3515948243757447,0.7525918083533699,0.020057843319358358,0.08483317274222389
nDi.2.2.2.t05822,13.583739527815535,1.7149142641867616,1.0615067978043535,0.02004464562630664,0.08483317274222389
nDi.2.2.2.t08265,14.841905042737134,-1.4923232097108599,0.9011654710840373,0.020153774249137134,0.08513275498514715
nDi.2.2.2.t03097,6.9796916628942025,2.203721869430122,1.7071887443384846,0.020292071189023528,0.08561033019050723
nDi.2.2.2.t00076,4.7221122918405936,2.303062595665992,2.786884715717976,0.020424260051018335,0.08584248700438424
nDi.2.2.2.t07206,3.720178540429842,2.200097873452277,2.93200573135776,0.020430945513430596,0.08584248700438424
nDi.2.2.2.t07634,5.508675220996891,2.3281635555699545,2.681842359454795,0.020448328272270774,0.08584248700438424
nDi.2.2.2.t09382,7.026849578430292,2.2146194090302633,1.6906573900930884,0.02041223748886727,0.08584248700438424
nDi.2.2.2.t02695,6.292713854324942,2.167736259819104,1.777069103414739,0.020894826666462495,0.08760846978076735
nDi.2.2.2.t02437,19.782826314814045,1.498854439421869,0.8566544412323717,0.02094158314806292,0.08764850163253163
nDi.2.2.2.t03290,6.665485879531318,-1.777932553966936,1.3982997737830924,0.020977164265469004,0.08764850163253163
nDi.2.2.2.t04281,28.1315921951007,-1.2932595616473619,0.7135865352106339,0.020981893669108395,0.08764850163253163
nDi.2.2.2.t06872,10.124565907765604,2.0124606246516827,1.4028300116746297,0.02123989507578665,0.08861712681066214
nDi.2.2.2.t06656,6.585306463761479,2.197441117396991,1.70629854509095,0.02131203185320508,0.08880886000745901
nDi.2.2.2.t07504,4.895970292802283,2.2929393622233443,2.6199417359916772,0.021384969411606215,0.0890034555143169
nDi.2.2.2.t00854,11.983821016629209,-1.5061374184355332,0.932058004467711,0.02145040524703398,0.08905725164986446
nDi.2.2.2.t12496,6.62951643915587,-1.7222299560011844,1.3212739998473004,0.02144316331763449,0.08905725164986446
nDi.2.2.2.t04425,6.574984737266111,-1.8282263298442507,1.2979905518006707,0.021541186268025658,0.08921575558137124
nDi.2.2.2.t04795,4.988476824727085,2.2834206327336664,2.616241601670245,0.02152143987055806,0.08921575558137124
nDi.2.2.2.t00121,152.68351335932098,-1.0911610266337717,0.5569772213186474,0.02160313721898992,0.08925437447845774
nDi.2.2.2.t07005,4.53941646434115,-1.8882184982194832,1.514820677745321,0.021593541564373278,0.08925437447845774
nDi.2.2.2.t04495,5.750164468194952,-1.8332001428061468,1.614278108318116,0.021789462809481373,0.08991466891698396
nDi.2.2.2.t02017,16.16511564103635,-1.462570643247148,0.8639303574571342,0.021947282634462845,0.09036098222223704
nDi.2.2.2.t09643,3.6938330116935414,2.144083474109312,2.830124147614052,0.02195089898323211,0.09036098222223704
nDi.2.2.2.t11151,4.0173723540567705,1.9899876180279192,2.9099359482150766,0.02209139303471637,0.09082909718031264
nDi.2.2.2.t09828,4.95740847526822,2.2508117627805677,2.595584550297224,0.02220803873193517,0.09119814452630037
nDi.2.2.2.t01442,8.786223662973528,1.9435308738077341,1.423011553656142,0.022370002332516948,0.09164136221243659
nDi.2.2.2.t03634,6.705984285938388,2.151443457463738,1.7332181734624827,0.022347985797780818,0.09164136221243659
nDi.2.2.2.t05779,8.479063860209738,2.2758210177273877,1.5803526592009016,0.02247327886011337,0.09184260469096933
nDi.2.2.2.t07990,15.575638028525656,1.5637167749634882,0.9685680632158697,0.022449582707946728,0.09184260469096933
nDi.2.2.2.t05723,40.69227272818332,-1.3532722040676306,0.7741810696709697,0.022645089037606685,0.09243338389357626
nDi.2.2.2.t10814,6.8790549097546725,-1.7039379816592746,1.1712773466314965,0.022689098567628362,0.0925017095449464
nDi.2.2.2.t01904,29.9884895693529,-1.3784159949341175,0.8099062213740756,0.02272500652265374,0.09252320235461584
nDi.2.2.2.t02946,20.72375165953575,-1.3695937796187339,0.8012853479268178,0.022748924163841278,0.09252320235461584
nDi.2.2.2.t02293,8.40770196307211,1.9482168498179762,1.3595018359086783,0.022894713614805915,0.0930046330316427
nDi.2.2.2.t04729,8.089564983322814,1.968317149170175,1.4351713783985802,0.023022503194940785,0.09341187899191285
nDi.2.2.2.t00743,4.406613563188474,2.160480208823062,2.645003076432608,0.0231207563645243,0.09369845351071258
nDi.2.2.2.t00002,3.968025699780509,2.0703702629863217,2.7175879491936965,0.023515311868157716,0.09495706887713211
nDi.2.2.2.t01026,4.7515484524335765,-1.943843166684275,1.6093918898331323,0.023506711105854696,0.09495706887713211
nDi.2.2.2.t02476,5.123955997716511,2.1809000665171085,2.547112015342472,0.02351195421280631,0.09495706887713211
nDi.2.2.2.t01558,9.670309646118273,-1.5421418787693237,1.0463592542269502,0.023660368974638784,0.0953158807149344
nDi.2.2.2.t05410,1179.5322616478811,-1.4299359504146578,0.8822283041956609,0.02365409854793314,0.0953158807149344
nDi.2.2.2.t04980,8.361423923614337,1.9558993901677562,1.4512329870868572,0.02397457072102643,0.09646707459753459
nDi.2.2.2.t02186,10.487540980933106,1.7785941024033562,1.1596006738300417,0.024145735287827402,0.09704068020889875
nDi.2.2.2.t00085,6.165096683289323,2.066705608283344,1.747078760761707,0.024265490159163416,0.09732807168271612
nDi.2.2.2.t00936,21.111184948978966,-1.370771667835482,0.7974202276036286,0.024274631085960452,0.09732807168271612
nDi.2.2.2.t00020,11.665648923487325,1.6317695947465582,1.0312906265730364,0.024574833486873643,0.09806481575460847
nDi.2.2.2.t00550,5.004028616630277,-1.804093579579924,1.3927840032053695,0.02449845373796077,0.09806481575460847
nDi.2.2.2.t05010,7.952720282435406,1.9315777356474466,1.4508496591655426,0.024598046862409656,0.09806481575460847
nDi.2.2.2.t06218,20.930810071289095,1.4884784030895768,0.9074400913485537,0.024562528651893886,0.09806481575460847
nDi.2.2.2.t08444,9.438299240376914,1.8066457037968537,1.3638592122230504,0.02460293579220867,0.09806481575460847
nDi.2.2.2.t05344,11.31656116124781,1.6806186617163215,1.0984664307333378,0.0248183866509184,0.09880747361492397
nDi.2.2.2.t02356,4.756902233480237,2.0142811516759935,2.6169653365344163,0.025060308998042208,0.09965365547638824
nDi.2.2.2.t01582,18.64153305755963,1.447685103103236,0.8757590586188172,0.025174745324509914,0.09999149430999722
nDi.2.2.2.t04365,4.151524633366779,2.0195321790000005,2.6180092415439447,0.02524494699129626,0.10015305285903733
nDi.2.2.2.t05359,11.703277377044902,1.781454452326726,1.192829913312116,0.02528368973449879,0.10018957427502324
nDi.2.2.2.t08404,19.95007977937649,1.3646262902617747,0.8119938404832547,0.026228563104488112,0.10381246913701712
nDi.2.2.2.t03522,3.9905813319611836,1.92880550194676,2.5834237652611365,0.026411778548164056,0.10441579584542246
nDi.2.2.2.t00134,8.28350410546496,1.7395863144659414,1.2196584354219697,0.026551202874297974,0.10484479644891585
nDi.2.2.2.t02664,4.187633896255419,1.9578118574732088,2.5296966869497464,0.02692137025199137,0.1061828929008776
nDi.2.2.2.t01345,12.453925851223469,-1.4532625312833398,0.9576424924500515,0.026988476848016155,0.10632394131065133
nDi.2.2.2.t00418,8.479285514263633,-1.5647378195101493,1.1048086492794726,0.027443066323952228,0.1079894210798677
nDi.2.2.2.t07222,3.940488927473388,1.8661598837270623,2.5378632699255457,0.027547824047056094,0.10820587690203755
nDi.2.2.2.t09113,6.790226141838226,-1.62140931284108,1.1740365389056018,0.02756187430523598,0.10820587690203755
nDi.2.2.2.t00117,4.0427413575383255,-1.7617617755581485,1.570887501696508,0.027639550520327686,0.10838538192479943
nDi.2.2.2.t01430,11.259133961059415,1.6606292243664447,1.1265199966542363,0.02791256663325672,0.10932959124712101
nDi.2.2.2.t01255,9.550260090011253,1.8071435056047755,1.383899994878865,0.0279768777776214,0.10945509737219351
nDi.2.2.2.t01233,7.75647397234755,1.8221376545522865,1.5070288622192132,0.02827088148485852,0.11037542005142216
nDi.2.2.2.t08502,5.798414041789447,-1.6149173722895198,1.3153200591294496,0.028277193403504083,0.11037542005142216
nDi.2.2.2.t01838,4.3989262528646496,1.824290533348229,2.491865259545986,0.028511810643653757,0.11116328931410752
nDi.2.2.2.t07189,4.67298010088411,-1.6485782720864384,1.610533495734886,0.028655278777472894,0.11159438072696677
nDi.2.2.2.t00969,6.372076004382621,2.0677745863875048,1.642209452813928,0.028784243980005935,0.11183981166114562
nDi.2.2.2.t01908,18.466489937156968,1.4249558714468116,0.930720140427346,0.02875483211113978,0.11183981166114562
nDi.2.2.2.t07291,8.67371424692332,1.814793949241866,1.3431569578758589,0.028987586291264213,0.11250102139584463
nDi.2.2.2.t07671,27.135253223909054,1.3333870406660144,0.8318785986219981,0.029093641268497318,0.11278357849456333
nDi.2.2.2.t07945,10.678398789737104,1.6433059899304054,1.1369397667014138,0.029335669253614416,0.11359199784047956
nDi.2.2.2.t07900,7.744900756628656,1.559715438053009,1.6142724511580537,0.029445279057204066,0.11388641569217353
nDi.2.2.2.t03044,9.797812521660173,1.6855286610707823,1.1761379980133044,0.029553564184680706,0.1140451532587451
nDi.2.2.2.t04821,23.41002261638684,1.3247536638711919,0.810104404471177,0.02952532661426,0.1140451532587451
nDi.2.2.2.t00425,4.0878360762242885,1.7800060540715985,2.4432052958089647,0.02966280450875673,0.11433662828829866
nDi.2.2.2.t07574,13.90388783253415,-1.3420754258221366,0.8603988645002869,0.029977695855816024,0.11536440360753766
nDi.2.2.2.t08041,9.965141147612675,1.644949587347502,1.198148735171923,0.03003147652873106,0.11536440360753766
nDi.2.2.2.t08255,8.83408513109947,1.7769247587969312,1.3231906402501767,0.03000060886095095,0.11536440360753766
nDi.2.2.2.t01749,26.93136222526638,-1.182784170607516,0.6883556196792796,0.030193951860498516,0.11576501637422504
nDi.2.2.2.t03553,19.040299079391747,-1.2706619148008118,0.7727284244395138,0.0302040210764119,0.11576501637422504
nDi.2.2.2.t02617,4.138006861364393,1.7779758673115909,2.4162317532552096,0.03047998470801659,0.11666454927792821
nDi.2.2.2.t02725,9.709709520854958,-1.429750038058082,0.9581617097277294,0.03064000481778501,0.11666454927792821
nDi.2.2.2.t03747,19.674052048091514,-1.2714131187304747,0.7911462309406894,0.030580395226611663,0.11666454927792821
nDi.2.2.2.t05227,13.827086889607655,1.584772348523061,1.0460250983189041,0.030632950511361882,0.11666454927792821
nDi.2.2.2.t10613,3.8169207833525065,-1.725571841026832,1.630453572040459,0.03061037968521129,0.11666454927792821
nDi.2.2.2.t10634,10.199079402129328,-1.4609145564992836,1.0402118434018308,0.030645080603370883,0.11666454927792821
nDi.2.2.2.t08975,7.0026815004324146,1.76732315076838,1.4622708428128985,0.03080477557971342,0.11714103000716133
nDi.2.2.2.t09862,10.505948523888335,-1.4665709555539528,0.9811676343754306,0.030868381663269984,0.11725145644099864
nDi.2.2.2.t06311,5.401407057980539,1.8596528033342299,1.8854273938992487,0.030924091183390536,0.11733167482557125
nDi.2.2.2.t04396,3.6206488232937737,1.6984908193471444,2.3686137985012268,0.03159536627368879,0.1197446730730194
nDi.2.2.2.t03141,5.462861122419788,1.8465961223799638,1.7407522980667283,0.03165674575232139,0.11984339463378813
nDi.2.2.2.t05158,8.62607696253113,1.743112228322172,1.3837585493281748,0.03203010137268553,0.12103012700846941
nDi.2.2.2.t07662,8.937024441858336,1.824508316332671,1.3078613236525325,0.032041584331841254,0.12103012700846941
nDi.2.2.2.t03139,7.430981696031617,-1.508169587731347,1.0944039005426587,0.0321288203857538,0.12122464821855049
nDi.2.2.2.t06045,6.657908233156529,1.923872109380954,1.6460935063967175,0.03240179206444309,0.12211875409176773
nDi.2.2.2.t04760,11.906035968650986,-1.3908586874579967,0.919194935234522,0.0326313965798815,0.12284761065367152
nDi.2.2.2.t00453,5.742332778897599,-1.7072140037682357,1.484747992286858,0.03276531909551315,0.12307858512954661
nDi.2.2.2.t07313,5.586295373978214,1.8205954866174843,1.7232613189995294,0.032745173450092084,0.12307858512954661
nDi.2.2.2.t06189,11.52792294608317,-1.3557614051617637,0.8996546830490875,0.03308979596741575,0.12415994239101132
nDi.2.2.2.t06155,5.686931081379936,1.82301320055601,1.7191475457408751,0.03326917991464238,0.12449741681680683
nDi.2.2.2.t07595,17.20774876475852,1.3556479385289284,0.8546030970241092,0.03324425248453689,0.12449741681680683
nDi.2.2.2.t08878,7.309064856904558,-1.5105735930319955,1.155166580012241,0.033289845829258195,0.12449741681680683
nDi.2.2.2.t06968,9.889980962809856,-1.3898124216110326,0.9626837941132728,0.033357418729941475,0.12449755173498245
nDi.2.2.2.t11824,4.250444580707857,-1.4982455179793794,1.6245222837775528,0.03336328848086646,0.12449755173498245
nDi.2.2.2.t07386,15.971463442203788,1.3959975459178542,0.9351810939563706,0.03351882642971206,0.12494050466987176
nDi.2.2.2.t01017,3.891382251391832,1.6433078291551997,2.2855102996777688,0.03355604168576442,0.12494192469606247
nDi.2.2.2.t04713,5.755935964393366,1.8074221168938076,1.71199045079474,0.03394905545660513,0.12626666240000503
nDi.2.2.2.t03721,7.055200690350141,1.6982553745652216,1.4446941332505179,0.03406119130207957,0.12654497359983996
nDi.2.2.2.t02349,12.867217623291172,-1.3361435500251186,0.9174896001400576,0.03439605073817004,0.1276492386256814
nDi.2.2.2.t02169,5.804265160192538,-1.5549382424640443,1.2512906293301287,0.03443694038670035,0.12766131343353834
nDi.2.2.2.t02170,12.9331104113262,-1.3218705619923552,0.8610404939753284,0.03453912060024461,0.12790032431880974
nDi.2.2.2.t10840,5.58770094926326,-1.5323962869273309,1.2853471373407865,0.03465820420897788,0.12820133988751686
nDi.2.2.2.t02644,3.7446324197390775,1.589018994438468,2.2358192762815197,0.03475679799866199,0.1283597784903615
nDi.2.2.2.t04461,6.937507040919905,1.747192548402252,1.5688815654427015,0.03477672064641575,0.1283597784903615
nDi.2.2.2.t07204,8.517774798581005,1.6076342086823612,1.174869920881618,0.034999196172384985,0.12904051458340204
nDi.2.2.2.t00016,3.674988657660389,1.6087817721926605,2.2384954932376147,0.03504880836173032,0.12908312482409257
nDi.2.2.2.t06340,9.650527620334863,1.5892819923267871,1.3544778216946247,0.03526081733605771,0.12972309371356588
nDi.2.2.2.t07815,3.4842696356745044,1.570172836673018,2.2223326862795725,0.03530888859239349,0.12975920921494988
nDi.2.2.2.t04101,7.093417830063363,1.7109049552998532,1.4117228254155088,0.03542970465756762,0.13006229242258588
nDi.2.2.2.t07346,5.942077166059033,1.7624530375302105,1.693653031680925,0.03568162886330961,0.13084549741010398
nDi.2.2.2.t04484,17.5404357067665,-1.2211916359363348,0.7695230880006265,0.03591671327336086,0.13156532551105835
nDi.2.2.2.t03051,7.1823693444636145,1.6828602944685993,1.423210374845802,0.03600787949069077,0.13175698730574228
nDi.2.2.2.t02674,20.353465212628194,1.2772558399099354,0.8051814381225018,0.03624873519506842,0.13249537691990526
nDi.2.2.2.t00401,7.064010462343696,2.0406988713127028,1.7407174792737494,0.03653742202238077,0.1329773986050596
nDi.2.2.2.t04492,3.756371962275555,1.5828487800016646,2.189731437564917,0.03652697295555702,0.1329773986050596
nDi.2.2.2.t06885,17.260595732308012,-1.3137004839743132,0.869805240518421,0.03652702974886528,0.1329773986050596
nDi.2.2.2.t09100,3.484500045856797,1.4968774509749814,2.1559754595260596,0.036525948621953096,0.1329773986050596
nDi.2.2.2.t07454,7.01823890909793,1.8048730421599402,1.5649287483710403,0.036737014079028206,0.13356050563350874
nDi.2.2.2.t09209,5.533762858915438,1.7143407315848416,1.7102978340811206,0.037031953968620655,0.13448863796741034
nDi.2.2.2.t00920,4.879230490640186,-1.5476875265622843,1.416608635749416,0.0372483959223889,0.1350386732638395
nDi.2.2.2.t06590,5.454271519792683,1.7051462213255897,1.7176244394177613,0.03726303012233307,0.1350386732638395
nDi.2.2.2.t00734,14.651256842424884,1.4061006504223768,0.9391484756363737,0.03733527072322722,0.1351560707504661
nDi.2.2.2.t05522,7.973203654816994,1.711373147775599,1.3514974015892447,0.037961690340130035,0.1372772426798732
nDi.2.2.2.t04143,5.378910307591193,1.70323946304916,1.673614676702658,0.03844255922222224,0.13886811595503498
nDi.2.2.2.t00923,4.848414202726571,-1.5179707608723116,1.349484326180585,0.03855477854477458,0.139079072533246
nDi.2.2.2.t08649,3.673216575385887,1.4937140126144968,2.107929948921663,0.03858296204415816,0.139079072533246
nDi.2.2.2.t03571,8.066036347193235,-1.3870530763769207,1.0777355295572597,0.03902919178187185,0.14053823622516912
nDi.2.2.2.t01270,10.27197930163476,1.4977352158497244,1.1413498016090988,0.03910561770319321,0.1406641094901711
nDi.2.2.2.t03232,3.678766168726984,1.4938632898765543,2.0934302971281027,0.03930403101404253,0.14092946427022437
nDi.2.2.2.t05588,3.8721114182031915,1.4053152306492775,2.0484952221069266,0.03929093279121678,0.14092946427022437
nDi.2.2.2.t09880,13.939942389341581,1.3911581176565337,0.9517171290474958,0.039264176316657864,0.14092946427022437
nDi.2.2.2.t08881,5.290709752412422,1.667890833958554,1.693576894106871,0.03937736895887052,0.14104333211033665
nDi.2.2.2.t08151,5.676162125748991,1.6790295848003822,1.684556265896151,0.039899130327770475,0.14261101166680448
nDi.2.2.2.t10540,5.436915718751536,1.6814883063073731,1.6830960477365886,0.03986672054704075,0.14261101166680448
nDi.2.2.2.t03793,14.591668843549492,-1.3155273485423737,0.9206996606064165,0.04009061770538052,0.14310245104703873
nDi.2.2.2.t06277,3.514589357654173,1.4671638833942986,2.068558719322914,0.0401209996891904,0.14310245104703873
nDi.2.2.2.t05949,12.077729007508747,1.4069667961028225,1.0816996785094215,0.04024727267326398,0.14340204717196578
nDi.2.2.2.t08711,3.5170443813718344,-1.5519003092606736,1.957576030424981,0.04032299150963302,0.1435210778600999
nDi.2.2.2.t12126,3.6050490672328768,-1.4955011006102594,1.6993047265519332,0.04044150690076404,0.14379202453604992
nDi.2.2.2.t02465,31.75012386284972,-1.081229883501164,0.6632640834630629,0.04097722143448349,0.14524005758178474
nDi.2.2.2.t06369,44.34199494039237,1.0873517741168657,0.6537547275539655,0.04090226971075101,0.14524005758178474
nDi.2.2.2.t09158,5.147093888585723,1.6312408076198974,1.7043182374689652,0.04096132363991151,0.14524005758178474
nDi.2.2.2.t07287,5.551989333041504,1.6501745262879626,1.6506809718470883,0.04102425327659035,0.1452549761108502
nDi.2.2.2.t05830,3.5615293526694902,1.435198086570507,2.041235018693272,0.041072852151925084,0.14527540615154316
nDi.2.2.2.t09529,10.462343358015328,1.5486473908575347,1.1760469331810168,0.04118462903187196,0.1455190225792809
nDi.2.2.2.t03893,14.947336300970646,1.3179343136567039,0.8938798111886064,0.041452404595455655,0.14614625758001282
nDi.2.2.2.t07098,13.254007184708504,-1.2445702393173736,0.8534446052988867,0.04149140508536331,0.14614625758001282
nDi.2.2.2.t08747,15.067804873912374,-1.2111223199542533,0.8076744898159146,0.04148911293610719,0.14614625758001282
nDi.2.2.2.t00870,7.673226823473644,-1.3844071134916967,1.0831871918168945,0.041844746240046325,0.1472379452761796
nDi.2.2.2.t02658,5.417928879273063,-1.4510749423914493,1.2330187910322163,0.04193458248083179,0.14724855463248596
nDi.2.2.2.t06131,6.563105086200286,1.6064903195789644,1.4098039007661098,0.04193081696081768,0.14724855463248596
nDi.2.2.2.t00868,3.4426298542178193,1.3978969464258668,2.0003242829979704,0.042022054276383086,0.14728170671649363
nDi.2.2.2.t04252,23.32376750671634,-1.2340674810105943,0.8212916061687147,0.04203086441673521,0.14728170671649363
nDi.2.2.2.t00186,7.920026783110964,1.573023901028381,1.298387724873822,0.04232868447252118,0.14816060657899313
nDi.2.2.2.t05831,13.338966260259685,1.3642949647467666,0.9682145998295607,0.04236904138609179,0.14816060657899313
nDi.2.2.2.t06234,6.0142640306911685,1.607053945817786,1.7258612819852297,0.042446498728561224,0.1482786031794847
nDi.2.2.2.t00078.t1,14.797042203158982,-1.261516430382931,0.872415976381329,0.0425312424677848,0.14831959802064734
nDi.2.2.2.t00429,14.24358700032074,1.3157629258870187,0.947010827279181,0.042545686578446304,0.14831959802064734
nDi.2.2.2.t01288,3.627327453852082,-1.4342516701952577,1.531585747530785,0.04329944143747282,0.15063764651887981
nDi.2.2.2.t05014,3.5076278702201424,1.3864660558138775,1.974398954963526,0.0432652291329152,0.15063764651887981
nDi.2.2.2.t00434,3.911018933484483,-1.454339242236538,1.4733475914808143,0.04334925192531962,0.1506564165273403
nDi.2.2.2.t08459,3.7343114261020323,1.330890187650405,1.9483752684902786,0.04342362036963381,0.15076040971729568
nDi.2.2.2.t01847,4.231478834116332,1.5509048823442713,1.8207845727795273,0.0436915490029334,0.15153551556027617
nDi.2.2.2.t01470,21.527698311709475,1.270559808549215,0.8627418341237951,0.04387350898647832,0.152011177203406
nDi.2.2.2.t02692,26.524771106982374,1.1596095643307334,0.7549773297199586,0.04408898498439985,0.15260187455824928
nDi.2.2.2.t00616,17.24881720475459,1.2542307410325557,0.875694208666606,0.0441647907211365,0.1527084303018298
nDi.2.2.2.t00399,3.7111605167254273,1.3910395691600428,1.9670905562044225,0.04421145595193345,0.15271411261604712
nDi.2.2.2.t02521,7.026118528093837,1.5710361435280433,1.3878775201870515,0.04441051453049143,0.1532456411876164
nDi.2.2.2.t02515,3.375654645995814,1.2474978799218024,1.8574544437984983,0.0447557069884099,0.15427983547224228
nDi.2.2.2.t05012,17.24306295687116,1.285071969795131,0.902793415344665,0.04497480509083473,0.15472062765528538
nDi.2.2.2.t08238,4.312229553778593,-1.4213019484793858,1.3715805799700516,0.04495938229070807,0.15472062765528538
nDi.2.2.2.t07218,9.90260275383243,-1.2936736674284872,0.9642983371592575,0.04510005140945462,0.15499430028456945
nDi.2.2.2.t12150,20305.005394536907,-1.2401900448664929,0.9148802534521021,0.04554167269496402,0.1563535969446538
nDi.2.2.2.t01265,18.490171981206387,-1.1484212719702633,0.7557284238012865,0.04638301494820659,0.15900036082132582
nDi.2.2.2.t02459,4.507059266570918,1.5283130990767773,1.766372595655967,0.04640635531046951,0.15900036082132582
nDi.2.2.2.t01143,3.6545425906688758,1.3668440086411053,1.917773559628269,0.046693583549537065,0.15918053809048213
nDi.2.2.2.t03297,10.267090170664037,-1.2519031828875515,0.9148273617837867,0.0466086202995746,0.15918053809048213
nDi.2.2.2.t04203,11.506634647644413,1.4408552928624812,1.08568402019339,0.04655023319112041,0.15918053809048213
nDi.2.2.2.t07826,3.8163552302812263,1.3747920404384109,1.9231368893801486,0.04657895974420171,0.15918053809048213
nDi.2.2.2.t09425,11.148027692158733,1.3589699409852927,1.040789217470661,0.046684286722631314,0.15918053809048213
nDi.2.2.2.t06798,3.5780249582564636,1.2743893639165194,1.867744066600673,0.04685206114098736,0.15956043312272003
nDi.2.2.2.t03307,5.757288720433932,-1.4160846751828484,1.2205854735069481,0.04728572985954225,0.16038407864037466
nDi.2.2.2.t03689,26.313561855576744,-1.0701777433283541,0.68778695137432,0.04725346746127158,0.16038407864037466
nDi.2.2.2.t05061,3.4252231827244195,1.3274425925039193,1.8913997444860147,0.04732888891437452,0.16038407864037466
nDi.2.2.2.t06049,5.213021855020997,1.598128623234627,1.5911856620557683,0.047328313651905936,0.16038407864037466
nDi.2.2.2.t08710,5.111683978387887,1.543584319832694,1.6118790482669962,0.04733032509404925,0.16038407864037466
nDi.2.2.2.t04653,19.20107025121136,1.252904965692561,0.8565217777707381,0.047486861285189925,0.16075392562810803
nDi.2.2.2.t05523,5.238521308998874,1.5337273986693163,1.6233610096219813,0.04795670893662488,0.16218260888637248
nDi.2.2.2.t03748,3.445298301466403,1.3164066996933645,1.8766423947600201,0.04807366041048592,0.16241619134698032
nDi.2.2.2.t08373,15.847036723167863,1.2479510372308877,0.8881491862174344,0.048220678570730625,0.16275078777305302
nDi.2.2.2.t04588,76.96402438914595,-0.9533581857716206,0.5768121259065242,0.04851029809095505,0.1635655378971367
nDi.2.2.2.t03099,7.101096902096221,1.5110708470534848,1.2850081636760176,0.04886076325436908,0.16403709065704025
nDi.2.2.2.t03463,42.3192809558895,-1.0233254876296103,0.6421772816908907,0.04878055692266315,0.16403709065704025
nDi.2.2.2.t04216,20.979640024229774,1.176943782258084,0.8133221770335797,0.04873987885310478,0.16403709065704025
nDi.2.2.2.t04542,3.4646192645811684,1.3120951674678019,1.862708014755566,0.04889195125420628,0.16403709065704025
nDi.2.2.2.t05790,48.69870032076776,-1.0182415989078086,0.6353728221491001,0.0488003991571519,0.16403709065704025
nDi.2.2.2.t08270,13.33026483183828,1.382550841151374,1.0210367454439586,0.04894039005158363,0.16403735479740283
nDi.2.2.2.t04302,4.886948451412334,1.4960012179709468,1.6370145605719393,0.04907357340043887,0.16432138299534912
nDi.2.2.2.t06457,8.800918332046468,1.4879183597027412,1.222133270351928,0.04919906941315517,0.16457913555169856
nDi.2.2.2.t07669,4.969894484847101,1.5528833783873903,1.7394013332079752,0.04927731071238571,0.16467846102109587
nDi.2.2.2.t08131,13.288265983564676,-1.197546526327845,0.8402822135905601,0.04946586819819083,0.16498350533752537
nDi.2.2.2.t10556,7.204221133774448,1.5442658881019486,1.3444574838807244,0.04943263909767935,0.16498350533752537
nDi.2.2.2.t05951,11.626223877025073,1.326251455638066,1.0066572346213034,0.04977212850621009,0.1658419055924014
nDi.2.2.2.t03516,9.187502088030499,1.5016181114864955,1.3013780104587778,0.05004749417207809,0.16643245120753813
nDi.2.2.2.t03620,5.5050553888414075,-1.324225905431364,1.211619149102173,0.05004047203475276,0.16643245120753813
nDi.2.2.2.t05675,20.341719763170154,1.1755104037081745,0.8000269505269672,0.05022191252205748,0.16684890036710967
nDi.2.2.2.t01197,4.7796517582827,1.476664768667892,1.6185000503379876,0.050427357032985454,0.16736750983941942
nDi.2.2.2.t05399,6.484560864573702,1.2855287609959023,1.435592820543113,0.05058452602911068,0.1677250364523396
nDi.2.2.2.t06087,8.48876357842099,1.402919106428543,1.146419905900457,0.05101479534656194,0.16898650958548642
nDi.2.2.2.t02108,7.685322313591104,-1.27731394331597,1.0292162080150606,0.05114007758799299,0.16907128964763374
nDi.2.2.2.t04428,3.437606614147108,1.232945138103801,1.7915190471332565,0.051108096869598635,0.16907128964763374
nDi.2.2.2.t05851,7.223528216271718,1.534810321232013,1.3231948970800014,0.05131605912135154,0.16948789925961483
nDi.2.2.2.t05601,36.15912168424234,-1.0407034065908383,0.6816365432820793,0.05146691604289673,0.16982079690418841
nDi.2.2.2.t01921,6.041190564171697,-1.3240306629876109,1.2425011698796538,0.051546846301758764,0.16991924456323199
nDi.2.2.2.t00235,71740.32434033664,-1.2341773310566604,0.9982039011873115,0.05180121322177105,0.1705919565516965
nDi.2.2.2.t06793,14.36206222361922,1.2509752476945342,0.9423187699246358,0.0519026712663955,0.17076029188711303
nDi.2.2.2.t04246,60.25648340464754,0.9935538810883101,0.6227453597144161,0.051956710686824815,0.17077244442801334
nDi.2.2.2.t08803,24.39113109461028,1.1673210505623943,0.8527512135107282,0.05204220699435034,0.17088786652936724
nDi.2.2.2.t08739,5.457204018999769,1.5109900056716257,1.541350006055571,0.052185399268254946,0.17119233493029087
nDi.2.2.2.t04271,5.240261306161057,-1.3458121405035532,1.2330029154331925,0.05230503361014378,0.1713012843862527
nDi.2.2.2.t04781,15.336069949545225,1.2563654819440626,0.9019986712525843,0.05231961398117859,0.1713012843862527
nDi.2.2.2.t03253,6.5672883801618696,1.4677236044206128,1.3608142276401647,0.05248815740395964,0.17168739625287474
nDi.2.2.2.t00611,10.356410061416623,1.3446237075389225,1.056532211619827,0.052558756001557544,0.17175269783938651
nDi.2.2.2.t07102,4.812425501165325,1.4539710381938937,1.5824369522884754,0.05301057475037376,0.17306243460372261
nDi.2.2.2.t05513,5.692024674701485,1.3180723573337707,1.4456266567870406,0.053077154162155485,0.17311317972887635
nDi.2.2.2.t01310,7.076890397789519,1.4558748572910694,1.2743132208258057,0.053202402722811,0.17324099776523597
nDi.2.2.2.t04616,5.293631666005204,-1.3449994444209705,1.37771418896439,0.05321849046915562,0.17324099776523597
nDi.2.2.2.t06345,5.675451574455868,-1.2911085987868127,1.2916031073380125,0.0532795931304531,0.1732736144760277
nDi.2.2.2.t10581,6.197917521382044,1.446419008459813,1.370967108008265,0.05347933546130929,0.17375661483214666
nDi.2.2.2.t01673,52.790692549090956,-1.001803007835156,0.6432822012593884,0.05362298288428782,0.1740566104722529
nDi.2.2.2.t01119,5.067249391283326,1.4446161666486013,1.572242221021069,0.05373035099829581,0.1742383848816629
nDi.2.2.2.t01257,5.199353912232987,1.449164131135717,1.5799575054749964,0.05386811835855943,0.17451829749019446
nDi.2.2.2.t03316,9.117345160787284,1.3440622306808214,1.142051334616594,0.05402982735440103,0.17487516639897738
nDi.2.2.2.t02987,7.456361204157112,1.4552741106987737,1.2980094128630761,0.054130152740351746,0.17503286758367315
nDi.2.2.2.t00459,10.016821593741643,-1.2632008521845879,0.988768595935523,0.054280734947508305,0.17520003449576663
nDi.2.2.2.t06016,8.832013465837157,1.37901221059918,1.1204875180784835,0.05428515219783335,0.17520003449576663
nDi.2.2.2.t03317,8.299950214690618,-1.3436500592379519,1.1920372928155525,0.05440147195448897,0.17540854835515834
nDi.2.2.2.t07824,10.870538388456207,1.3083095508624134,1.0057080542201686,0.05448801756351533,0.1755207555322355
nDi.2.2.2.t01081,12.251280848066715,-1.1742940405595104,0.9105075994258358,0.054812312584387436,0.1762306770485708
nDi.2.2.2.t09084,3.806751678003944,1.2841767667014374,1.7849796671196994,0.05480474065428961,0.1762306770485708
nDi.2.2.2.t02060,11.678982483536767,-1.1734123481912178,0.8961957147069809,0.05500086072092721,0.17658685327819293
nDi.2.2.2.t03454,4.599669432613551,1.4198372301030429,1.5826832611146533,0.0550272122391067,0.17658685327819293
nDi.2.2.2.t04400,6.291319415825095,1.355546728413647,1.4456821792197492,0.055249302930009014,0.17713198066029354
nDi.2.2.2.t05198,7.309340150844308,1.3709796974201816,1.1593158659213063,0.0558516609890956,0.17872531516510592
nDi.2.2.2.t06034,4.653374991076666,1.3999660818355486,1.591078922969199,0.055826503078329016,0.17872531516510592
nDi.2.2.2.t01198,11.833419837909723,1.256217129178416,0.9561135037426075,0.05605326313294258,0.1791718547399436
nDi.2.2.2.t03922,4.318961537191165,-1.3082054049050866,1.3153935999556956,0.056149670279646235,0.1791718547399436
nDi.2.2.2.t06833,15.068140665513488,1.3089072680673612,1.0032096753187145,0.0560990256508217,0.1791718547399436
nDi.2.2.2.t06960,4.883326750241182,1.4259266479912367,1.5421478457998432,0.05659908231339901,0.18043617218707653
nDi.2.2.2.t02059,4.599690392778504,1.399848764247214,1.5638505559421079,0.05666360754276047,0.18047225989205964
nDi.2.2.2.t00636,12.343224546023112,1.2506566862729465,0.93913126150858794,0.057158446371450226,0.18158355508732718
nDi.2.2.2.t02994,125.082404123404,-0.9737344721580283,0.6322401334220176,0.057157725997812596,0.18158355508732718
nDi.2.2.2.t03508,8.2303267089227,1.3880489607921567,1.1775791261059392,0.05717312406641079,0.18158355508732718
nDi.2.2.2.t06961,4.072456897018463,-1.2654809840474666,1.3709490470797014,0.05729316012390441,0.18179457356434403
nDi.2.2.2.t01130,25.920983534819214,1.086091607772854,0.7342290142015845,0.05738171388017829,0.18190539577716333
nDi.2.2.2.t04948,5.397498601439256,-1.310280409311926,1.2385614149597997,0.05745149625372947,0.18195655956363246
nDi.2.2.2.t06086,7.729824702769736,1.3980783783606312,1.2435615838829188,0.057611839105542614,0.18229417746828408
nDi.2.2.2.t04250,6.967093960060826,1.4207722777373104,1.2742839623639362,0.05780472109637983,0.18273402978464157
nDi.2.2.2.t07725,11.49723766224547,1.3523772789210835,1.120025931808389,0.05802878392970181,0.1832715410517212
nDi.2.2.2.t04458,3.3688243239935662,1.1431822838056105,1.6850710564507816,0.058199466221740485,0.18363961806897092
nDi.2.2.2.t03643,6.736084388544414,1.4240566853537877,1.3164899212808712,0.058313949856627446,0.1838298493621564
nDi.2.2.2.t12521,4.915012570678727,1.3638604477095593,1.566867245488192,0.058380577429734126,0.1838690052383084
nDi.2.2.2.t00735,4.10508969885891,1.2610041476085254,1.736520232671091,0.058948100876710666,0.18548419125584653
nDi.2.2.2.t05692,83.60800380588307,-0.9301498937603402,0.5984437688825527,0.0594660104399963,0.1869404146547428
nDi.2.2.2.t01941,8.69400103314055,1.3962062280744814,1.2461908204461514,0.05964028444862352,0.18726153989058356
nDi.2.2.2.t05423,6.338884436090287,1.3943503389430396,1.3279226405948352,0.059733781297644874,0.18726153989058356
nDi.2.2.2.t08919,8.738158967459238,1.3589881214878556,1.139627448735553,0.059680794565938354,0.18726153989058356
nDi.2.2.2.t10391,11.337548115946488,1.3138467110544716,1.0421758599804047,0.0599524249430912,0.18777343066201785
nDi.2.2.2.t01125,8.834770722689711,1.3292854475829683,1.1544337554745114,0.06024281277277048,0.18850887539228547
nDi.2.2.2.t07043,24.526205264528038,-1.0085070112295207,0.6879275003171693,0.0605061800176376,0.18908485271537553
nDi.2.2.2.t07310,13.410308331997843,1.1954124318048454,0.9255812970016983,0.06053836970781186,0.18908485271537553
nDi.2.2.2.t01727,6.016997293703745,1.3544226141265538,1.351588142298799,0.06089800702464979,0.18951012828221295
nDi.2.2.2.t02206,19.254779275283827,1.0956338393678018,0.7757234655919996,0.06088966875153909,0.18951012828221295
nDi.2.2.2.t04032,15.504791483293479,-1.087856327551323,0.793821532821544,0.060884895504009745,0.18951012828221295
nDi.2.2.2.t04177,13.480626013326638,1.1833856575717736,0.8820843038174709,0.06075985937101301,0.18951012828221295
nDi.2.2.2.t03526,7.394067614374004,1.3630771811592624,1.2405218458378633,0.06137805293283069,0.19082892350885583
nDi.2.2.2.t00556,33.215939344947884,-1.1087368886652007,0.8570620905850065,0.06168594267963528,0.19161054722465465
nDi.2.2.2.t06574,14.707238897841673,-1.1503050458693012,0.8657107162899703,0.06216196837430737,0.1929125313134955
nDi.2.2.2.t01350,26.437731930744537,1.0823194811898806,0.7660479395792226,0.06225008082834319,0.19300939138001838
nDi.2.2.2.t08396,6.100481108057712,1.366223063187378,1.2665991093657711,0.06257210830999492,0.19383067706621257
nDi.2.2.2.t02230,42.57358158759655,-0.9887742890353317,0.6801701692136339,0.06267913678085578,0.19397628212172235
nDi.2.2.2.t02852,21.469790883871976,1.144600193103561,0.8327161541133482,0.06279067151227923,0.19397628212172235
nDi.2.2.2.t04722,6.879461547595482,1.338720128832512,1.257308633125637,0.06273926304033384,0.19397628212172235
nDi.2.2.2.t06305,5.289496136988308,1.3818918885890876,1.4609478878893531,0.06285050334124419,0.19398444707324866
nDi.2.2.2.t08465,4.987639766698312,1.3380976585294497,1.5111784491463216,0.06316836992590234,0.19478828253514613
nDi.2.2.2.t01454,10.265190349829705,1.2684983076874163,1.166239095362298,0.06374604751982278,0.1955291204283435
nDi.2.2.2.t02376,8.75971525784216,1.30058080590113,1.1317097484385736,0.06351955118486655,0.1955291204283435
nDi.2.2.2.t02421,6.276993456021394,1.3591588300281299,1.3202424887078583,0.0636393393959884,0.1955291204283435
nDi.2.2.2.t03885,5.532432754103732,1.4211384533084188,1.4611453783908046,0.06371804528458712,0.1955291204283435
nDi.2.2.2.t04110,28.637001352176323,1.133758421724605,1.0277329194095446,0.06386377157901345,0.1955291204283435
nDi.2.2.2.t04637,8.839068838800603,1.248775281247017,1.0545421280868745,0.06366249534581085,0.1955291204283435
nDi.2.2.2.t05314,8.020452074884092,1.2990744600435695,1.116936204940109,0.06388198311523118,0.1955291204283435
nDi.2.2.2.t05835,4.887106128467605,1.4109800608668526,1.5588351842879071,0.06392741584759226,0.1955291204283435
nDi.2.2.2.t08595,5.9622385173287515,1.1227196967923483,1.3446707773176836,0.0638084667377643,0.1955291204283435
nDi.2.2.2.t01977,3.8763674177614975,-1.2390222412153573,1.3219563086483699,0.06404190372450137,0.19570282651667445
nDi.2.2.2.t02348,14.730506990731412,-1.0806238337632672,0.7885429717683621,0.0643768377069267,0.1965492650782137
nDi.2.2.2.t00056,4.405210752998017,1.2940528962163855,1.53441398394409,0.06457306449189215,0.19686977722515658
nDi.2.2.2.t00317,7.543854922157349,-1.1659420455837506,1.0428441588191744,0.06465593509104495,0.19686977722515658
nDi.2.2.2.t08026,7.698040269073716,1.2979240055972223,1.189959368284595,0.06462082932448714,0.19686977722515658
nDi.2.2.2.t05962,7.198358715792405,-1.178646678102688,1.031966478787782,0.06479932396531445,0.19695278395192348
nDi.2.2.2.t08336,4.396548619835192,1.246137449518302,1.5477832885651537,0.06475093560492275,0.19695278395192348
nDi.2.2.2.t07059,13.025419609943448,1.237650013673189,0.9694234989295328,0.06499440032855969,0.19736885041582314
nDi.2.2.2.t11863,8.811388851215796,-1.2087290356429774,0.9894659072128968,0.06514193084740606,0.19763991899320335
nDi.2.2.2.t01016,7.162962750299479,-1.189348343332582,1.0112903465730048,0.06541257833390558,0.1981066658112569
nDi.2.2.2.t02309,6.138548388121338,-1.1777624647153013,1.1293162030121402,0.06537949354197074,0.1981066658112569
nDi.2.2.2.t07577,10.856232426423626,-1.134667934161483,0.8894500249308631,0.06548873999789415,0.19816039792404724
nDi.2.2.2.t04667,8.589849852228223,-1.1793541868792703,0.968066865384247,0.06570156955176396,0.1986272049194147
nDi.2.2.2.t08841,11.259063613200885,-1.1318129489491269,0.9136123585045047,0.06576263012153406,0.1986347652468776
nDi.2.2.2.t01796,6.910513353974477,1.285718225111142,1.137495096521672,0.06609921661696493,0.19947379249532476
nDi.2.2.2.t00701,4.838377451612237,-1.1680256895936312,1.2398282257253435,0.06617366979732625,0.19952096706891612
nDi.2.2.2.t03379,6.953835287146316,1.2929963106451818,1.2638832775887965,0.0664396313737134,0.20014496413822014
nDi.2.2.2.t01900,15.379603977059705,1.1137160432239077,0.8465573917821766,0.06652606061780995,0.20022750453914054
nDi.2.2.2.t04769,8.402751198448438,1.284581069913263,1.135315859008694,0.0667384392211157,0.20068863992732666
nDi.2.2.2.t08111,6.437863200351097,1.3046591895372657,1.3276813855028322,0.06697619154908804,0.20122519197033362
nDi.2.2.2.t02759,4.517014134487281,-1.2389379412909876,1.2438885710396375,0.06704616298323504,0.2012571547248967
nDi.2.2.2.t07973,8.28851502089472,-1.201666548581368,1.089514631475962,0.06728447544835309,0.20179393520850017
nDi.2.2.2.t09385,4.075331465091833,-1.2016097325180406,1.2983814998024963,0.0674986203217444,0.20225734993936131
nDi.2.2.2.t05144,5.607716150686858,1.2729035176672772,1.345699879761942,0.06769399021764469,0.20266373770366353
nDi.2.2.2.t10098,6.858797913783791,1.3290617621006684,1.2541937746754699,0.06809255136252111,0.20367719067166806
nDi.2.2.2.t04529,6.641925695714548,1.264577220236619,1.2490146944295812,0.0685961462340712,0.2050027559700172
nDi.2.2.2.t06817,7.4829885042023765,1.2610519711119688,1.1163259506014238,0.06912615933934667,0.20640487014002104
nDi.2.2.2.t04258,6.638187068063695,1.2802771475193642,1.2319648561342906,0.06966486125619654,0.2078304392093392
nDi.2.2.2.t03579,5.6839297911669036,0.996373380017918,1.2894882362433546,0.06976931612276606,0.20795915666820955
nDi.2.2.2.t01564,15.778829437883688,1.1068224551119632,0.8434085966979302,0.07022819432510052,0.20914313885051883
nDi.2.2.2.t05875,10.011215675768913,1.1898454750604095,0.9762037050717105,0.07080842199128691,0.21068611174951332
nDi.2.2.2.t07975.t2,7.031104404285389,1.2798748506861892,1.304289002454256,0.07115874257591785,0.21152130764169186
nDi.2.2.2.t00713,4.5778228352468044,1.2594721516012486,1.4516326156144006,0.07133855422821211,0.21152130764169186
nDi.2.2.2.t00824,3.4386038910791017,-1.2013217736339186,1.416256982129124,0.0712679586375496,0.21152130764169186
nDi.2.2.2.t01352,10.593673579078203,1.1857911579266809,0.968289896395802,0.07132013096813312,0.21152130764169186
nDi.2.2.2.t09512,4.43609923050115,-1.1731809622640617,1.2104591734070114,0.0716932831494931,0.2123874379415551
nDi.2.2.2.t01266,9.23345629833777,1.219029707117512,1.0743023610957827,0.0718533254874952,0.2126758115650818
nDi.2.2.2.t08550,4.180610486342532,-1.1832743432980377,1.2493111294305907,0.07226624664515122,0.2137115157980409
nDi.2.2.2.t04638,4.274759052217282,1.239082055237394,1.4599043843382176,0.07250949040281073,0.2142440692041237
nDi.2.2.2.t01819,7.572053061152776,1.2341494143945257,1.1241893035229213,0.07279349173334693,0.21489601737120345
nDi.2.2.2.t02542,7.282985935350518,1.2445296747995211,1.2034822907327816,0.07302855346816603,0.2154024811861036
nDi.2.2.2.t01493,6.6756506595922325,1.272547687325188,1.2181208937856867,0.07313603778601097,0.2155320939792782
nDi.2.2.2.t08638,8.288442328368559,-1.1167031116482016,0.9595662567177603,0.07328663712684236,0.21578843154014696
nDi.2.2.2.t02569,4.0505007239061,-1.169322316287148,1.2575199744053003,0.07364441635261598,0.21636294115959487
nDi.2.2.2.t03574,5.189323494311598,1.1296573146171138,1.3349855913308764,0.07367311233470875,0.21636294115959487
nDi.2.2.2.t09377,19.413250806665964,1.0395466438401089,0.7767413011601565,0.07362019624110962,0.21636294115959487
nDi.2.2.2.t00398,8.284664457888383,1.2251440161437455,1.1410717183810843,0.07382876839438816,0.216445274324775
nDi.2.2.2.t08607,24.144123414900356,-1.0028866688657205,0.7565883562986124,0.07377965175650524,0.216445274324775
nDi.2.2.2.t00945,6.990675947904552,-1.1149396746724156,1.0717255712149454,0.07396832909781899,0.21666716088065804
nDi.2.2.2.t06839,4.274352727236949,1.1922853390584276,1.4675643689124176,0.07465803254952706,0.21849874582225695
nDi.2.2.2.t01612,3.5875643603272005,1.0777368433253904,1.5686325673915396,0.07479352248734691,0.21851819834373878
nDi.2.2.2.t08893,6.656603098778559,1.2451035617401678,1.2127309199895029,0.07478669011532285,0.21851819834373878
nDi.2.2.2.t03016,4.176861650081077,-1.0884676498764332,1.2708731407465907,0.07489257377221946,0.21861928591684027
nDi.2.2.2.t00679,8.70013402297411,1.2291203232789938,1.1806432002261082,0.0758931272163712,0.22059082049522805
nDi.2.2.2.t01790,29.657271785147664,0.9894092573410644,0.7189449838331292,0.07570843895055351,0.22059082049522805
nDi.2.2.2.t02554,7.397210183495608,1.2258033794812107,1.1979944873052513,0.07581862878712879,0.22059082049522805
nDi.2.2.2.t03653,10.465629455610125,-1.100671561108445,0.9049198989464411,0.07566556591391892,0.22059082049522805
nDi.2.2.2.t05311,50.4957417614029,0.9314205753569622,0.6610542666578506,0.07584958337358559,0.22059082049522805
nDi.2.2.2.t08020,4.3070976031951504,1.2063466798531488,1.4371640979990066,0.07608826070305746,0.22096864752120798
nDi.2.2.2.t02384,10.748453276547048,-1.0619833517537693,0.8801523568880933,0.07618475073701511,0.2210596017963689
nDi.2.2.2.t01916,10.47647757396883,-1.0772784123581112,0.8810590018627658,0.07633928240520857,0.22131867172518585
nDi.2.2.2.t10079,5.487022643859802,1.3974606213937382,1.4372263194784511,0.07649657447102266,0.2215852951372407
nDi.2.2.2.t09639,7.618857678233496,1.1839448233139795,1.116443751933226,0.07662979482732386,0.22178179526815917
nDi.2.2.2.t05015,8.385057220318602,-1.107675714586119,0.9428760712168195,0.0768197644202315,0.22214206386481267
nDi.2.2.2.t06496,11.552799167634475,1.1264553969791966,0.945293029969973,0.07698349308752932,0.2224259016634578
nDi.2.2.2.t01373,6.8696430270921365,1.221186089285683,1.2237561916903938,0.07711284978287034,0.2226100310327627
nDi.2.2.2.t04125,10.978487781844708,1.1914301344217495,1.0083929017576085,0.07729811249560739,0.22276567339430778
nDi.2.2.2.t04974,11.507927606363259,1.1311003869866412,0.9668271139535966,0.07725036728116197,0.22276567339430778
nDi.2.2.2.t00739,9.622067490975322,-1.1085776527571312,1.0596066043330647,0.07741448683201484,0.22278471986913542
nDi.2.2.2.t06761,7.561092842459573,-1.1388065565342365,1.1370218041469702,0.07743608040262696,0.22278471986913542
nDi.2.2.2.t02575,4.448313245971062,1.293467660905734,1.4374575944771917,0.07759306163907242,0.22304717379638447
nDi.2.2.2.t05789,4.524828807757523,-1.1272609992741496,1.184217089052858,0.07851313275590319,0.22550088595090906
nDi.2.2.2.t02420,29.660189334110242,-1.0641940478211176,0.8801330727212084,0.07874629454138664,0.2257881919563681
nDi.2.2.2.t06077,17.261579200732083,1.0264955943351013,0.7891672729813547,0.07873997966338425,0.2257881919563681
nDi.2.2.2.t00896,7.271365875161579,1.194671202062674,1.1011841868405552,0.0791045824644372,0.22662393895217145
nDi.2.2.2.t01875,4.357154357210098,-1.1322037731836432,1.2121143452225973,0.07951799208843922,0.22685031889317564
nDi.2.2.2.t04253,4.25738134787893,1.1757996591740996,1.4196142434778003,0.07926069911448189,0.22685031889317564
nDi.2.2.2.t04607,7.270509507187367,-1.0782244258566644,1.0620714470170403,0.07935767829377884,0.22685031889317564
nDi.2.2.2.t05897,4.241812085179235,1.1571525720681133,1.4269100122791367,0.07949520137247616,0.22685031889317564
nDi.2.2.2.t10132,6.839226994079062,1.2404877949307185,1.18241578348056,0.07940924491621493,0.22685031889317564
nDi.2.2.2.t03614,12.849428854339253,1.087093872328959,0.8851646542267843,0.07959084155461447,0.22686733996071623
nDi.2.2.2.t08228,6.653368681700409,1.2032271702640613,1.2070124869627044,0.08027455897120728,0.2286241007811378
nDi.2.2.2.t02740,11.895565958887135,1.091107430966276,0.91220645810091,0.0803971045620992,0.2287810223780541
nDi.2.2.2.t06256,5.6885521278087285,-1.0992780740648476,1.0945742843850093,0.08146544163221142,0.23162680470784672
nDi.2.2.2.t01818,21.402395729400354,-0.9402992656858975,0.7042520430298758,0.0817635326325557,0.2322796504938266
nDi.2.2.2.t04673,10.851605314029587,1.092197756091716,0.9499646035082658,0.08217228746222666,0.23324552223587686
nDi.2.2.2.t05384,5.750494221753886,1.2223668811496866,1.2629564047968092,0.08253182884575733,0.23407020354917127
nDi.2.2.2.t05159,20.35282194675912,-0.9565628981815227,0.7379014665515468,0.08277939676637579,0.23431156581760854
nDi.2.2.2.t05803,25.772467350040788,-1.0300814882779945,0.8399088695715979,0.08272508988539314,0.23431156581760854
nDi.2.2.2.t09689,4.134466250249171,1.1311258255265544,1.3950175325640524,0.08282416492196717,0.23431156581760854
nDi.2.2.2.t02079,17.413564905134958,1.0165567374182156,0.8003891237968422,0.08305370347545425,0.234765135157284
nDi.2.2.2.t02568,5.08026919013678,1.1663358059655846,1.2903354038945785,0.08313603049939203,0.23480217773017298
nDi.2.2.2.t05385,8.274703461263655,1.1319276293147642,1.0155861486179958,0.08323029203504835,0.2348728374233644
nDi.2.2.2.t06852,9.8014671440699,-1.037565216896989,0.8991714307705961,0.08332097365282498,0.23493328564454058
nDi.2.2.2.t03709,4.011703629317304,1.1376283456482532,1.4056735040001505,0.08344433236348044,0.23508569383465583
nDi.2.2.2.t04565,4.818513289259475,1.1208251282669361,1.3230370459667022,0.08366741627208223,0.23551856929037587
nDi.2.2.2.t08536,4.560619345775057,1.1723310738787174,1.4121698561620735,0.08376983536911287,0.23561134458709027
nDi.2.2.2.t00825,4.937142099411561,1.01966741855151,1.283950257081631,0.0839423648269862,0.23590099543756185
nDi.2.2.2.t04097,42.94372077382227,-0.8788645186123711,0.6265195169959423,0.0841452596630427,0.23627543110682192
nDi.2.2.2.t06825,3.427119424849791,-1.069899773574474,1.2779466416715808,0.08435807529757654,0.23667708139733631
nDi.2.2.2.t00975,9.061351649989923,-1.0447368434326307,0.8961013839583971,0.08465308027293958,0.2370747654567379
nDi.2.2.2.t03086,5.475270396831667,1.2011922890268214,1.3731092376104563,0.08475790538938278,0.2370747654567379
nDi.2.2.2.t06806,7.6375849541559155,1.2060427175516064,1.1453067843555025,0.08477938988768369,0.2370747654567379
nDi.2.2.2.t06940,4.903704846589781,-1.1223415726493484,1.2806383816853173,0.08468947509983303,0.2370747654567379
nDi.2.2.2.t07256,4.988416187488022,1.050276423201171,1.2849743681344783,0.08491229509894545,0.2372508278217652
nDi.2.2.2.t04007,11.389528449108994,1.0971300333776581,0.9364636531778278,0.08508232456829688,0.23733490537472288
nDi.2.2.2.t04419,8.129893671100058,1.146824879180944,1.1725228549749842,0.08502488866220517,0.23733490537472288
nDi.2.2.2.t04352,4045.961493333996,-0.8568855794809686,0.6146755704608593,0.08559643451709026,0.23857280680523432
nDi.2.2.2.t08102,17.642216342704593,1.0217818592160837,0.8273085171149921,0.08575167758528368,0.23880926959711188
nDi.2.2.2.t05239,11.380901438939334,1.1390691892847904,0.9846433096612686,0.08586047146720911,0.23891609451745144
nDi.2.2.2.t07927,5.259986248485649,-1.0253532587990501,1.1688164963547767,0.08622960137722512,0.23974656382913737
nDi.2.2.2.t07260,4.044492219651174,1.103721185497011,1.392832467908472,0.08639269330458879,0.24000328885271513
nDi.2.2.2.t00559,215.9579488089518,-0.8174036599276373,0.571015457643501,0.0873740120801959,0.24193685630695877
nDi.2.2.2.t00809,4.363669649446659,-1.0472465754560365,1.2148676544856705,0.0872691429852711,0.24193685630695877
nDi.2.2.2.t04398,4.692615926606377,1.1084036357687281,1.3187560094225264,0.08725362990515542,0.24193685630695877
nDi.2.2.2.t05358,20.43146845953966,0.9911349728321204,0.762464383524466,0.08732056851569807,0.24193685630695877
nDi.2.2.2.t06853,11.041752267607134,-1.0289082023998435,0.8663791627282418,0.08767038370797814,0.24249548112073857
nDi.2.2.2.t08508,15.271332031006699,1.0470695599447586,0.9414054763681958,0.08771873683229547,0.24249548112073857
nDi.2.2.2.t00468,4.392283212347292,1.1250107258550488,1.363652134810882,0.08843155115155137,0.24426695562382916
nDi.2.2.2.t09112,7.175055820673314,-1.0732056045145426,1.0416016156609398,0.08872351744648654,0.24487402048696694
nDi.2.2.2.t00096,6.785226758310038,-1.043613898634987,1.0096681483714796,0.08901591244208984,0.2454812804907063
nDi.2.2.2.t06439,8.511009173039344,1.1109193697046675,1.0181543961424115,0.0894851410886707,0.24657481606236475
nDi.2.2.2.t03410,8.143118325405336,1.1317841685071832,1.0951876411503927,0.08966495505418784,0.24686974638295872
nDi.2.2.2.t00309,5.811577620735772,1.1639567631189793,1.1920061333519414,0.08973860362937988,0.24687213585633136
nDi.2.2.2.t00607,6.460284786916645,1.1505048378214096,1.1685594987825365,0.09010943044910356,0.2476914003917012
nDi.2.2.2.t02714,4.68450899247117,1.0155606895138207,1.2856642962392812,0.09066067135173417,0.24840145171654465
nDi.2.2.2.t06531,3.9382568556508204,1.0839261204935517,1.369939746675631,0.09058694629548367,0.24840145171654465
nDi.2.2.2.t06939,5.084026547160954,-1.0889026299939384,1.128849486590495,0.09046404754422308,0.24840145171654465
nDi.2.2.2.t08466,6.529153990406239,1.1334335306969412,1.1711320568887402,0.09062009854514808,0.24840145171654465
nDi.2.2.2.t04362,4.477345656020376,1.2204498050305947,1.3950604349742275,0.09074129538882168,0.24842169003945372
nDi.2.2.2.t02258,13.944565098901961,-0.9757572405231423,0.7946593379626905,0.0910698186375998,0.24891927866135255
nDi.2.2.2.t11857,29.52666693361781,-0.9956686873785675,0.8468722200575978,0.09103273192819962,0.24891927866135255
nDi.2.2.2.t10306,13.733757440097223,-0.9979322420147755,0.8226699031243792,0.09116025606158813,0.24896585230346777
nDi.2.2.2.t06482,5.534430001433887,1.1285994993118142,1.254616138975246,0.09131799062515865,0.24919599694331304
nDi.2.2.2.t04454,9.075878197914673,1.0643987797037364,1.0188579713031833,0.09155933196083543,0.24965374116652234
nDi.2.2.2.t04315,4.0667407046692485,-1.0414827485625044,1.194892904701459,0.09207033916066278,0.2506441335738107
nDi.2.2.2.t07897,4.164128413130996,-1.0381629673309094,1.3193072655248086,0.09201690435352747,0.2506441335738107
nDi.2.2.2.t04082,13.956724996971502,1.0066614211836242,0.9814396324178991,0.09217662853869396,0.2507322566184843
nDi.2.2.2.t08359,7.8434857480906635,1.0855639208230463,1.0786032645983976,0.09240407435608561,0.2511495354293609
nDi.2.2.2.t01613,9.354738443195458,1.1239689798953907,1.0211814271824702,0.09250163430977248,0.2511856538363942
nDi.2.2.2.t03243,10.45352398060553,1.0583707040103787,0.9377052188422519,0.09256546795268064,0.2511856538363942
nDi.2.2.2.t01027,4.426075669771048,1.1275650690049088,1.344550940521552,0.09283770116105623,0.2513724955754197
nDi.2.2.2.t04800,11.934062332813935,1.0344699264835302,0.8969332861332453,0.09282437478172996,0.2513724955754197
nDi.2.2.2.t05924,10.749337970710734,1.0408894043036965,1.0121099069359407,0.09285664414976441,0.2513724955754197
nDi.2.2.2.t01432,16.327100224516453,-0.9440479042294931,0.7491418136132729,0.09318832850458775,0.25206922670459464
nDi.2.2.2.t00278,21.292049254096785,0.945497425020395,0.7613083197489097,0.09332120958309144,0.2522275242277659
nDi.2.2.2.t05179,4.661975199357181,0.9372069105743536,1.2353300498908097,0.09357007569357796,0.2526988031469876
nDi.2.2.2.t01979,8.92618977175095,-1.0111711052301118,0.8926491991791454,0.09383852923385777,0.2529350332947224
nDi.2.2.2.t02746,6.7731850099774515,1.076778763503272,1.0608702028773112,0.09387333394221949,0.2529350332947224
nDi.2.2.2.t04978,3.8282924753253718,1.0575774235725028,1.3620560321085355,0.09395582015075182,0.2529350332947224
nDi.2.2.2.t07585,15.849163464073795,1.0318843153748116,0.8959977591729279,0.09392255772844858,0.2529350332947224
nDi.2.2.2.t05669,5.001409361127106,0.9488787435201084,1.2288945430290703,0.0941542328394642,0.25306747844014466
nDi.2.2.2.t08722,8.110329183116805,1.1373944661906197,1.094224314850596,0.09410342798277205,0.25306747844014466
nDi.2.2.2.t07387,3.8491392578913395,1.0633656533114884,1.3504462935015316,0.09499285219014375,0.2551193623348912
nDi.2.2.2.t06582,9.890867588184237,1.0647375480436847,0.9456926558091855,0.09513249505647708,0.2552922652148499
nDi.2.2.2.t01460,6.960500980017261,1.1015649098320568,1.0748931753278306,0.09538821868732426,0.25557412147504255
nDi.2.2.2.t03910,7.735879286434646,1.099918957884657,1.0888628846057824,0.09531904337322138,0.25557412147504255
nDi.2.2.2.t03459,7.2370113089571335,1.087758587158775,1.0724721827219457,0.0958923627431675,0.25672209504721716
nDi.2.2.2.t04482,3.603693859369347,1.033964144859779,1.3980214712623364,0.09618738629076491,0.2573088440838127
nDi.2.2.2.t04483,6.887700492035375,1.1250792475797144,1.1594967853080151,0.096573160320832,0.2581372417716802
nDi.2.2.2.t06533,7.327891541982987,1.0887178559486357,1.0654691897815987,0.09704387415284463,0.2591911977373614
nDi.2.2.2.t09977,9.770953736012444,1.0520246384467544,0.9540967770156809,0.09712043184579917,0.259191585224981
nDi.2.2.2.t03513,29.883859212727568,0.88719095986336,0.6810014250932955,0.09740037444227331,0.25923750009694285
nDi.2.2.2.t07675,7.475136277531844,1.0766756963966995,1.0791662424986705,0.09740221596303202,0.25923750009694285
nDi.2.2.2.t07688,3.979953592976886,-0.998173499341099,1.196706991004251,0.09743244709903476,0.25923750009694285
nDi.2.2.2.t10184,34.8523556669278,0.8914891620302872,0.6944130709128624,0.09744334098573176,0.25923750009694285
nDi.2.2.2.t02555,9.130259780202863,1.037575628208076,0.9885283097369942,0.09818060849259395,0.2609942194411275
nDi.2.2.2.t05173,9.134226154155751,1.0338487017078555,0.98835557929135,0.09888834164009863,0.26266973754362927
nDi.2.2.2.t04217,6.6538905166603,1.1073952411239558,1.1385781219030033,0.0993088934549927,0.2635804120495581
nDi.2.2.2.t01086,19.061315018912307,-0.8956493796157855,0.709618520939452,0.09957099163694375,0.264043193387983
nDi.2.2.2.t07278,4.819265177861406,0.9132326731375829,1.2196181915071116,0.09963894090112566,0.264043193387983
nDi.2.2.2.t02698,4.84675871055348,0.937340924352422,1.2190972083769855,0.09985747791182925,0.26438897650712556
nDi.2.2.2.t03716,17.336079842525677,-0.9331671608223105,0.7810420224559393,0.10004140194283877,0.26438897650712556
nDi.2.2.2.t04914,24.175179885031994,0.9214849495524665,0.7517855439846717,0.10008120455045674,0.26438897650712556
nDi.2.2.2.t06251,10.45485872968607,-1.0171387149435973,0.9731251695964379,0.09994633296063503,0.26438897650712556
nDi.2.2.2.t02764,4.410787824708067,1.0976444094378837,1.3147440645396808,0.1003841439315962,0.2645403213450636
nDi.2.2.2.t04108,7.786023343859268,1.0791241100261135,1.0736838325033766,0.10023493045575949,0.2645403213450636
nDi.2.2.2.t05224,9.357002254738294,-0.97111932729777,0.8793099549521848,0.10039845148441447,0.2645403213450636
nDi.2.2.2.t06011,6.6904740589127725,1.1020955873152127,1.1490979501430474,0.10045045220885669,0.2645403213450636
nDi.2.2.2.t03460,13.144065287515819,1.0023923601106963,0.9277986008933407,0.10059209164335546,0.2647078160234769
nDi.2.2.2.t02892,5.3023909591340805,1.0859316199765987,1.2156424683581168,0.10074491623023875,0.264904461901527
nDi.2.2.2.t02636,5.304805188884958,-1.010749369079867,1.0670446857903897,0.10093617048207991,0.2652017740319249
nDi.2.2.2.t01025,15.58746961614707,0.9510566485003445,0.7979604680573166,0.10117834237799801,0.2652217444715373
nDi.2.2.2.t02707,3.5550930107611283,-1.0339701906935057,1.268567957331102,0.10102319678851453,0.2652217444715373
nDi.2.2.2.t06952,3.832039481282094,1.02861946570974,1.3257087317913703,0.10116826425261306,0.2652217444715373
nDi.2.2.2.t02470,8.863721768095374,1.0511728231719837,0.9824317541556914,0.10155720510760809,0.2654256905250279
nDi.2.2.2.t05408,3.7902116237957757,1.0069549082549807,1.3333222071113586,0.10134140225858947,0.2654256905250279
nDi.2.2.2.t05643,32.68588508762487,-0.8487174515653169,0.6608992309324163,0.1016473974033052,0.2654256905250279
nDi.2.2.2.t08116,10.08589738302782,1.0339862943170837,0.9462667704907282,0.10141933646113624,0.2654256905250279
nDi.2.2.2.t09865,15.487239912705059,0.9707654999901978,0.8109401863769405,0.10163049862937157,0.2654256905250279
nDi.2.2.2.t02532,3.968709428959478,1.0109965591884347,1.349421548979335,0.10180553513098249,0.2656341347417635
nDi.2.2.2.t07477,11.430347515684009,0.9976792305475336,0.8848632540167191,0.1024504534510181,0.26711140515438386
nDi.2.2.2.t00123,7.266717260760146,1.0383678152153688,1.1584017256043013,0.10262759232030996,0.2673677366747246
nDi.2.2.2.t06116,6.707408924273939,1.0671781478018267,1.076326430729762,0.10298541704766095,0.2680940403880782
nDi.2.2.2.t05084,6.043932755897816,1.076352996864923,1.1489607227375123,0.10306609223893252,0.26809830128409445
nDi.2.2.2.t09411,7.609687632009336,-0.9934377258935132,0.9691888832259309,0.10349556934425341,0.2690091733453698
nDi.2.2.2.t00503,4.925600892421008,0.8335762044501632,1.1797539217187294,0.10364087663273647,0.26913965617339297
nDi.2.2.2.t04497,4.928835603550182,0.9773544786666072,1.2273240560357777,0.10386315151266845,0.26913965617339297
nDi.2.2.2.t06779,6.214761875009601,1.0496283472264973,1.1531463034009213,0.10386014431184666,0.26913965617339297
nDi.2.2.2.t09464,4.859602613588091,1.0870986856657974,1.3471478351942816,0.10378328162594008,0.26913965617339297
nDi.2.2.2.t02958,6.32051407602139,-1.00998900021545,1.0432119326441416,0.10424471241704798,0.26992218665544027
nDi.2.2.2.t01548,6.925700618280885,1.0462233278198705,1.064035765310071,0.10486603233911862,0.2711170592182091
nDi.2.2.2.t12006,3.5088712548196477,-0.9312879051681359,1.2240472670038116,0.10483585992563567,0.2711170592182091
nDi.2.2.2.t00150,9.4430210309266691,1.0215879387410547,0.9396365798541989,0.10507760556572471,0.27145715009820126
nDi.2.2.2.t00352,14.836859203791164,0.9412441034836205,0.8065846345904291,0.106075070496322,0.2736172160635165
nDi.2.2.2.t04819,42.346222454335496,-0.7966073067182479,0.6015957037633278,0.10603113290706306,0.2736172160635165
nDi.2.2.2.t04160,13.442005544458707,-0.9272735647548094,0.8551740462175458,0.10646528414544303,0.27441507889159783
nDi.2.2.2.t03223,9.065023496675702,0.9965896424338478,0.9767415449556094,0.10663811691099002,0.27444346931872393
nDi.2.2.2.t05136,7.424068206886853,1.013274103143858,1.0541655315789356,0.10656920741215209,0.27444346931872393
nDi.2.2.2.t00202,16.657061649706755,0.9288550930407952,0.8001232674907083,0.10702596758957073,0.2748573437274557
nDi.2.2.2.t04265,9.751461460985972,-0.9495007071029058,0.8489714467997606,0.1071230567239671,0.2748573437274557
nDi.2.2.2.t06283,6.67782554393442,-1.002773043228796,1.0422736478592465,0.10708285946491099,0.2748573437274557
nDi.2.2.2.t10082,3.406894199344312,-0.9966580804132473,1.254508440550796,0.10706985223201726,0.2748573437274557
nDi.2.2.2.t02874,32.16137304214817,-0.8120891174798547,0.6215341521767119,0.10738139712441057,0.2751040023006047
nDi.2.2.2.t03455,6.535685205115084,1.0639146352336268,1.1229836944630396,0.10736450735907822,0.2751040023006047
nDi.2.2.2.t02787,3.405505926779239,-0.9837080956505654,1.2075240848871096,0.10760053215928043,0.27537643646754306
nDi.2.2.2.t08476,3.6559982898813606,0.9848198004617996,1.3141534060306654,0.10767591934947127,0.27537643646754306
nDi.2.2.2.t08549,12.30837694128077,0.9644525813306203,0.9309071752463014,0.10780098373387012,0.27537643646754306
nDi.2.2.2.t09972,5.0341825757520144,0.8195185852092637,1.1655687691218939,0.10781247276795318,0.27537643646754306
nDi.2.2.2.t00761,5.770958393333526,-0.964053474563572,1.0425388305088001,0.10816236120532727,0.27606224921630557
nDi.2.2.2.t08783,7.085959382966372,-0.9831202304955619,0.9553742980775498,0.10872065397870333,0.27727854007200126
nDi.2.2.2.t06560,3.6275299699164285,0.9535504329835242,1.3036882057559949,0.10929626946568473,0.2785371495323836
nDi.2.2.2.t02364,5.870913172826308,-0.9805174867841713,1.0083456940614268,0.11018910233806403,0.2797615532415518
nDi.2.2.2.t05236,5.858017902727755,-1.0077795233917914,1.0481479798362423,0.1101393414726535,0.2797615532415518
nDi.2.2.2.t05772,10.597328111977951,0.9841455537630515,0.907127724123673,0.10996056216838937,0.2797615532415518
nDi.2.2.2.t06241,3.7582933250736055,0.979032174203326,1.2927884680269865,0.10987935326940336,0.2797615532415518
nDi.2.2.2.t08762,8.492138060454737,-0.9808674864134488,1.0417521613522773,0.1101534716315007,0.2797615532415518
nDi.2.2.2.t00964,5.506661433695849,1.0257547544147818,1.145993043573487,0.11050048046258969,0.27998748780463373
nDi.2.2.2.t03739,4.119093762461412,1.0879612368295881,1.3124216665740522,0.1104568131696477,0.27998748780463373
nDi.2.2.2.t04452,73.74944226962896,-0.7456650065264372,0.5547908458468167,0.11052572115872776,0.27998748780463373
nDi.2.2.2.t00577,4.503735948653199,0.9677697305084736,1.2372127199836145,0.11126133731507117,0.2816406389348667
nDi.2.2.2.t04618,3.8472838365436584,0.9756486565843066,1.2872685543618267,0.11142813474572756,0.2818525227871051
nDi.2.2.2.t07257,5.2111019113625545,0.9978558153679655,1.2315646561104712,0.1117270707413952,0.2819778452044736
nDi.2.2.2.t07746,6.581089515346548,1.0450690127379763,1.1314387720720758,0.11165576478228922,0.2819778452044736
nDi.2.2.2.t08193,26.195010981176033,-0.8692341072353477,0.7361674009597483,0.11163277988941105,0.2819778452044736
nDi.2.2.2.t05078,3.6718850477913247,0.9674579480860174,1.296042933525094,0.11192697984638333,0.28221332117818454
nDi.2.2.2.t08875,6.526306460672864,1.054596566997535,1.1130600542432376,0.11198677190620177,0.28221332117818454
nDi.2.2.2.t05111,5.392771049529399,-0.9732860845160621,1.0284936259454824,0.11221161773357285,0.28257001288216715
nDi.2.2.2.t06147,4.166072605764202,1.063055636478847,1.2998951257635423,0.11232379799200949,0.28264267269205945
nDi.2.2.2.t06803,3.9739830218532006,-0.9800883985152078,1.2039248448934377,0.11241154256947422,0.28265378235408195
nDi.2.2.2.t04118,11.976287109460678,1.008124351382027,0.9225381580717392,0.11281105699256182,0.28292988067196206
nDi.2.2.2.t04169,6.408070176199939,1.013812987952288,1.133629135929523,0.11285499072793771,0.28292988067196206
nDi.2.2.2.t08242,32.39852791291038,0.8786670870351058,0.7307721502987945,0.11265609146663762,0.28292988067196206
nDi.2.2.2.t08471,5.597410279758707,1.0337334018545556,1.1344443510124,0.11269329708338308,0.28292988067196206
nDi.2.2.2.t00929,3.6984946389279356,0.9661927136407256,1.2815087332481547,0.1131564813474352,0.2830581008337022
nDi.2.2.2.t04040,8.226276222697193,0.9790780176732609,1.0303267326871723,0.11302256894209689,0.2830581008337022
nDi.2.2.2.t07409,5.597851280188113,-0.962274036593789,1.0320070871835254,0.1131148831982031,0.2830581008337022
nDi.2.2.2.t09108,4.071697777197966,0.9764661352785224,1.2775302910671673,0.11375346740943054,0.28434175493941666
nDi.2.2.2.t04500,3.3788330883547313,-0.957625604410731,1.2392386658093089,0.11384972611593216,0.28437280632197487
nDi.2.2.2.t02911,4.6973859334578405,0.8453807712753526,1.1835032146602014,0.11400463844344334,0.28455020868297265
nDi.2.2.2.t03845,12.34979461181346,-0.8959908878767907,0.8047025249239804,0.11423749109848862,0.28473723590016126
nDi.2.2.2.t06056,11.591994464380756,0.9549287765297754,0.9206146585139029,0.11424745815451635,0.28473723590016126
nDi.2.2.2.t08360,8.333275910235129,0.9962486106725976,0.9949789957176869,0.11492112059595593,0.28620590386305617
nDi.2.2.2.t01988,8.172204309599264,-0.9289486597982174,0.9070589876178284,0.11520521953743178,0.2864927453599476
nDi.2.2.2.t06543,3.50235085453817,0.9460576663428482,1.3016414674621288,0.1151531049049931,0.2864927453599476
nDi.2.2.2.t06847,5.100278601701954,-0.9526935306767926,1.0454105518338652,0.11588520121122671,0.28797260257031576
nDi.2.2.2.t07109,5.4476588875909675,1.0092946822811657,1.180400203316152,0.11634968323453454,0.28891517242426146
nDi.2.2.2.t07625,4.303361594449356,-0.9751552224529377,1.1236203681408636,0.11672101656866152,0.28945399304085184
nDi.2.2.2.t09958,3.558788382229484,0.9308686951652589,1.2848593793419074,0.11673734153298507,0.28945399304085184
nDi.2.2.2.t02218,3.4850449848443317,0.9419938815156506,1.2751717499331743,0.11684449215936418,0.28950804777542977
nDi.2.2.2.t09634,7.641346265079711,1.023088800332225,1.0447946846444676,0.11737470113751548,0.2906094790207682
nDi.2.2.2.t09676,3.7830583463670826,0.9476379316916472,1.2693775139795684,0.11774398470839507,0.29131115691529985
nDi.2.2.2.t01967,42.938969873888645,-0.7645422851275899,0.5938028684233321,0.11836070349257417,0.29253959625212717
nDi.2.2.2.t09014,5.424831896425328,1.0029639319284611,1.1541104929283588,0.11841299105370595,0.29253959625212717
nDi.2.2.2.t00977,8.590056905072565,0.9857827280084596,1.0364357270546967,0.11860889735900812,0.292810320117726
nDi.2.2.2.t03289,5.570923825319274,-0.9542620154584072,1.0133413695116504,0.11869672474446553,0.29281402933325607
nDi.2.2.2.t00357,4.415204082492174,0.911447174682096,1.1980170912716772,0.1193930827023464,0.2941040933379513
nDi.2.2.2.t07972,5.137251019470656,0.9961437011073154,1.1706279714828023,0.11933371243186378,0.2941040933379513
nDi.2.2.2.t00912,6.510544942473268,1.015987242196229,1.110970971845046,0.1200346508752815,0.2954699098468468
nDi.2.2.2.t07817,5.767277393761748,-0.9366575789703644,1.0026229842796608,0.12025852443581085,0.2958063197144818
nDi.2.2.2.t07266,3.8506556907948144,0.9500650268457326,1.2496958047937134,0.12073946538129984,0.2965869916670717
nDi.2.2.2.t08569,4.12303759424514,-0.9507408188032644,1.1629962006380705,0.120750776972944,0.2965869916670717
nDi.2.2.2.t02204,9.727696346584832,0.9436430098497489,0.95219708545377435,0.1208632374026447,0.296648409022989
nDi.2.2.2.t01835,16.979059652462702,-0.8555647467766125,0.729811399160549,0.12124271460401914,0.29736463335996594
nDi.2.2.2.t04568,3.715031884886268,0.8934693221514978,1.2785677984144885,0.12184164104760731,0.2986176636080087
nDi.2.2.2.t01077,3.4894814751339456,0.9115577714643494,1.2729920648629727,0.12246080162313204,0.2997020484167849
nDi.2.2.2.t03928,11.968347939154157,0.9286910111098728,0.8952592097333667,0.12244085391735139,0.2997020484167849
nDi.2.2.2.t00086,3.6860344372549534,0.9242386629678058,1.251629283481922,0.12342271768988092,0.2998247376632916
nDi.2.2.2.t00234,9.25270258181825,-0.8986855662357256,0.8973800639613418,0.12286286135305648,0.2998247376632916
nDi.2.2.2.t01136,7.045848651336442,-0.9273447068489198,0.9360303848749738,0.12335928714726524,0.2998247376632916
nDi.2.2.2.t01337,17.701933772486992,-0.8294490305408894,0.7065142601769919,0.12348324248691579,0.2998247376632916
nDi.2.2.2.t02780,7.5160282372386,-0.9500642160917376,0.9785378224434523,0.12316344755819635,0.2998247376632916
nDi.2.2.2.t03230,22.304216618164567,0.8853611047754774,0.7902949727703896,0.12269913578662056,0.2998247376632916
nDi.2.2.2.t05147,3.6332118512678795,-0.8651235744442463,1.1437881886856134,0.12317732329978308,0.2998247376632916
nDi.2.2.2.t05452,2648.1194147983447,-0.6575110150112428,0.4905717330697558,0.12322726069588678,0.2998247376632916
nDi.2.2.2.t05799,3.822380863816207,0.9180218063240613,1.250342091846775,0.12325679339404555,0.2998247376632916
nDi.2.2.2.t09173,3.80576841840994,0.932395810017938,1.2532871131737437,0.12279819053043013,0.2998247376632916
nDi.2.2.2.t09886,4.265593556622205,-0.9446475986136126,1.1508056868347143,0.1234685918504019,0.2998247376632916
nDi.2.2.2.t03397,9.395770243278628,0.9811952315609325,0.9713756964667281,0.12392008639469644,0.30067019531531497
nDi.2.2.2.t04441,15.687902878149778,-0.8491056834984336,0.7683759387725556,0.12456015872528704,0.30200718970419843
nDi.2.2.2.t01970,7.918982148855651,0.9571554027084688,0.9779952969656591,0.12502751881119972,0.30287450326682985
nDi.2.2.2.t02955,7.309903211590449,0.9837286000811745,1.0683418394413549,0.12518574692809417,0.30287450326682985
nDi.2.2.2.t05905,3.5387658130425597,0.9102973716772913,1.2598771629522532,0.12513487171332627,0.30287450326682985
nDi.2.2.2.t00415,5.292809279669688,0.9534950797382803,1.1179688119689062,0.12545775880551527,0.303316263626734
nDi.2.2.2.t04123,3.5240884373145955,0.9103729290810186,1.2487545400746063,0.12562250246690893,0.3034982395781731
nDi.2.2.2.t02415,10.055867336268612,0.967005381917305,0.9514597705080562,0.126144699639273,0.30389404913097584
nDi.2.2.2.t02502,4.609288033824031,0.9405476414343762,1.1819806498090757,0.1259019645398978,0.30389404913097584
nDi.2.2.2.t05312,5.994000255331598,0.9967265857124351,1.1013652051535536,0.12603268216024383,0.30389404913097584
nDi.2.2.2.t09451,9.67958220919384,-0.9085916946753848,0.8793808828928779,0.12612710884739803,0.30389404913097584
nDi.2.2.2.t02157,3.7279285660399495,0.8927115242099294,1.243554630395144,0.12647796565742378,0.3044806667920379
nDi.2.2.2.t02842,3.6901172139573957,0.9130851869610177,1.238625776886869,0.12657011223473866,0.30448639765974006
nDi.2.2.2.t07217,15.37436980414809,-0.8448682945380436,0.7440381450318272,0.12700333627968702,0.30531206000049493
nDi.2.2.2.t09842,5.449780319556348,-0.14418676646642703,1.0349682586477038,0.12722498106603988,0.3056282831274839
nDi.2.2.2.t06233,9.08309511458988,0.914357309385198,1.0337188109047675,0.12765205695314916,0.30643720961435383
nDi.2.2.2.t06208,7.697670130346407,-0.9195950999210243,0.9343696710169711,0.12782334617103017,0.3066313933607739
nDi.2.2.2.t03012,3.473380741131634,-0.90748436842091,1.148713481830039,0.1287143613065338,0.30810457637846833
nDi.2.2.2.t05219,18.655333195304458,0.849044556406829,0.7339865429896536,0.12855947729089498,0.30810457637846833
nDi.2.2.2.t09075,6.1869503139773885,-0.917759675297776,0.964309066096508,0.12865865044045682,0.30810457637846833
nDi.2.2.2.t10356,3.4922129165620968,0.8958201424831532,1.2506103729267644,0.12880079283746113,0.30810457637846833
nDi.2.2.2.t00536,11.032909315066515,0.9225320243552655,0.886019824658714,0.12957218405695006,0.30973139416573264
nDi.2.2.2.t00473,8.666112987611141,0.9322699345115952,0.930471649931854,0.13018894248017523,0.3098953634335119
nDi.2.2.2.t00537,8.99540090200451,0.9320867096024558,0.925914100024632,0.13011959962130126,0.3098953634335119
nDi.2.2.2.t03292,6.224995088590739,-0.887388458940684,0.9993199635648816,0.13017386600051006,0.3098953634335119
nDi.2.2.2.t03811,4.663630009379538,0.9540147327111107,1.1360858724324137,0.1298385640804214,0.3098953634335119
nDi.2.2.2.t07127,11.357275331182684,0.8988614936357529,0.8431702693618379,0.12988509692066338,0.3098953634335119
nDi.2.2.2.t10874,116.83496515163992,0.8898168353474302,0.9997733047156707,0.1300280333540455,0.3098953634335119
nDi.2.2.2.t09179,8.947719368098257,0.9144299444029796,0.9512563403631275,0.13046454361068865,0.3103336128523534
nDi.2.2.2.t07133,12.55533150078918,-0.8709837641374105,0.8072611829182764,0.1307428690177391,0.3107777236917807
nDi.2.2.2.t03563,3.9505323629708102,-0.849003481027581,1.1109693582356257,0.1310598595642684,0.3111903069064932
nDi.2.2.2.t05791,4.990533543221795,-0.925717321039464,1.0960812373659223,0.13109992587540648,0.3111903069064932
nDi.2.2.2.t03534,32.88296204983337,0.7916042976170885,0.6725559326483507,0.13125061162722235,0.31133012212555117
nDi.2.2.2.t01574,12.942565657337548,0.9074584290990746,0.868423957418423,0.13183351640527763,0.31249426110880624
nDi.2.2.2.t03478,3.520963652504599,0.8920738649231643,1.2257417663680197,0.1321117554922707,0.31271673037667985
nDi.2.2.2.t10656,6.472684393704533,-0.8835397778718455,1.0929226589667698,0.13202370071443015,0.31271673037667985
nDi.2.2.2.t00992,23.49552182819081,-0.7882866049576598,0.6748547859191549,0.13250446553607284,0.31308927799422803
nDi.2.2.2.t01163,6.399398389664647,-0.908195199153855,0.9530802452528423,0.13239757315495573,0.31308927799422803
nDi.2.2.2.t01766,4.401447151059763,0.8511023470859088,1.1602784976823417,0.1328229572622919,0.31308927799422803
nDi.2.2.2.t02055,6.064818270088981,0.944726186134809,1.0361583387597042,0.13256160581072274,0.31308927799422803
nDi.2.2.2.t04176,7.039242622221071,0.937450976368108,1.0866928421745174,0.13273612408281607,0.31308927799422803
nDi.2.2.2.t06573,3.417254536321108,0.886780748330956,1.2254620555580202,0.13264227183590666,0.31308927799422803
nDi.2.2.2.t02816,10.578845842742279,0.8957002623299879,0.8702335660388738,0.13316937939489437,0.31364731662185424
nDi.2.2.2.t05725,3.543854892714639,0.8828167892823231,1.2280191802695095,0.13324462949648938,0.31364731662185424
nDi.2.2.2.t00891,11.475455404474713,0.9143147027999693,0.8876052563161873,0.13336030770637874,0.31370191660196717
nDi.2.2.2.t02500,3.401097674494462,0.873452613812051,1.2352897962544551,0.1338349532612272,0.3143823832839908
nDi.2.2.2.t03145,5.110435518369403,0.9446014790626863,1.1440278830366244,0.13379742138844955,0.3143823832839908
nDi.2.2.2.t03146,6.872940776924571,0.9061691488286201,1.0820114642991292,0.13466414072877952,0.31589264547165985
nDi.2.2.2.t05065,4.516120128441365,0.7474017056402901,1.1310684745660537,0.1346137086534148,0.31589264547165985
nDi.2.2.2.t07932,12.50089463846861,0.8781405082765691,0.8287743725026376,0.1353798533207949,0.31735208186878805
nDi.2.2.2.t05944,10.533402834416528,0.87868309022983615,0.9517703570573615,0.13555865034516476,0.31755175550469533
nDi.2.2.2.t05811,26.88117326772761,0.7994221167726476,0.7025784609449526,0.13623585171770236,0.31829893048948865
nDi.2.2.2.t06557,6.214677337051275,0.9356632397344785,1.1072950962704966,0.13623452208067413,0.31829893048948865
nDi.2.2.2.t08570,3.4593810115837766,0.850700742949682,1.2414347175060072,0.13621173488487562,0.31829893048948865
nDi.2.2.2.t08879,9.782292093782976,0.9084006472699944,0.9258659478397414,0.13625296199019385,0.31829893048948865
nDi.2.2.2.t00855,3.650158726563026,0.8784342154058363,1.2157706038606408,0.13655854916694202,0.3187932544902046
nDi.2.2.2.t01621,12.194961770084987,0.8874802855964072,0.8391360224002415,0.13691182059314505,0.3193981399256864
nDi.2.2.2.t07337,4.174185818262374,-0.8892876472305633,1.0722597180337572,0.13740468485618326,0.32032762270252485
nDi.2.2.2.t09765,3.529474350389966,-0.8662493840421934,1.1335135995348513,0.13780212643891507,0.3210335253302197
nDi.2.2.2.t02593,11.793923429298346,-0.8358474018040086,0.7820203562687879,0.13840987151688167,0.3217226755595676
nDi.2.2.2.t03255,3.3981878379011405,0.86423784821326,1.2145043207874728,0.13826070800920529,0.3217226755595676
nDi.2.2.2.t05957,5.345061767613177,-0.8994231962194811,1.030454375238189,0.13847733087174785,0.3217226755595676
nDi.2.2.2.t08572,4.666896077419015,0.9117285035431127,1.1468048944195641,0.1383822849313749,0.3217226755595676
nDi.2.2.2.t05074,21.363597943114158,-0.7797409983102027,0.673948868096132,0.13898878345267282,0.3226899065513116
nDi.2.2.2.t02352,6.901841562006503,0.881822836460238,1.0769572800902731,0.13947963265033578,0.32360801227766
nDi.2.2.2.t02014,10.236922881254623,0.922456101420904,0.9237360392532737,0.13965051420809005,0.3237830103854008
nDi.2.2.2.t05621,16.667014226653226,0.8350669351705924,0.7728879653750845,0.13988586924035637,0.3239328989214503
nDi.2.2.2.t06607,12.036101262764106,-0.8388904919931561,0.7873495713411558,0.13990616064856268,0.3239328989214503
nDi.2.2.2.t00609,4.473490889715725,0.8946287222991705,1.1464412562853132,0.14033604958657592,0.32426422356789203
nDi.2.2.2.t02534,3.4765991599003883,0.8583479705995614,1.207406294944647,0.1402057869999799,0.32426422356789203
nDi.2.2.2.t08320,3.443781663213221,0.8375426821473932,1.2177016391078515,0.14026994564662643,0.32426422356789203
nDi.2.2.2.t03853,3.995259333549149,0.8560881951309443,1.1682976305610822,0.14057358058904829,0.32459195735742125
nDi.2.2.2.t02012,28.83125668055777,-0.76883842256553,0.6665817210441468,0.14092034808538836,0.3251713066024744
nDi.2.2.2.t10351,10.75783371945679,0.8721403846318101,0.8924847732361278,0.14108448860833844,0.3253287459955704
nDi.2.2.2.t08340,26.644517689152746,-0.7635409012753908,0.668210794303581,0.14126106917608033,0.3255146376666199
nDi.2.2.2.t02093,7.255276090205646,0.9004366745950902,1.004476212226131,0.14146756525231466,0.3257691658763417
nDi.2.2.2.t00097,7.867495424049481,-0.8692600601794632,0.9046135167281872,0.14220866057954237,0.32659537924895493
nDi.2.2.2.t01277,9.074676660027961,-0.8373165197170429,0.8760889113894423,0.14221149031565639,0.32659537924895493
nDi.2.2.2.t04779,5.690673146830186,0.907301882039719,1.0322035711574418,0.14212298556541011,0.32659537924895493
nDi.2.2.2.t09183,5.6544303962052185,0.9208500578557731,1.0844048726839428,0.14202461794752688,0.32659537924895493
nDi.2.2.2.t01112,9.049752160228463,-0.8485238133328565,0.84580729466234,0.14248794174007387,0.32679705666203984
nDi.2.2.2.t10446,8.106400942969794,0.8989791833359515,1.0348483046132757,0.14249199493017597,0.32679705666203984
nDi.2.2.2.t02387,6.082989428883852,0.901036285933092,1.0223593343446844,0.14321790408736207,0.3282399531515758
nDi.2.2.2.t00051,4.872098548181984,0.8680121946667393,1.1686073029295545,0.1434294452591091,0.3285028212821729
nDi.2.2.2.t01225,4.83485059440497,0.8967407139314275,1.1016787382729436,0.14380114467134905,0.32868833067736924
nDi.2.2.2.t02663,4.064901764919738,0.8310286070600139,1.153335071908609,0.14372901176973021,0.32868833067736924
nDi.2.2.2.t05343,10.700300236522514,0.8611115575464556,0.8663882917348875,0.14361507618267733,0.32868833067736924
nDi.2.2.2.t05936,4.551927307214273,0.8856207186229387,1.136490314057776,0.14412726085502592,0.3292118981954531
nDi.2.2.2.t04197,4.9936341064049925,0.8926852473677336,1.087351941883714,0.14481908746715577,0.3303424494494388
nDi.2.2.2.t04625,13.255964309484286,-0.8075851330459332,0.7609744638833281,0.14491437640942362,0.3303424494494388
nDi.2.2.2.t05228,9.416910701650334,-0.8644316826692322,0.8895282902911408,0.1447704097932569,0.3303424494494388
nDi.2.2.2.t08714,5.9975687489295035,-0.879486403734611,1.0399502430709233,0.14545210022058214,0.3313455499988009
nDi.2.2.2.t02538,3.7772770955102994,0.8894210251213557,1.1948143604189545,0.1463032656648732,0.33284625726880435
nDi.2.2.2.t03699,7.427805823957494,0.8879359426730115,0.9632112002045392,0.14630712546809765,0.33284625726880435
nDi.2.2.2.t01342,7.013495748498876,0.8665229281314152,1.01751529881728,0.14701946562040608,0.3342426457000117
nDi.2.2.2.t01600,27.64839512860216,0.7580170806523945,0.6631838349291448,0.14730624982633284,0.33467032780369793
nDi.2.2.2.t00130,3.414935342951176,0.832695721316551,1.2053759791616292,0.14759292682373026,0.3348730486863499
nDi.2.2.2.t07980,25.53366055693118,-0.7402707255592421,0.6426534106742706,0.1475655747984577,0.3348730486863499
nDi.2.2.2.t01339,3.8558831156778273,-0.8406136475873139,1.0757355045885806,0.14905914680806082,0.33797368046319676
nDi.2.2.2.t06972,7.657561263684198,0.9054221440261127,1.0028562893628055,0.15009349867529365,0.34009161490086576
nDi.2.2.2.t02628,11.695721698003844,-0.8037075443043605,0.8030944643768887,0.1505728307980383,0.34049536137796393
nDi.2.2.2.t05593,10.37325137144972,-0.8179736315102399,0.8341699690314381,0.15042340176668187,0.34049536137796393
nDi.2.2.2.t06863,9.778604585998956,-0.8141614277196494,0.8353057482266674,0.15057143949002127,0.34049536137796393
nDi.2.2.2.t03088,3.4300402139022523,-0.8035849598955206,1.0995541303535268,0.15166615185553672,0.34273923190804834
nDi.2.2.2.t00545,18.17689408460382,-0.7786680415053078,0.7199065374294622,0.15223673274475547,0.3437995988483426
nDi.2.2.2.t03877,4.451495930837426,-0.827345283751904,1.029451511990413,0.15280237512901287,0.34389894781437497
nDi.2.2.2.t04328,4.787322224716549,-0.7468617635981953,1.0709042272638123,0.15282027783452884,0.34389894781437497
nDi.2.2.2.t05611,11.168848617022393,-0.8141176518921164,0.8201828257347448,0.1529340667245604,0.34389894781437497
nDi.2.2.2.t06158,16.140534163108278,-0.8228994942439314,0.8061069976810578,0.1529904222440719,0.34389894781437497
nDi.2.2.2.t07309,15.245738451813137,0.8315004811977067,0.828044911179665,0.1529076265333425,0.34389894781437497
nDi.2.2.2.t07556,7.848632789919089,0.892741850186127,0.9680803424963275,0.15263417323060874,0.34389894781437497
nDi.2.2.2.t09159,5.0948919757496025,-0.8607983981935109,1.0658121447619437,0.1529878393147528,0.34389894781437497
nDi.2.2.2.t03938,5.636523508008214,0.8801282120876703,1.0643967109245045,0.1531507603130174,0.3440313768091093
nDi.2.2.2.t02761,4.055495756611987,0.7169173695928888,1.1134586456332682,0.15335583067821876,0.3442640487495156
nDi.2.2.2.t03207,11.970015264351293,0.8501102840411583,0.8658507630901984,0.15349523192729744,0.34434909173107997
nDi.2.2.2.t03105,13.625253053657541,0.8146445880440419,0.7951298065581114,0.15359868354502024,0.34435342669181007
nDi.2.2.2.t03500,4.4885483440621075,0.8611838958131243,1.1234704417110752,0.15381854563908529,0.3446185646022307
nDi.2.2.2.t02165,3.8462730083535206,0.7873207852642629,1.133511795347815,0.15413464941852767,0.3450988322294692
nDi.2.2.2.t05351,3.89612362739813,0.8671192944101599,1.1791294326117105,0.1548954372414989,0.34647585770136913
nDi.2.2.2.t07473,43.07892685205371,-0.6822720300809267,0.5781356899744353,0.1549539729165616,0.34647585770136913
nDi.2.2.2.t04071,4.450918765564689,0.8547917373602354,1.1186564121669358,0.15564795342725257,0.3477983254448226
nDi.2.2.2.t05539,3.4208344800075445,0.807739104450096,1.1716631562934796,0.15582668909847838,0.3479684854654633
nDi.2.2.2.t00652,10.158088418834849,0.8335373070575124,0.9150387256665186,0.15643090062311826,0.3490133846185768
nDi.2.2.2.t06067,7.735806709952229,0.8645006059769601,0.9685080133105078,0.15650040035520496,0.3490133846185768
nDi.2.2.2.t00157,4.485332937692272,-0.8178981570614721,1.020468449503421,0.15679637528325271,0.3494436957692465
nDi.2.2.2.t02123,13.451655135944124,0.804139375790377,0.7817904278765955,0.15777548503428956,0.3511471208692804
nDi.2.2.2.t07086,8.922458413023584,0.8751325685996116,0.9412690050282799,0.1579747955325831,0.3511471208692804
nDi.2.2.2.t08271,8.36245800343768,0.8425568952056857,0.9311398800445607,0.15778125311730615,0.3511471208692804
nDi.2.2.2.t09329,3.378531519597336,0.8140628387662575,1.170582225824753,0.15791551831461548,0.3511471208692804
nDi.2.2.2.t05120,9.046736890079279,0.8340591295968521,0.9324787850365527,0.15841007805041996,0.35188407645515685
nDi.2.2.2.t06655,15.21390792023433,0.7948742620784417,0.8104199167180656,0.1589599194617406,0.3528743761873195
nDi.2.2.2.t07779,3.941564071923801,0.6424439874831993,1.0790466746123455,0.1591444642853387,0.35305299074942376
nDi.2.2.2.t05052,7.6710673710076875,0.8510555130166612,0.945676514314045,0.15934984174254146,0.35327755764098084
nDi.2.2.2.t02386,3.7300941556476843,0.7898103028032558,1.1495204748785215,0.15950794087335263,0.353397083894456
nDi.2.2.2.t04533,5.039787486515884,0.8358549595505174,1.0806687693074746,0.1596522410001322,0.353485901744418
nDi.2.2.2.t01193,3.5145145634966246,-0.7943056666905272,1.0785819377569257,0.16011301974869965,0.35427486170097144
nDi.2.2.2.t01334,8.93909502895937,0.8165998803315554,0.9417996768156687,0.16038151718385119,0.35463761817967615
nDi.2.2.2.t06437,6.293772208973778,-0.8234245717846426,0.9578156344770368,0.16067824065676878,0.35506227511906174
nDi.2.2.2.t04806,5.803526987584622,-0.815249156447794,0.9434251785605416,0.16149607583183884,0.35663716746197743
nDi.2.2.2.t06268,12.203315016578209,0.8107691040549153,0.8267336640122478,0.1617520929776119,0.35697013622645385
nDi.2.2.2.t00886,16.774239778475405,-0.7714772486683936,0.7435486438855853,0.16296089365178779,0.3594039995233187
nDi.2.2.2.t02867,8.054787767726213,0.8165719795512555,0.9331379705871883,0.1637117017191817,0.36082527110556484
nDi.2.2.2.t01836,3.894625046259683,0.6804377657637118,1.1055286849724195,0.1639282324270111,0.3610678989561179
nDi.2.2.2.t03192,6.003213719601424,0.8662495382701333,1.0362956593689552,0.16447317662993488,0.3620331052100838
nDi.2.2.2.t07659,5.875423660399537,-0.8156596063476574,0.9427008286184984,0.16462301213936373,0.36212792294210233
nDi.2.2.2.t04324,4.158704353868764,0.8104405141464149,1.118314700767176,0.16497411770600418,0.36264500242049735
nDi.2.2.2.t05922,18.363022435901172,0.7575296489929398,0.723230511981074,0.16507189968668867,0.36264500242049735
nDi.2.2.2.t00043,5.811663453561932,0.856328927889906,1.0396080534534184,0.16621996513325962,0.36422420783853654
nDi.2.2.2.t00359,19.05515225031553,0.7605654610580121,0.7169527777398338,0.16593037602220395,0.36422420783853654
nDi.2.2.2.t02719,3.4908094891634094,0.8153483204148811,1.1571336477649181,0.16607657875141243,0.36422420783853654
nDi.2.2.2.t08716,3.944043199707593,0.8015897523975408,1.1184876364292684,0.16622024579423778,0.36422420783853654
nDi.2.2.2.t01237,9.074940110947075,-0.7947504984591358,0.8321451386119431,0.16665770428280344,0.36494701932038043
nDi.2.2.2.t00629,19.739014937633904,-0.7391254010114354,0.7061136220040006,0.1675091245242399,0.3656312422047759
nDi.2.2.2.t02244,21.37828541217634,0.7616155835081924,0.781553729184105,0.1674430320759547,0.3656312422047759
nDi.2.2.2.t03913,6.263669030932859,0.8308008800700649,0.9859689672340615,0.16736719869250954,0.3656312422047759
nDi.2.2.2.t05428,5.696205410792509,0.8475000199528604,1.0424962138856677,0.1672923519580266,0.3656312422047759
nDi.2.2.2.t08368,13.554306723512427,0.7850940770426883,0.7815421179155276,0.1672363595111917,0.3656312422047759
nDi.2.2.2.t04961,5.027035119174265,-0.809534275074015,1.0057314315244104,0.16782550419751763,0.366086244526032
nDi.2.2.2.t03259,5.892054490584666,-0.7992846678555926,0.9279484467803647,0.1683637228165979,0.36702425950764783
nDi.2.2.2.t00523,9.555617812384277,0.8221561731414386,0.9182649436420477,0.16882845499520474,0.36756490330149844
nDi.2.2.2.t06395,9.267236246250077,0.8423616220584196,0.9167417132660394,0.16876451102346265,0.36756490330149844
nDi.2.2.2.t02832,5.33125555502837,-0.8004069910989057,0.9783325906280922,0.16957775047256365,0.36887928276390747
nDi.2.2.2.t03007,3.9903580651370896,-0.7449882025373459,1.0638174538142906,0.16964967013906124,0.36887928276390747
nDi.2.2.2.t03658,3.834685808316933,0.7527020604727122,1.1136137955768364,0.17133986548553937,0.3723116579638639
nDi.2.2.2.t09002,5.7980869888891124,-0.8068530306387351,0.9547314771583997,0.17144776230529346,0.3723116579638639
nDi.2.2.2.t01801,23.030715561726108,0.7279080462110362,0.6815125910065544,0.17168200612980167,0.3725818072887314
nDi.2.2.2.t01396,11.58229879829913,0.800328043937528,0.8261500887520503,0.17200660148166874,0.37295306572620845
nDi.2.2.2.t02886,8.384363227102682,-0.7780816096895229,0.8445000330073369,0.1721326711408624,0.37295306572620845
nDi.2.2.2.t03200,4.0330175524370295,0.7078342559218136,1.1005287304387896,0.17218293069788984,0.37295306572620845
nDi.2.2.2.t05221,3.986555587723428,-0.7777943138273302,1.0216050148393048,0.17249292727103688,0.3733860940034187
nDi.2.2.2.t03428,166.93268643206244,0.6678894142027347,0.5891525830765172,0.173087069560254,0.3744332525181005
nDi.2.2.2.t03572,42.89903475210219,-0.6761765325787437,0.6156874062727619,0.17385374704093198,0.37585207773284973
nDi.2.2.2.t07155,5.866796486726442,0.8385156789264394,1.02217618101962,0.17432190399245384,0.37662413907159453
nDi.2.2.2.t04142,4.1487582205968225,-0.7255136572803362,1.1110632981363517,0.1749720095720072,0.3773077282061338
nDi.2.2.2.t06248,9.690793146037503,0.8030615818175587,0.86035476328966,0.17491789778276273,0.3773077282061338
nDi.2.2.2.t10712,3.7904101180291945,-0.1431051162447364,1.0343714594052378,0.17478671519326167,0.3773077282061338
nDi.2.2.2.t03657,8.117928736877019,0.774260239262857,0.9854340357281461,0.17563044106707532,0.3783101173471748
nDi.2.2.2.t05265,3.585195160503983,-0.7288607920152411,1.05339056563308,0.17565991592623828,0.3783101173471748
nDi.2.2.2.t10602,9.437676858441252,0.8031563987591139,0.9009831674757169,0.17600780920370043,0.3786486911940447
nDi.2.2.2.t12050,5.394994918024015,0.7476006484173866,1.0365367188438157,0.17604038502741998,0.3786486911940447
nDi.2.2.2.t01094,8.403495948770495,0.8062388738573855,0.8953204037254548,0.17656280333024665,0.3788122936182906
nDi.2.2.2.t01932,3.7460087063158563,0.6802460663129473,1.093442985529527,0.17642390762127838,0.3788122936182906
nDi.2.2.2.t02320,3.4379345683793616,0.7571046502829064,1.1459633410532464,0.17667483741277587,0.3788122936182906
nDi.2.2.2.t03847,5.217217962822891,0.8116319276436919,1.0421083004999738,0.17644045273002196,0.3788122936182906
nDi.2.2.2.t05762,4.307098787632884,0.7846936614227602,1.1011581377932738,0.17659016386001627,0.3788122936182906
nDi.2.2.2.t01361,4.469661719688095,-0.8009523661739164,1.0348069997081604,0.1770600619936795,0.3793984398500069
nDi.2.2.2.t07333,4.027446215770321,-0.7508357017681139,1.0237498114549053,0.17723968039063556,0.3795435580082297
nDi.2.2.2.t00082,15.36449290670518,0.7608419999529573,0.7594113644679692,0.17751910541408567,0.3799020855297026
nDi.2.2.2.t07648,22.568992339717436,0.7282448505456716,0.7410572505256082,0.177701111945886,0.3800518106686288
nDi.2.2.2.t08909,15.680875405515103,0.7456239758358297,0.7364304248632361,0.1778281568096462,0.38008387391198484
nDi.2.2.2.t01147,5.840129275937633,0.7955691644068809,0.986128440150544,0.17820152278961648,0.38038184685014476
nDi.2.2.2.t05318,5.845237473441912,0.821998207827639,1.026410197800878,0.17830399071100536,0.38038184685014476
nDi.2.2.2.t07035,3.93200483342824,0.7746936306931603,1.0977728272072773,0.17816481486879182,0.38038184685014476
nDi.2.2.2.t06873,4.643276790695361,0.7998558889833598,1.0724712443280613,0.17888516309301164,0.38138181848616937
nDi.2.2.2.t04598,8.945521529086252,-0.7546613380307824,0.8549218360392179,0.1792800441330493,0.3819485042108967
nDi.2.2.2.t08100,6.16958698921305,0.8012029118588428,1.0257234683117835,0.17937616957781793,0.3819485042108967
nDi.2.2.2.t02225,6.356525542017383,0.792145380402,0.9523929593939017,0.17949108199364522,0.3819534191483341
nDi.2.2.2.t03190,9.685558632585423,-0.76210458802995,0.8128502235041134,0.18000491040050925,0.38280668092697645
nDi.2.2.2.t06238,30.333270594967114,-0.7280867355158707,0.7187152274790589,0.180359492998736,0.3833204262228775
nDi.2.2.2.t00651,5.00638812819703,0.7852820056779677,1.0389207031927543,0.1805135455189518,0.38340760576097965
nDi.2.2.2.t05841,17.99061113151066,0.7477808059090093,0.745709529517343,0.1807977629152568,0.3837709710942122
nDi.2.2.2.t06320,18.550623780625298,-0.7112254702610191,0.6929802830116518,0.18125608029985313,0.3845032047386503
nDi.2.2.2.t09471,5.0272444844526065,-0.7677969922125932,1.025716887259457,0.1816994522066864,0.3852028386781752
nDi.2.2.2.t03784,16.865550495579395,-0.7108229442913024,0.7115503538204194,0.1818623853606596,0.38530743981471416
nDi.2.2.2.t04486,21.0157616300651,-0.7019124914842086,0.6737998042236661,0.18216907439995234,0.38571629236244587
nDi.2.2.2.t08302,50.627652207044434,0.6629007490539612,0.6074682265382153,0.18304627362193385,0.3873318528543978
nDi.2.2.2.t03436,10.117774237742712,-0.7421310366869106,0.801629866742393,0.18330167648813703,0.38738896364346465
nDi.2.2.2.t07737,4.213352743550729,-0.1428340056852645,1.034224332610885,0.18319884047373142,0.38738896364346465
nDi.2.2.2.t08556,4.689377336391779,0.7746539585343711,1.0381287356331075,0.18357606291938344,0.387727276103704
nDi.2.2.2.t01634,14.46604670416926,0.7402628135578466,0.7560316180826825,0.18376800118239206,0.38789113877453263
nDi.2.2.2.t07925,6.602487731404999,0.790517093167608,0.9355013810296983,0.18390408388213397,0.38793697296529756
nDi.2.2.2.t00741,4.411620492113136,-0.747461645595306,0.9925496527001813,0.1848469358269105,0.38944149461172695
nDi.2.2.2.t08409,5.1190757733873475,0.7843478042122303,1.037235132701733,0.18478780070723266,0.38944149461172695
nDi.2.2.2.t05297,24.899859280592153,0.7198729332612862,0.7603602362083217,0.18518256429597332,0.3899064296039364
nDi.2.2.2.t05064,4.751640755588664,0.7728961234854226,1.037925714542607,0.18562158145498409,0.3905883401335645
nDi.2.2.2.t05684,5.710973826793715,0.7692847566473817,0.9851518739241433,0.18595257795458664,0.39104224700679346
nDi.2.2.2.t08928,5.03976821174822,-0.750907021417731,0.948916032573799,0.1873838692777907,0.39380798301751296
nDi.2.2.2.t09565,4.373597216590769,0.771234669693986,1.0679931581804474,0.18767870586886512,0.3941833871871149
nDi.2.2.2.t02631,3.7040487991229476,0.718725272852122,1.0978268626904293,0.1879137887080533,0.3944329030307654
nDi.2.2.2.t04592,4.649230670085552,0.765988506177499,1.0342404858251828,0.18804904022126354,0.3944726929069425
nDi.2.2.2.t03432,10.097729449720145,0.7386129065659238,0.9276797237146246,0.18818928094244586,0.39452289305115973
nDi.2.2.2.t11483,3.6300303785304657,0.6622061617517386,1.0804173832357518,0.18840529064140027,0.39473177631601586
nDi.2.2.2.t05666,7.652079964068879,0.7773879552872536,0.9282874363098589,0.18874785886950218,0.3952053933860194
nDi.2.2.2.t07796,3.7430838413217007,0.767347507623008,1.1124817892496204,0.1891453864049563,0.3955494147260245
nDi.2.2.2.t09318,4.073841227675956,-0.7430267131403792,1.0663287789928446,0.18903151577820762,0.3955494147260245
nDi.2.2.2.t04507,6.433917511593106,-0.7072211878653508,0.963417186052987,0.1895385888594693,0.39612747591578557
nDi.2.2.2.t05470,5.439140333073872,0.7360885527461528,1.0417092049309058,0.18969997179247622,0.39622063073896513
nDi.2.2.2.t00794,7.872261071824386,0.763192036499052,0.9381933867166448,0.18991225491761982,0.39641991918804087
nDi.2.2.2.t06600,9.168951346576618,-0.7454243125038336,0.8326545411698321,0.1902344563132393,0.3968482631085533
nDi.2.2.2.t00215,5.509382183353612,0.7772956653401245,1.0187898483431495,0.19054001095603965,0.3969411111626551
nDi.2.2.2.t02853,3.475605800955047,0.7310451534093222,1.1142209719491736,0.19063003245399918,0.3969411111626551
nDi.2.2.2.t09928,3.683252335245795,-0.704187383820801,1.1147199960830956,0.19044955238433253,0.3969411111626551
nDi.2.2.2.t00335,7.857401091095765,0.7878067869311249,0.9477754322446833,0.19112472469874148,0.3971859262881472
nDi.2.2.2.t00412,5.283699428763932,0.7377016115485946,1.030271838579898,0.19123650175330512,0.3971859262881472
nDi.2.2.2.t02743,3.7378591108220682,-0.6973025014210941,1.0298854873912655,0.19097222615690296,0.3971859262881472
nDi.2.2.2.t06499,3.496904389313454,-0.7268218650860159,1.0344305595848104,0.19131869888923733,0.3971859262881472
nDi.2.2.2.t08658,4.0388802109486805,0.7605896345674913,1.0423506093387107,0.19133307887819354,0.3971859262881472
nDi.2.2.2.t04519,38.226936471670165,0.6477359177256125,0.6072276365221833,0.1917253203910029,0.3977567503157687
nDi.2.2.2.t04332,6.340641723722217,0.7664377545970373,0.9719034075574786,0.1919236545828957,0.3979248388417984
nDi.2.2.2.t05777,3.7225290937363793,0.6629238035731329,1.068111481978483,0.19235698168628929,0.3983802240642285
nDi.2.2.2.t08512,5.1694860152564015,0.77048282018152,1.027574950858296,0.192378186031016,0.3983802240642285
nDi.2.2.2.t02602,6.02852616002834,0.7507510717428539,0.9731178205465543,0.1925147326688571,0.39841975180766526
nDi.2.2.2.t05570,4.390808802760161,-0.721636853618407,0.9937410225127882,0.19301103377972206,0.39920330889074224
nDi.2.2.2.t01715,4.454045771545959,-0.6940643736399752,1.0042115185805445,0.19338468392072378,0.39973238748269047
nDi.2.2.2.t09551,18.229925069532623,-0.6840459395083925,0.6836805970257565,0.1943861654259045,0.4015577790040609
nDi.2.2.2.t03483,9.664004036206714,0.7821325821519558,0.8901809477778022,0.194568076203838,0.40168893151760104
nDi.2.2.2.t05246,9.089810737475261,0.736237265821903,0.9034944979880924,0.19486242571292836,0.402051914852952
nDi.2.2.2.t07066,11.1703568374052,0.7388505872388442,0.8410916485269023,0.19500403735003605,0.40209951045065184
nDi.2.2.2.t00368,4.3353060641928165,-0.7371079549056974,0.997228167003012,0.1955552999024354,0.40250217067297384
nDi.2.2.2.t00983,6.402016168219995,0.7476860255028424,0.9804316431361507,0.19546436209833293,0.40250217067297384
nDi.2.2.2.t05115,11.711394636676214,0.7762867329936729,0.8659283961958689,0.19535734829255771,0.40250217067297384
nDi.2.2.2.t04325,9.997040950696459,0.7321026977187598,0.8767075234160017,0.19598515423359272,0.4031422942148857
nDi.2.2.2.t04635,5.990386414743714,0.78054107278415,0.9893226791967262,0.19675714045413217,0.40448498207297956
nDi.2.2.2.t01029,11.574649818202538,-0.7066214083807478,0.7829961235778662,0.19727931620301967,0.40468382675178716
nDi.2.2.2.t02487,8.822101090900928,0.7446584807704111,0.8654528281057602,0.19733108769087734,0.40468382675178716
nDi.2.2.2.t05631,5.040914542185348,0.7274288220398651,1.0280045145215702,0.19710554925778395,0.40468382675178716
nDi.2.2.2.t06838,3.942991131045828,0.7293253498779513,1.0727155165229258,0.1970442425089236,0.40468382675178716
nDi.2.2.2.t02396,16.115989739648747,0.7083662912561026,0.7350790487563468,0.19812819165224077,0.4060730066975231
nDi.2.2.2.t07225,5.550010799449632,0.7707661135251821,1.0084726973696663,0.1986898174353087,0.40688160590600436
nDi.2.2.2.t07740,14.324788766051437,0.7202903696044802,0.7641939632239991,0.1987626241115122,0.40688160590600436
nDi.2.2.2.t00205,13.801772806761194,0.7141431164674347,0.7979140525779534,0.19890296682517675,0.40692331934318426
nDi.2.2.2.t05026,16.462552548943037,0.7142988156979067,0.7422533913663376,0.1993483569102927,0.40758868392990527
nDi.2.2.2.t04975,3.408957539669553,0.5978535402700841,1.059698896008329,0.19960037799063876,0.40785812177364256
nDi.2.2.2.t06466,3.643222059752351,-0.6804244555209725,1.0246221002721803,0.20018825314126007,0.40881309732399407
nDi.2.2.2.t04257,8.52827994677885,-0.7320950580725512,0.8362293719635251,0.20036389063538218,0.4089255818503107
nDi.2.2.2.t05838,12.543654571897573,0.7236454308809991,0.7925425270448818,0.20119640448657922,0.41037775346871724
nDi.2.2.2.t03507,9.645123105442895,0.7122616493134037,0.88143945475674,0.20197581944118695,0.4112256779979028
nDi.2.2.2.t03697,11.62279792173339,-0.6886415992348014,0.8643040242539602,0.20193333578455958,0.4112256779979028
nDi.2.2.2.t06169,17.5638197489048,-0.6673817311476596,0.6790670632577033,0.20193457909287296,0.4112256779979028
nDi.2.2.2.t07906,9.847494176640708,-0.7077282141629448,0.7878300885071654,0.2022553679662114,0.4115478153217691
nDi.2.2.2.t03603,5.512223395970017,0.7642948748768146,1.0049768016824066,0.20238840336065328,0.4115716212226234
nDi.2.2.2.t02143,10.30103540664215,0.7283061208760137,0.8193446888512304,0.2030151055294704,0.4125987045871562
nDi.2.2.2.t06671,3.7435918222527045,0.6394296682463362,1.0546892749730048,0.20372713419835273,0.4136154914494171
nDi.2.2.2.t07494,3.411225511887624,0.6812951587556824,1.0875455280824713,0.20375928249173822,0.4136154914494171
nDi.2.2.2.t00999,53752.71489730226,-0.6890036512754905,0.7758113391737924,0.20394095002280732,0.4137164355773624
nDi.2.2.2.t01452,40.9796617312977,0.6698970703807587,0.6936968641942957,0.2040905600399907,0.4137164355773624
nDi.2.2.2.t05691,6.466033969023654,0.7594209199393457,0.9733412636879698,0.20417491543529026,0.4137164355773624
nDi.2.2.2.t00454,17.575557608384656,0.719280302403428,0.7808782330058747,0.20509560055474554,0.4153338967651922
nDi.2.2.2.t04210,4.621063534168548,-0.7049217581600236,0.9838139414826693,0.20543031503342524,0.4157635015473618
nDi.2.2.2.t04288,5.64362304409625,0.7360406463676784,0.9644860346360286,0.20626226828891853,0.4169652172558781
nDi.2.2.2.t04558,7.444643963095597,-0.7140096554336594,0.8452909863434961,0.20639286549900335,0.4169652172558781
nDi.2.2.2.t05545,5.032548368418358,0.7320824306725527,1.0191026487056618,0.20631725104050197,0.4169652172558781
nDi.2.2.2.t01542,3.9136841314840587,0.7135308721104102,1.0604047372570824,0.20675602000407226,0.4172336594747298
nDi.2.2.2.t09986,39.92737593470285,-0.6690435316403673,0.695250510406164,0.20677175164416886,0.4172336594747298
nDi.2.2.2.t07619,5.978868872663682,0.746357865531508,0.9881282900486736,0.20696590108269403,0.41737713226664575
nDi.2.2.2.t07315,4.290332561647947,0.72132408393154,1.02210175689416,0.2073234936071206,0.4178498457013387
nDi.2.2.2.t03112,8.343880249160266,0.7466050797871353,0.909569843274997,0.2074555336396841,0.41786767821010007
nDi.2.2.2.t11900,4.974408947741754,-0.6980662740104796,0.957094570300799,0.2080088397986088,0.41873352201595315
nDi.2.2.2.t05274,4.3382881941659734,0.714829685070834,1.0564124183595789,0.2081461252986286,0.41876136240388395
nDi.2.2.2.t05315,17.996989323085913,0.6940257910750133,0.7477551252590201,0.2086503816817076,0.4195270270683771
nDi.2.2.2.t01793,11.012883990067474,0.723458177824475,0.8106787087782252,0.20915541578052707,0.420293347350443
nDi.2.2.2.t02051,5.38298142043125,-0.7104710883909977,0.9192946400363575,0.20954082796530663,0.4208185248421078
nDi.2.2.2.t03755,35.806656939187846,0.6692475105054257,0.6762264877824277,0.20990482696087553,0.42130010239721294
nDi.2.2.2.t09853,3.6146872777496695,0.685314312745465,1.0766490805442999,0.21074326431869442,0.4227327927670086
nDi.2.2.2.t02433,11.848586136792715,0.7155268889093098,0.7958644234882212,0.21156517496009777,0.4241306580760352
nDi.2.2.2.t02393,3.8843263744998513,0.6999394085088783,1.0610948387881685,0.21183589863849067,0.4244225447027527
nDi.2.2.2.t01571,5.317505585614405,0.7362115937734515,1.0046479385805287,0.212061659199352,0.42462405431180755
nDi.2.2.2.t09027,9.067282916782542,-0.699413504681503,0.8083234524607883,0.21226898345907816,0.42478843179539416
nDi.2.2.2.t09578,3.6222160118184092,0.6904713051632619,1.0686610652650363,0.21248784180886746,0.4249756836177349
nDi.2.2.2.t07696,23.815346544189286,0.6636152987115275,0.6776792997663629,0.2127778042299008,0.4253048390971264
nDi.2.2.2.t03349,12.594964106358725,0.6990066157896156,0.7819097630474825,0.21421561201914002,0.42792659362127383
nDi.2.2.2.t07437,7.555948568551534,-0.7134733336548699,0.8760510552642421,0.21438248992416778,0.4280078904195274
nDi.2.2.2.t00749,4.920735708338608,0.6888845684252388,1.0024899817906985,0.21633982858356393,0.43015965520306115
nDi.2.2.2.t03380,4.274182542494552,-0.6986125473638329,0.9725865889155856,0.2160676909920691,0.43015965520306115
nDi.2.2.2.t06188,32.72389405097013,-0.6061640555243525,0.602839270463115,0.21630918281294412,0.43015965520306115
nDi.2.2.2.t07061,3.4265152014340847,0.6129887800050345,1.048532333340487,0.2159145602451362,0.43015965520306115
nDi.2.2.2.t07607,3.829426537202073,0.6937534069034669,1.0486999563118427,0.21606807867237987,0.43015965520306115
nDi.2.2.2.t07922,7.406273884505945,-0.6906405885484245,0.8486907005267661,0.21647480289847446,0.43015965520306115
nDi.2.2.2.t07997,4.818075514918459,0.682894424904662,1.003588482450088,0.21647368618038296,0.43015965520306115
nDi.2.2.2.t08401,5.112381539968172,0.6509309999413718,1.0232884262554587,0.21569207802099857,0.43015965520306115
nDi.2.2.2.t01368,5.512333241938284,0.7002212498657303,0.9830532381155989,0.21691569900943813,0.4302795620117042
nDi.2.2.2.t05444,6.59231822534375,-0.6952301121373864,0.8707033878395566,0.21690739392140987,0.4302795620117042
nDi.2.2.2.t08481,6.766108637157368,-0.7115901290777791,0.9036940982706286,0.21673843325745434,0.4302795620117042
nDi.2.2.2.t02993,76.71834641985598,-0.6208076032100526,0.6289458247490212,0.2171793244036609,0.4302992221829543
nDi.2.2.2.t03978,3.918183320629914,-0.6145802675297463,1.0314491524478269,0.2171634827487832,0.4302992221829543
nDi.2.2.2.t09194,6.392416521043424,-0.6533967832142713,0.9587833044503142,0.21734322926255936,0.4303725824043207
nDi.2.2.2.t04662,16.4952175516491,-0.6489073229627719,0.7006292777089703,0.21756617024824504,0.4305626893127463
nDi.2.2.2.t03386,26.655827840826454,0.636339100912189,0.6485335319339629,0.21774296174168367,0.43066129809200643
nDi.2.2.2.t08645,3.9871809389858326,0.6970494153270884,1.0417318830080882,0.2186378471732267,0.43217924103239214
nDi.2.2.2.t04617,13.146666266453382,0.6813341868875086,0.7552336564493926,0.2188907249957377,0.4324271049420747
nDi.2.2.2.t05806,4.4863622751783225,0.6952064738892111,1.034898050409048,0.21942641254048445,0.4332330566573476
nDi.2.2.2.t03060,3.6130363463282604,0.6107534293217196,1.0423080485113942,0.21975994977348,0.433639179541387
nDi.2.2.2.t09858,6.1727396041613325,0.721405198305344,0.975193497344734,0.21993016372797208,0.43372274149144263
nDi.2.2.2.t00282,12.346044938204367,0.6887501932429158,0.7760412310786087,0.2208381242973383,0.43492945832937313
nDi.2.2.2.t03237,5.784842234301365,0.6992736621102772,0.9545818115661577,0.2209267266219074,0.43492945832937313
nDi.2.2.2.t03985,4.953214258747688,-0.6902262953889391,0.9617598661667718,0.22077051070661494,0.43492945832937313
nDi.2.2.2.t00596,5.601006797400087,-0.6913895929871062,1.0045666929264647,0.2211888211410516,0.4350307533420179
nDi.2.2.2.t02380,4.51137780781088,-0.6695366822492346,0.9631638723461351,0.22123468440889768,0.4350307533420179
nDi.2.2.2.t07476,4.229160757444681,0.65700554963098,1.0133210254245952,0.2214976855548479,0.4352081728960907
nDi.2.2.2.t09647,6.928656618006739,-0.6886055194273825,0.9187495351835229,0.22158151963194242,0.4352081728960907
nDi.2.2.2.t06860,3.972863987964347,0.6852673692708058,1.041254390579295,0.221823263216381,0.4354308500173405
nDi.2.2.2.t01981,14.505264217698123,0.6881066335781639,0.7974824078911343,0.22237026256446502,0.43578797564171706
nDi.2.2.2.t07056,10.309174989568506,0.6978455280850996,0.8214717115112209,0.2223906208242371,0.43578797564171706
nDi.2.2.2.t09332,12.590603966617932,0.6580667713604071,0.8930634466804607,0.22233068402042072,0.43578797564171706
nDi.2.2.2.t04245,4.977660206969204,0.6605164472088358,1.0047403899335292,0.22283401361621402,0.4364047195070427
nDi.2.2.2.t00182,16.71907844642264,0.6524096523390248,0.7093149200906209,0.22475061548880446,0.4389751273990661
nDi.2.2.2.t00617,9.486001534379069,0.630684883534584,0.9705109095606771,0.2245874056410546,0.4389751273990661
nDi.2.2.2.t05317,5.867099541809402,0.7184312297333744,0.9611239619168319,0.22455153810119868,0.4389751273990661
nDi.2.2.2.t06371,4.469510364414715,0.670539652485629,1.0048677909500177,0.22479357202009959,0.4389751273990661
nDi.2.2.2.t07854,9.956654680247619,-0.6713667890366931,0.7855166381618574,0.22439307074989637,0.4389751273990661
nDi.2.2.2.t00955,6.613180979801262,-0.6950366715915504,0.8700884237891036,0.22545670922405214,0.4400167765753653
nDi.2.2.2.t06822,7.93655849232284,0.6970186175593105,0.8694925852511194,0.22682864195694877,0.44243976625530207
nDi.2.2.2.t00485,7.42922835771477,-0.652000500283403,0.901719322135528,0.22777356483562863,0.44402754708186915
nDi.2.2.2.t08579,9.754353500964863,0.6892963652130701,0.8357179874449606,0.22876045742741888,0.4456952737471596
nDi.2.2.2.t03774,6.960977949272692,-0.6737914652969859,0.8550308505150964,0.22942707874884558,0.4457140040756496
nDi.2.2.2.t04223,5.516824143823803,-0.6878684718330965,0.9548166694069565,0.22930753163506096,0.4457140040756496
nDi.2.2.2.t04421,3.979891905871301,0.6690750513332019,1.0489508224886979,0.22923144691279776,0.4457140040756496
nDi.2.2.2.t06469,5.4165347528172685,-0.6095288649417138,0.9710884715014481,0.22930861514372608,0.4457140040756496
nDi.2.2.2.t07613,4.812461100012372,0.6721339806564689,0.9896163238357393,0.2291756243249321,0.4457140040756496
nDi.2.2.2.t08391,12.650301458270562,-0.6253390585539327,0.9623816663541005,0.23031644543028554,0.4471856799653855
nDi.2.2.2.t07995,4.0720050679611095,0.6659218552397851,1.0359397865969033,0.23051664057187513,0.4473183322767737
nDi.2.2.2.t00050,10.931414055533292,0.6663305307793309,0.8133985645010346,0.2316922165967896,0.4491751582455496
nDi.2.2.2.t00199,3.368306039638187,0.6508507559168715,1.0509506078951738,0.2329301601868873,0.4491751582455496
nDi.2.2.2.t02506,5.7589707701291575,0.6675480309636682,0.9486750486151639,0.23235657333144835,0.4491751582455496
nDi.2.2.2.t03193,8.221140687548127,0.6783950779885599,0.8781832757139116,0.23214852373770217,0.4491751582455496
nDi.2.2.2.t03468,7.47330328374583,-0.6753046905430962,0.8630477227293692,0.23290970031304237,0.4491751582455496
nDi.2.2.2.t04138,3.862170236444573,0.6694943755705774,1.0039251028381153,0.2323040793708716,0.4491751582455496
nDi.2.2.2.t05580,5.942973724340975,0.703341240324879,0.9470818369707935,0.23265318014638578,0.4491751582455496
nDi.2.2.2.t06132,7.0541223741246295,0.652539536872393,0.9313740978872023,0.2328959971476515,0.4491751582455496
nDi.2.2.2.t06187,5.25294575990822,-0.6838237642154047,0.9248859653301902,0.2317616001073859,0.4491751582455496
nDi.2.2.2.t08273,3.6738967718262816,0.6577843764471977,1.041703698802149,0.23277686699486236,0.4491751582455496
nDi.2.2.2.t10353,4.795150822252321,-0.660700387646041,1.010065922253095,0.23196061959869124,0.4491751582455496
nDi.2.2.2.t01556,8.143245283134412,0.6759867185846266,0.8550921817452132,0.23335792640320097,0.4492286438238214
nDi.2.2.2.t03245,15.577661064780536,0.6688625401536886,0.7572735844487282,0.23348764712894962,0.4492286438238214
nDi.2.2.2.t05899,64.09041199570906,-0.5847777265128226,0.6016592763457989,0.23322352658097842,0.4492286438238214
nDi.2.2.2.t08214,4.665443857267206,-0.6556480850780322,0.9578433744004833,0.2332997009744802,0.4492286438238214
nDi.2.2.2.t06052,16.021047660469765,-0.6344405359067571,0.7300204494110161,0.23380896186752942,0.44959183597202934
nDi.2.2.2.t07107,11.772087398019837,0.6751547181614627,0.7914702914698494,0.2341231318764839,0.4499408857365628
nDi.2.2.2.t02231,7.027432841180162,0.6961599613233074,0.934042744571208,0.23510696788586058,0.45157578429719086
nDi.2.2.2.t00073,61.968282631778656,0.5655077787546656,0.5653686387594172,0.23539178454709514,0.45161138754736807
nDi.2.2.2.t04360,4.736567051408792,0.6751664137990224,0.994127129536829,0.23537334125038264,0.45161138754736807
nDi.2.2.2.t05240,13.666071236444601,0.671214980667375,0.7726563303157766,0.23567062786784135,0.4518907686420112
nDi.2.2.2.t04513,3.879167043493763,0.6585890075342259,1.0299646020345696,0.23588533346757792,0.4519311750318967
nDi.2.2.2.t08453,5.809518589217769,0.6954154028603909,0.9647886357233828,0.23595816951105222,0.4519311750318967
nDi.2.2.2.t05164,4.166133369411094,0.6307737316488335,1.045922314280099,0.2361253356960915,0.45199612792389526
nDi.2.2.2.t02669,3.8003652658033693,0.6557768798134008,1.0288924545351554,0.2363390925354193,0.45215014206437804
nDi.2.2.2.t02508,4.323437896046985,0.6716197441550296,1.0149542989374487,0.2367086472558485,0.45260187795481294
nDi.2.2.2.t05681,5.751457321852744,0.676475599940205,0.9341202789326426,0.23725914745473203,0.4531704458680523
nDi.2.2.2.t08985,9.986905124830864,-0.6444166577690162,0.8516314702751884,0.2372732051478953,0.4531704458680523
nDi.2.2.2.t00099,5.460154625324107,0.6509271705326609,0.9514163082196495,0.23825935217083996,0.45357137509567874
nDi.2.2.2.t03219,8.570943177903638,0.6502581599573379,0.8979622671504809,0.2383064772883323,0.45357137509567874
nDi.2.2.2.t04549,5.513402971590475,0.674005516285059,0.9406837480599926,0.2379301195957844,0.45357137509567874
nDi.2.2.2.t06692,5.065338891886312,0.6687852233294856,0.9486993580762293,0.23828213958264546,0.45357137509567874
nDi.2.2.2.t07258,4.266337449445029,-0.6578842022775576,0.9555661900443813,0.23801409497068202,0.45357137509567874
nDi.2.2.2.t07397,12.613396868484465,-0.6381268781502436,0.7385762475149127,0.23824087067850275,0.45357137509567874
nDi.2.2.2.t08207,4.088987671146512,-0.6481638602624773,0.9680182003294667,0.23841915147275802,0.45357137509567874
nDi.2.2.2.t05020,8.966209440178705,0.6580361767222542,0.8674419913844489,0.23904270408889414,0.45424809650954
nDi.2.2.2.t08825,11.446082609055725,0.6594371347117947,0.779130486593506,0.23894445810746015,0.45424809650954
nDi.2.2.2.t07528,6.640595992860928,0.6770091299655504,0.8968149659318082,0.23932913934261676,0.45453776072237184
nDi.2.2.2.t00344,3.5304668030817346,-0.5817512395317398,1.0135774774717325,0.23946803034348788,0.45454703912988853
nDi.2.2.2.t00112.t2,3.696686126591423,0.6478313857767151,1.0325632634178223,0.23967354171526756,0.45468269211308027
nDi.2.2.2.t02583,4.6620186464366355,0.6717434140500296,0.988493881042131,0.2400287687815027,0.4549750435579622
nDi.2.2.2.t02660,4.164015596903686,0.6438909694822972,0.9940146996774573,0.24009591036814631,0.4549750435579622
nDi.2.2.2.t07039,12.28568568060852,-0.6297124742641239,0.7316643765355667,0.2410166769854782,0.45646486227512123
nDi.2.2.2.t09099,3.3937775555789806,-0.641639909981897,1.010567622528747,0.24201819869914412,0.4580380976033597
nDi.2.2.2.t09564,5.189024838807825,0.6611655727339274,0.9473802340787824,0.242117426003191,0.4580380976033597
nDi.2.2.2.t05163,7.08974286804852,0.6310249418681716,0.9285416193796263,0.24233698509501328,0.4581979116177731
nDi.2.2.2.t02461,3.5274463634514626,-0.6382711446610546,0.991079542428631,0.2426622829444529,0.458557361419267
nDi.2.2.2.t00571,35.766109384672504,-0.6028589350290733,0.6583684898270621,0.24312936969633636,0.45901578872699356
nDi.2.2.2.t02243,12.99873263360098,0.643089238540902,0.7537830787623889,0.24317552250660596,0.45901578872699356
nDi.2.2.2.t00877,4.634289457440145,0.6315966381556746,0.9845063310736059,0.24376972156062177,0.4598814769375022
nDi.2.2.2.t01111,4.537029725267115,0.6598774894229541,0.9896433389860415,0.24429873201377914,0.46036738832818824
nDi.2.2.2.t01873,4.10736273220153,-0.6388964783345695,0.9858376525843225,0.24427135995755955,0.46036738832818824
nDi.2.2.2.t04839,9.43502443101751,0.6533725022347054,0.8379205348619096,0.24464479123017416,0.4607635379526656
nDi.2.2.2.t01820,6.389992147062393,-0.6621127116522616,0.9277994820194523,0.2450240428627165,0.461221727741584
nDi.2.2.2.t05438,6.550982799413669,-0.647141682689516,0.9034544480339396,0.2453772966802185,0.46163049935624023
nDi.2.2.2.t05309,8.850557459317436,0.6538223590813464,0.8650235480275992,0.2455304748427099,0.46166262232066074
nDi.2.2.2.t07297,3.7755091472805273,0.6392831342399723,1.0186401442405875,0.24683495914475231,0.463402137216752
nDi.2.2.2.t07773,4.965102000536117,0.6693904597173671,0.9736235126686276,0.24686546637696666,0.463402137216752
nDi.2.2.2.t08080,10.908439461120862,-0.6530243948360218,0.8176573122519994,0.24685549347177252,0.463402137216752
nDi.2.2.2.t00873,4.567202723185433,0.6423313982779021,0.9922556488462158,0.2473614773541592,0.46381986245732887
nDi.2.2.2.t10024,3.7924809299789164,-0.6290327652581302,0.9716953407147589,0.2472764327504966,0.46381986245732887
nDi.2.2.2.t02821,6.6112805636235175,0.6681514856538707,0.9194983581567243,0.2477588857326842,0.4643083648647872
nDi.2.2.2.t09601,9.181643605750462,-0.6310341467588358,0.7993285735218599,0.2481834016548824,0.46484710017303205
nDi.2.2.2.t08185,9.70417791697351,0.6479580998505978,0.8135447932530985,0.24863222346660227,0.4649175865483544
nDi.2.2.2.t08620,3.64300405697559,0.6347881578968068,1.0217588767074997,0.248551121373129,0.4649175865483544
nDi.2.2.2.t09685,3.4963738886774607,0.47376347611128233,1.005363574077771,0.24856629806321712,0.4649175865483544
nDi.2.2.2.t00124,8.301712356230718,0.6522279300867996,0.843715029399342,0.24928228564236343,0.4650736996177554
nDi.2.2.2.t01989,10.812873859875227,-0.623409879256311,0.7683643411489319,0.24887210668616638,0.4650736996177554
nDi.2.2.2.t04687,5.4523390708626716,0.6521105232898646,0.9339389226943767,0.24953836477131922,0.4650736996177554
nDi.2.2.2.t05585,7.981829667268008,0.650289562161065,0.8476882861235366,0.24926281949497756,0.4650736996177554
nDi.2.2.2.t07810,8.910997318983824,-0.6329297987580351,0.7894777531532824,0.24950959352279653,0.4650736996177554
nDi.2.2.2.t10543,4.059851268389215,-0.6127404557390002,0.9949930415754765,0.24907140625139032,0.4650736996177554
nDi.2.2.2.t02431,20.293546565962007,-0.5981557065841847,0.681301804328004,0.2501843751456896,0.46551036779713606
nDi.2.2.2.t04457,3.8884651469777545,0.635640157134638,1.01382749462453,0.2500712073433426,0.46551036779713606
nDi.2.2.2.t09702,7.9351044770988874,-0.6286583099204676,0.8196891727257976,0.2500084798501126,0.46551036779713606
nDi.2.2.2.t07410,4.895107426958474,-0.635688144035477,0.9081564714769937,0.25073715629683224,0.46628313276253014
nDi.2.2.2.t09358,3.7517844328463927,-0.6277678555328904,0.9634745956660083,0.250927487788442,0.4663813910018604
nDi.2.2.2.t01234,3.8848048020419768,0.6213445888178794,0.9891799238720755,0.2526316834147696,0.46929171420750193
nDi.2.2.2.t02936,33.30373410413724,0.5903184477533487,0.646520725411328,0.2528043805845785,0.4693554783485989
nDi.2.2.2.t09751,4.416770122477388,0.6068803763790924,0.9862179227988295,0.25320394560451953,0.46984014414142794
nDi.2.2.2.t07706,4.748055415678191,0.5941766672175608,0.9815393232685155,0.2534220699293394,0.4699877863315032
nDi.2.2.2.t01799,8.37833705812004,-0.6258782120564491,0.8121299913448201,0.2540380743361692,0.47087275855097593
nDi.2.2.2.t04698,6.867260081696266,-0.6134941587035528,0.8708409853333554,0.254947485818013,0.4723003123400875
nDi.2.2.2.t01661,5.920078781636868,0.612829883834481,0.9374675397533759,0.2557837134207348,0.47359080563489764
nDi.2.2.2.t04194,4.2307307243273184,0.6250719036990231,0.9774152655594861,0.25636544671865247,0.47415027004889265
nDi.2.2.2.t04634,3.8228806935609194,0.6235619249550626,1.0101802213945186,0.25628584889939193,0.47415027004889265
nDi.2.2.2.t03998,13.647902368531094,0.6180820404555157,0.7345481353546112,0.25661518649359494,0.47435352184538093
nDi.2.2.2.t00482,9.966719092156097,-0.6129954945822657,0.7695942962022155,0.25739691174411666,0.474763634929877
nDi.2.2.2.t06196,11.343608432608677,-0.6284079174481222,0.7825948906060355,0.25727121108061096,0.474763634929877
nDi.2.2.2.t09561,5.189107416503832,0.639784278880082,0.930536424898693,0.2573443729334118,0.474763634929877
nDi.2.2.2.t10224,7.47991382972851,-0.6131784082913879,0.8647778222645335,0.257115939880995,0.474763634929877
nDi.2.2.2.t00312,5.154829725948874,0.6287772679482808,0.9346759741468181,0.25903309858666346,0.47726250429438477
nDi.2.2.2.t04058,15.637438627904421,0.6054864831561684,0.7084141929491554,0.25901828061332405,0.47726250429438477
nDi.2.2.2.t06463,10.129148877517734,-0.6086931581115895,0.783535156848315,0.25941282470771293,0.47770266091670044
nDi.2.2.2.t01023,15.516146191360859,0.6261719114462853,0.7516615122317539,0.26005507675416895,0.4785505115801575
nDi.2.2.2.t06175,3.7499367770220857,0.6159632167581317,1.0107570932500316,0.26015540782836394,0.4785505115801575
nDi.2.2.2.t04898,5.534225314554089,0.6340182257674679,0.9238284558570644,0.2605942196440151,0.47866986182144655
nDi.2.2.2.t07028,8.353764698745595,0.6070334732422373,0.8905110492205536,0.2606436423302511,0.47866986182144655
nDi.2.2.2.t07968,7.722211487759296,-0.6159109069549528,0.8355036647793058,0.2605900620172608,0.47866986182144655
nDi.2.2.2.t08935,4.528753654943294,0.6249864542467823,0.9872557082903431,0.26110781270544114,0.47926282505241147
nDi.2.2.2.t02336,23.560637620578582,-0.5621993210339101,0.6318231621119634,0.26169477015165715,0.48008040040801575
nDi.2.2.2.t01409,32.659709110060604,-0.5527551501553454,0.610674649792692,0.262846324274405,0.48193228753447664
nDi.2.2.2.t04573,5.447785257956169,0.6278947776830591,0.928864602906933,0.26311757603240943,0.4821689994067708
nDi.2.2.2.t01346,47.50266054309009,0.5531391712521521,0.6089568330180565,0.26344819014988746,0.4825141797993619
nDi.2.2.2.t10368,4.660113447221856,-0.5937233073511659,0.9497264399763005,0.2639650552091344,0.4831999283698779
nDi.2.2.2.t02156,3.4541870535977885,0.6041190072036371,1.0147559672975233,0.26422190207330204,0.48340921889570687
nDi.2.2.2.t05535,10.600182718745438,0.6104520846500854,0.8326533291240814,0.26440659812717726,0.4834863508611241
nDi.2.2.2.t04319,11.746453537778677,0.6077414042543522,0.8420742283865391,0.2646683527140649,0.4837042308222566
nDi.2.2.2.t02092,3.7107633630211727,0.608381593394481,1.0068103920434763,0.26521249338299574,0.4841769523978049
nDi.2.2.2.t05770,13.925574247351038,0.6125313588246384,0.7440780202836875,0.26511602923746125,0.4841769523978049
nDi.2.2.2.t03859,5.732828186453711,-0.6090257366891441,0.8764810121665069,0.26571166042868494,0.4848273007929528
nDi.2.2.2.t00563,5.3835820700783765,0.6165784093558447,0.9285516389607895,0.2659029433249239,0.484915475138786
nDi.2.2.2.t08884,3.7206614407299816,-0.5956229297518462,0.961703808466769,0.2666398254052392,0.485998005252322
nDi.2.2.2.t04676,17.253260829886624,-0.5775697184228619,0.6731279794883959,0.26723281526905407,0.48681724457176767
nDi.2.2.2.t05634,5.206685083627585,-0.6153443806441018,0.9339834573438343,0.2681793330651342,0.48770092754719396
nDi.2.2.2.t06047,4.608465534026932,0.6206103681983582,0.9815824137087953,0.2682930220527901,0.48770092754719396
nDi.2.2.2.t07442,4.884977228537731,0.6150209043349827,0.945321920291148,0.2682860395733998,0.48770092754719396
nDi.2.2.2.t10083,7.472883822982434,-0.6092563150408496,0.8135555250503018,0.26797640019865143,0.48770092754719396
nDi.2.2.2.t05987,8.952925129537897,-0.6045355546741535,0.7907371848889877,0.268645382730835,0.4880798812121009
nDi.2.2.2.t02353,6.374318998065157,0.6234051286774825,0.8903466094070136,0.26910895088180753,0.4886603647703914
nDi.2.2.2.t04385,5.714998434510822,0.6223769719534128,0.9034257122888258,0.269888216865733,0.48928959465984306
nDi.2.2.2.t04824,6.209917137256326,-0.6292075063671432,0.8949828664770921,0.2698482716854031,0.48928959465984306
nDi.2.2.2.t05852,8.319413974182403,-0.6142828632112681,0.8232599302506624,0.2696540410898973,0.48928959465984306
nDi.2.2.2.t06509,5.714041304088549,-0.6080079344703121,0.8697111378611175,0.2704057121417963,0.4899659057612036
nDi.2.2.2.t06668,5.111159834732173,0.6197884741986317,0.9245000936099631,0.2707876285143349,0.49039596151661724
nDi.2.2.2.t05493,5.83085791948886,0.634385617190173,0.9242391770912424,0.2715943472632233,0.4915944642032302
nDi.2.2.2.t05492,6.316501250950873,0.6172352088555609,0.8915253075608262,0.2721108000275289,0.4917420531131476
nDi.2.2.2.t08405,5.295779672670231,0.6173880899730922,0.9598667568680638,0.2719977727913196,0.4917420531131476
nDi.2.2.2.t09371,14.58351022278881,0.60058022994819,0.7324476654196813,0.2720323317949402,0.4917420531131476
nDi.2.2.2.t06711,5.726804548847685,0.6326576852736532,0.9251625453946337,0.27288186636433104,0.492672355968963
nDi.2.2.2.t10438,3.9398887748574944,0.5893294317235052,0.9733643218185114,0.2729160839816278,0.492672355968963
nDi.2.2.2.t03201,5.033150280380127,-0.5937400230264448,0.8989035426857078,0.2732123990670678,0.4929449242741989
nDi.2.2.2.t04293,16.290807223586995,-0.5760571357945224,0.6901931752675082,0.27378480661083016,0.49371507922590957
nDi.2.2.2.t00145,6.8797370022674365,0.6032669544617631,0.8910318483420695,0.27428251485378335,0.4938332749100971
nDi.2.2.2.t01066,4.322146103763487,0.5665234279177558,0.9846081060884986,0.2741239016864451,0.4938332749100971
nDi.2.2.2.t01510,11.42254279885699,0.6122739876594945,0.7758871854552067,0.27428711377671666,0.4938332749100971
nDi.2.2.2.t00532,7.487410496849948,0.6087441802385728,0.8573580353239122,0.27450969753667576,0.49397182707925946
nDi.2.2.2.t00905,11.499576440101789,-0.6026655287795658,0.7814526468735858,0.275197593900121,0.49494710419364285
nDi.2.2.2.t00814,11.776213923969227,-0.5792305081994835,0.7633901718795895,0.27554646614506045,0.4953119306645708
nDi.2.2.2.t08132,10.853592599511876,-0.5854686149437889,0.7469082184212792,0.27579443017006594,0.49549507793266084
nDi.2.2.2.t05033,17.57855298965492,-0.5831038008362145,0.7141850686201375,0.276411851299269,0.4959945113680621
nDi.2.2.2.t06508,22.031705188478977,-0.5894936619133456,0.7341141375534636,0.2765110910958153,0.4959945113680621
nDi.2.2.2.t07338,10.132997273204689,-0.5852066588450154,0.7686578585706115,0.2763171779853458,0.4959945113680621
nDi.2.2.2.t02242,15.465672619157782,0.6011244657563306,0.7434210238837472,0.27766810068548986,0.4978066583114068
nDi.2.2.2.t00042,17.306260076553194,0.5859902737438154,0.7077912973666622,0.2782600968865931,0.4983213814706404
nDi.2.2.2.t01156,3.760186097467297,-0.5633966517044363,0.9610091448458461,0.27839593687702346,0.4983213814706404
nDi.2.2.2.t08800,3.6901263052074276,-0.5830348502839153,0.9485302528069428,0.27838093677374665,0.4983213814706404
nDi.2.2.2.t06635,5.637595503037455,-0.574752428066524,0.9034771022475181,0.2790892433965485,0.49929889957863527
nDi.2.2.2.t08571,4.122189910495283,0.5768009689133161,0.9652348496537005,0.28026045521995907,0.5011299230923043
nDi.2.2.2.t04944,22.039745433086026,-0.5427121927226283,0.6328470737084362,0.2804450161529953,0.501195729605353
nDi.2.2.2.t08865,4.454186018978889,0.5670105296414558,0.9619194205407225,0.2809218995570403,0.5017836141640235
nDi.2.2.2.t00603,4.026629500169325,-0.5674119096596636,0.9486427169006205,0.2816379757512719,0.5022336465580421
nDi.2.2.2.t02667,8.986414403482087,0.5969474182277009,0.8122058826587936,0.28191325109946624,0.5022336465580421
nDi.2.2.2.t05879,4.428753005675154,0.5913543833659796,0.9815774750799477,0.28191416953022175,0.5022336465580421
nDi.2.2.2.t06690,9.809198504828617,0.6058143397444394,0.7958564135262959,0.28179667461941593,0.5022336465580421
nDi.2.2.2.t07837,4.00189216601775,-0.5883317343331173,0.9468211983308211,0.28146031605503924,0.5022336465580421
nDi.2.2.2.t07368,6.8779663451923305,0.6043319064519747,0.875163082226632,0.28228975970701714,0.5026387742394762
nDi.2.2.2.t06924,5.093920222087583,-0.5914862296806317,0.91423650785658,0.28244318755404735,0.5026481071266152
nDi.2.2.2.t05190,10.254396803913242,0.6169516637019041,0.8479275131289461,0.2835229647559115,0.504115369087625
nDi.2.2.2.t06910,6.981729251930428,0.5935394490485902,0.8726240809408438,0.28356489511178906,0.504115369087625
nDi.2.2.2.t06800,8.817798665961757,-0.5757450344068502,0.8147162464330917,0.2844381887811573,0.5054030048955922
nDi.2.2.2.t03165,6.520750435147183,0.5938726680060608,0.8699705054114478,0.2850449615948979,0.5059510778283065
nDi.2.2.2.t06657,6.0047245930975555,0.6142070303254143,0.905799167037015,0.28496293004416423,0.5059510778283065
nDi.2.2.2.t10077,4.370188964694646,-0.5205146867711958,0.9679763007657712,0.2855724864101194,0.5066223189869901
nDi.2.2.2.t00565,5.040937181956745,0.5945748318942498,0.9154277509474261,0.2867849644682795,0.5084535064361885
nDi.2.2.2.t07111,8.432190927259844,-0.5775798038372021,0.7915825513553023,0.2869044844690049,0.5084535064361885
nDi.2.2.2.t02358,4.570128308489069,0.5555414109841676,0.957879773554742,0.2877161095172055,0.5096256101735567
nDi.2.2.2.t01429,10.62911452296991,0.5813520608053286,0.7842317379066368,0.2886826028396335,0.5110706622296644
nDi.2.2.2.t04560,3.884414151708783,0.5641904166287168,0.9633325565059763,0.28901148757316675,0.5113860020073978
nDi.2.2.2.t05556,9.28948663908685,0.5902561942785353,0.7953098725276005,0.28919851991794365,0.5114501457568639
nDi.2.2.2.t03437,8.674529073268836,0.5872954115446094,0.8073046366270713,0.29071474337969616,0.5138636839728657
nDi.2.2.2.t00169.t1,12.947565316883693,-0.5624396204740407,0.7147041269872447,0.29143438688879214,0.5146243567738676
nDi.2.2.2.t00755,5.221200477940965,-0.5822805162209146,0.8877052012107749,0.2914629551893479,0.5146243567738676
nDi.2.2.2.t06121,12.059263132043005,0.5714140043885254,0.7837243627531083,0.2916002398936833,0.5146243567738676
nDi.2.2.2.t00539,3.375252368808314,0.41372145326465926,0.9885252043669939,0.29252963566223267,0.5153646815232247
nDi.2.2.2.t01440,4.1080185334654145,0.5754683587822097,0.9689309198578393,0.2926181203776258,0.5153646815232247
nDi.2.2.2.t07033,6.691258825010476,0.5827195395774125,0.8651809781570746,0.29249694447674734,0.5153646815232247
nDi.2.2.2.t08970,7.672423609383777,0.5739712463146301,0.8929734393071554,0.2926274695205574,0.5153646815232247
nDi.2.2.2.t06190,5.024291331920338,0.5851836343523102,0.9618680066646177,0.29305049976633085,0.5158418760806405
nDi.2.2.2.t05722,19.692963134378125,-0.5384402277552849,0.6765759254255735,0.293284550695109,0.5159200579444094
nDi.2.2.2.t06589,4.723864374703863,0.5807044390457288,0.919617882004699,0.2933991131411456,0.5159200579444094
nDi.2.2.2.t05961,3.9622599024959633,-0.545493162891989,0.937877466873973,0.2946121853892168,0.5177847320415665
nDi.2.2.2.t01408,6.354638975389477,0.5800413973483025,0.8809260734163863,0.2956177268296168,0.5192829256375247
nDi.2.2.2.t03446,22.597276461473417,0.5414777323952503,0.6563508423537789,0.295941789685016,0.5195831007306285
nDi.2.2.2.t07282,7.63308821557731,0.5779547304251438,0.834787751956113,0.2966777893067924,0.5206058258296119
nDi.2.2.2.t04099,6.175024970016954,-0.5863989095071589,0.9054192203925802,0.2969615319863474,0.520834289812663
nDi.2.2.2.t05406,6.6583729956635,-0.5653507814302338,0.8355467107211644,0.29720548213902465,0.5209927624886674
nDi.2.2.2.t04566,6.182023141225211,-0.570500088597765,0.8498422767160864,0.2974590465255508,0.5211679162265848
nDi.2.2.2.t06072,4.604324269212744,-0.5279786874911359,0.9291434214263311,0.2979441128371273,0.5217482863931522
nDi.2.2.2.t06253,6.372514698261853,0.5805053655580231,0.8723142119521219,0.29830033668386685,0.5221025500679445
nDi.2.2.2.t00527,33.64597839422181,-0.5044175395560728,0.6000432951978164,0.29864960359505954,0.5224442781817648
nDi.2.2.2.t05773,10.569843673747698,0.5711553077376581,0.7790692549241689,0.29934549822824374,0.5233917164897952
nDi.2.2.2.t05135,7.361178309866414,0.5704879266513748,0.8479673776370983,0.3000364134836201,0.5240594822535732
nDi.2.2.2.t05619,7.927914400367638,0.5774231434916208,0.8295766694173013,0.29995975171616146,0.5240594822535732
nDi.2.2.2.t00871,4.229436891954482,-0.556101905269144,0.924083009063985,0.3009491728785474,0.5246750303383244
nDi.2.2.2.t00639,10.685808549668561,0.5699337305409472,0.7634119007736947,0.3005544647641265,0.5246750303383244
nDi.2.2.2.t01218,12.326214083534554,-0.5467385469498536,0.7114099675365482,0.3011509342047156,0.5246750303383244
nDi.2.2.2.t03110,16.677551257470807,-0.5326975628336725,0.6753779617015935,0.3007372483235649,0.5246750303383244
nDi.2.2.2.t04629,12.4304633707326,0.572512477859115,0.7646987378646835,0.3011622299730889,0.5246750303383244
nDi.2.2.2.t04146,4.03293420328129,0.552205736834086,0.9520738424568733,0.30187868885823965,0.5253835364839143
nDi.2.2.2.t06865,4.417818469206488,0.5279941230678857,0.9529063957347376,0.3018118825370179,0.5253835364839143
nDi.2.2.2.t04880,14.502290981278987,0.5584763483620033,0.7159981433980138,0.302154128890403,0.5255932334339728
nDi.2.2.2.t00793,3.9212732843487563,-0.547982305785338,0.9211400506242907,0.30250980226715424,0.5257582289952035
nDi.2.2.2.t01107,10.378652100506864,0.5656846475151008,0.7999174146375644,0.3025589808368624,0.5257582289952035
nDi.2.2.2.t00055,5.902427150816436,0.5709670673784552,0.8702410422195846,0.3034065569340869,0.5269611065644766
nDi.2.2.2.t07223,21.140785458671743,-0.5157335074509668,0.6360999863509829,0.3038178003080142,0.5274053114865834
nDi.2.2.2.t02299,7.227630250968077,-0.5648877607897962,0.8205420754591612,0.30531611881479276,0.5297351790382492
nDi.2.2.2.t06815,7.6633823053003844,0.5697593660143025,0.8447607708432066,0.3056706774055568,0.5300792115335627
nDi.2.2.2.t06015,5.014203947871499,0.5272164763442706,0.9482295979694016,0.306851312360099,0.5318547018525579
nDi.2.2.2.t05991,8.425304175922745,0.5648350795342606,0.8049336291980347,0.3072049289533438,0.5321956685443014
nDi.2.2.2.t00843,15.821766375692912,0.5505144070020078,0.713857271623624,0.30781128079885917,0.532973897125947
nDi.2.2.2.t09877,5.5697229204018015,0.563091341910661,0.8952182182734217,0.30816801850289444,0.53331934630705
nDi.2.2.2.t04523,8.36739450907324,0.5630168522897432,0.8048737534391099,0.3087346588569225,0.5340275180227848
nDi.2.2.2.t00542,3.63417702259414,0.520940898188392,0.9633506905901855,0.3098348070730559,0.5353844450289381
nDi.2.2.2.t08122,3.829203227442351,0.5382364343367861,0.9538482733145949,0.3096965131624584,0.5353844450289381
nDi.2.2.2.t05325,3.438916818205469,0.4518335289295532,0.9794453763275928,0.3102184003889498,0.5357743452746018
nDi.2.2.2.t08294,4.308862096333405,0.5621571186464062,0.9446567702587975,0.31061248084061815,0.5361819516597338
nDi.2.2.2.t00457,21.16610451179083,0.5243647177614887,0.6708725292632064,0.31149082836556863,0.537203107455567
nDi.2.2.2.t07620,9.521673768692835,-0.510745718193964,0.8866917217345405,0.31152078784348475,0.537203107455567
nDi.2.2.2.t01308,4.159003416453439,0.5272505262502876,0.9603608677373059,0.3117604898837497,0.5372153967018222
nDi.2.2.2.t05209,30.362850097707778,0.5387195079011322,0.7110354648356881,0.3118446686632924,0.5372153967018222
nDi.2.2.2.t01575,9.149387128723324,-0.5441518095541246,0.8038047827957162,0.31297827733151745,0.5388945770093945
nDi.2.2.2.t08244,13.367559804796365,0.5457595809386576,0.7286551433164596,0.3144225908759116,0.5411067621771143
nDi.2.2.2.t03702,3.992996017880657,-0.5210279995529447,0.9208614732017458,0.3150198238179953,0.5413106597723607
nDi.2.2.2.t04593,33.078671879780664,-0.4831470748007022,0.5868392303604314,0.3147395950972129,0.5413106597723607
nDi.2.2.2.t07450,4.991756679475579,0.5615341139411613,0.9297319553339191,0.3149970431862095,0.5413106597723607
nDi.2.2.2.t04220,12.291924327132088,0.5389421953628889,0.7344354064878292,0.31520502225359787,0.541354650878078
nDi.2.2.2.t00433,12.205878784882378,0.5307393312039101,0.8257869139429341,0.3162010455446284,0.5425159061645825
nDi.2.2.2.t05288,7.0842494531147375,0.571187364492021,0.8655982886133529,0.31612319139531425,0.5425159061645825
nDi.2.2.2.t01894,3.8434520819336826,0.5389136344114981,0.9635707994567982,0.3183855264678661,0.54496395751727
nDi.2.2.2.t03132,3.699899109503934,-0.5069253788236537,0.9303242235840905,0.31904986200570523,0.54496395751727
nDi.2.2.2.t04723,9.133712692073923,0.5683331183877546,0.828208000748441,0.3188166898278574,0.54496395751727
nDi.2.2.2.t04783,11.407708634258245,0.5513925002257083,0.7658141885005287,0.3186188929518973,0.54496395751727
nDi.2.2.2.t05775,16.43232296096681,-0.5181694577967004,0.6760397958928764,0.3182864426165006,0.54496395751727
nDi.2.2.2.t07246,13.942028621315766,0.5412216009877342,0.7408317665680446,0.318850054125769,0.54496395751727
nDi.2.2.2.t07653,12.82590916509336,-0.5404862366292154,0.7439481640160215,0.3178068085387715,0.54496395751727
nDi.2.2.2.t07874,6.097774710926131,0.544469505532573,0.8851814547987837,0.31907382654165634,0.54496395751727
nDi.2.2.2.t08014,10.166878530559266,-0.5298944982289487,0.7462190710069907,0.3183957357940016,0.54496395751727
nDi.2.2.2.t02441,10.533424542556252,-0.5287946398747747,0.7446152760426965,0.31966392322386794,0.5450324043254501
nDi.2.2.2.t02622,4.984238670911068,0.5143613160599443,0.9421539411330027,0.31930528467877844,0.5450324043254501
nDi.2.2.2.t07514,7.262245925172765,0.5535830099727561,0.8358684997658034,0.3196044317944217,0.5450324043254501
nDi.2.2.2.t07981,7.439295192887926,-0.5364524143647804,0.8000485422370514,0.31975662871687666,0.5450324043254501
nDi.2.2.2.t07479,5.278984789765707,0.5506199400799839,0.9211038380041049,0.3200650470669578,0.5452840982677654
nDi.2.2.2.t07322,4.071924631480832,0.5228683843674052,0.9425037768270693,0.32063785433604025,0.5459857439296428
nDi.2.2.2.t03741,7.2083221665629695,-0.5387604079673926,0.8044554917541852,0.32097397483901086,0.5462838548188284
nDi.2.2.2.t00643,4.901764735406068,0.5425728575756562,0.9019052015477972,0.3212033720032317,0.5464001192753069
nDi.2.2.2.t05254,4.2592523154206114,0.5406681695109438,0.9443319886768898,0.32139967212113857,0.5464599939022066
nDi.2.2.2.t01480,9.755708079548384,-0.5340396119434326,0.7672294199708413,0.3216201237580159,0.5465608515967886
nDi.2.2.2.t01537,4.607268368070879,-0.5322214638665109,0.889840525878568,0.32204937402829953,0.5470162627461151
nDi.2.2.2.t00161,6.378494345231678,0.5608043897763432,0.8770027367414843,0.3233144797503604,0.5488902479045157
nDi.2.2.2.t09698,6.234839563960332,0.5395104646629271,0.8790634000883601,0.32369713418144286,0.5492649720577559
nDi.2.2.2.t09554,6.570386903627792,0.5483310975689079,0.8441712028765003,0.3240670302820847,0.5496176833584157
nDi.2.2.2.t03346,5.237562827790158,0.5245545397966217,0.9424117640346273,0.32445869519347537,0.550006943576346
nDi.2.2.2.t07067,3.5459034460315046,-0.5273476651457207,0.9474441089073006,0.3247454189362887,0.5502180125034422
nDi.2.2.2.t02879,6.091505178903304,0.5431199972412006,0.8642589972611464,0.326351491891827,0.5526631355452207
nDi.2.2.2.t06400,6.304554180219567,-0.5410959290279898,0.8405520682249576,0.32773228089429385,0.5547244993979266
nDi.2.2.2.t03505,6.391360476767758,0.5316733929336163,0.8575065154491639,0.32808310959155645,0.5550413504910522
nDi.2.2.2.t03421,7.797830790784314,-0.5263740891780029,0.8507648698246064,0.32835514590210824,0.555224653489507
nDi.2.2.2.t03345,3.9643346272277173,-0.521089521838355,0.9113361821249404,0.3291936470196816,0.5555515627409122
nDi.2.2.2.t03864,6.138107792312621,0.5295572444248178,0.863365701533426,0.32920360881758065,0.5555515627409122
nDi.2.2.2.t08740,21.700027496070057,-0.5085012241102311,0.6786278340680236,0.32908953344549213,0.5555515627409122
nDi.2.2.2.t08983,8.538056801438419,-0.5208688871772738,0.7871752178868192,0.3289445774028514,0.5555515627409122
nDi.2.2.2.t07259,4.784795174075623,0.5238876724628996,0.9191543094390566,0.32964339721407504,0.5557407571322776
nDi.2.2.2.t08641,4.162208226946345,0.5262477189597097,0.9460160750196732,0.3296211008220787,0.5557407571322776
nDi.2.2.2.t03670,8.523236578487463,0.5394881685457122,0.8124502158330849,0.32990470408536915,0.5559049956570155
nDi.2.2.2.t06415,3.552276841523641,0.5125385570709284,0.9471904114212654,0.3301484877893418,0.5560395583820493
nDi.2.2.2.t05624,6.582678343161832,0.5266789958133558,0.857172894157708,0.33073777556387185,0.5567556003536741
nDi.2.2.2.t06333,22.084306155910202,0.5038057215558349,0.6569221389938666,0.3310815848701948,0.5570579047022325
nDi.2.2.2.t06058,3.817030967280461,-0.49831744577821174,0.9233381517306471,0.3320123610914254,0.5583470147853817
nDi.2.2.2.t05546,4.058292524762987,0.5246748642245108,0.9458062327835228,0.33234602069924735,0.5583544835125542
nDi.2.2.2.t06918,4.60277213452597,-0.5018036510448362,0.8995316922456791,0.33232471561336263,0.5583544835125542
nDi.2.2.2.t08037,21.42861332987683,0.5145436231289213,0.6938093988452403,0.3332247580405197,0.5595536531056647
nDi.2.2.2.t00463,9.13156244598185,0.5314995652461234,0.7900479702743781,0.3334290476493808,0.5596196584001484
nDi.2.2.2.t02439,4.087353898399414,0.5007830017813538,0.945718709364586,0.333678488320027,0.559761341434981
nDi.2.2.2.t07112,9.49612769219684,0.5489105343279932,0.8581372295326632,0.334105257801979,0.560200214762389
nDi.2.2.2.t01060,9.29092131557334,0.5272856300492683,0.7896407028291091,0.3347218457296488,0.560956769127949
nDi.2.2.2.t03925,7.82445953977172,0.534814685358733,0.8128140668271391,0.33507844430272576,0.5612770780616523
nDi.2.2.2.t04645,7.339148387906709,0.5459783730262027,0.8646043800118369,0.33554894702695043,0.5615106207772155
nDi.2.2.2.t08060,10.112744306340408,-0.5171307677332153,0.7432080287143745,0.33543353139946586,0.5615106207772155
nDi.2.2.2.t09781,7.254328451928938,0.5415825606331057,0.8514820846633653,0.33594335651393553,0.5618934247018094
nDi.2.2.2.t03769,3.874391570916608,-0.47411609465924665,0.9301857090852094,0.3364586349405702,0.562200832373603
nDi.2.2.2.t06710,5.0373473039413,0.5339794621259634,0.9150289673740517,0.3363562526156869,0.562200832373603
nDi.2.2.2.t06028,6.122621084751496,0.5327001527332659,0.9012826816276138,0.3373833578439139,0.5634684144788557
nDi.2.2.2.t08946,9.693617311369717,-0.5075503167743145,0.7830653450065981,0.3375726864064711,0.5635071615604084
nDi.2.2.2.t04628,3.998121774199311,0.515829259363985,0.9415856696721164,0.33876817939473974,0.5652246259257044
nDi.2.2.2.t03178,9.445620135855144,-0.5114146657461357,0.8051451315228748,0.3390760391677015,0.565427042740803
nDi.2.2.2.t07195,4.357038250245451,-0.486392439406635,0.945736374074736,0.3392228867858297,0.565427042740803
nDi.2.2.2.t07493,3.794825325310797,-0.5022316169127223,0.9175456900390335,0.3394462609580869,0.5655214720873432
nDi.2.2.2.t01353,6.15618153894842,0.5150992319399159,0.8566914637625932,0.3411019515644831,0.5679615937998673
nDi.2.2.2.t02233,15.283362563166229,-0.4963169921879856,0.7115769877493695,0.34141323400882356,0.5679615937998673
nDi.2.2.2.t09256,8.720312572764174,0.5113858296660521,0.8192861744156966,0.34138957907726797,0.5679615937998673
nDi.2.2.2.t01504,3.725522921891509,0.49803341617509433,0.9371474813992828,0.3421842697800451,0.5689652172028986
nDi.2.2.2.t08001,4.909004773261893,-0.4829086601191975,0.896446987087444,0.34263147399545535,0.5694296716279199
nDi.2.2.2.t05952,10.481114971746631,0.5053833580364827,0.8058707017800802,0.3431545939333996,0.5700197760147363
nDi.2.2.2.t05346,16.578648713750546,0.49882911826054505,0.7047967220173394,0.3437474205520076,0.570725036961532
nDi.2.2.2.t03398,6.293841945519014,-0.5018555314714659,0.8346356606358369,0.3443818406972242,0.5709896185015555
nDi.2.2.2.t04969,4.09222291094541,0.4789981376718431,0.9368509658142886,0.3444117804994642,0.5709896185015555
nDi.2.2.2.t05840,5.145087501244136,0.5088168575881917,0.894688159779349,0.3441262490017401,0.5709896185015555
nDi.2.2.2.t05454,5.074705428339062,0.5099219046977623,0.8913186047454148,0.34481108233025054,0.5713723455125598
nDi.2.2.2.t01866,8.093571024345664,0.5210994934610237,0.8140387472566107,0.34521400148334175,0.5714816461842339
nDi.2.2.2.t06040,3.551817338409055,-0.50198739222189,0.9323616278864584,0.3451292963418029,0.5714816461842339
nDi.2.2.2.t00007,11.849250340990231,0.5021301091216973,0.7583259434344698,0.3457893621904549,0.5721530091501721
nDi.2.2.2.t00510,5.351621931028682,0.5256392438132211,0.8996401173201317,0.3461255821863659,0.5721530091501721
nDi.2.2.2.t05157,9.996696003357137,0.511503965930223,0.7732996210211234,0.34596244776609214,0.5721530091501721
nDi.2.2.2.t03851,3.535231462439631,0.4879305757057193,0.9415754872021256,0.3471424703969131,0.5735544372071745
nDi.2.2.2.t01351,7.142170255580729,-0.49960154095426024,0.8514736164091364,0.3481099701787418,0.5743874650395675
nDi.2.2.2.t02802,4.836194295086056,-0.48545411568408764,0.8797979579163947,0.3480388012475905,0.5743874650395675
nDi.2.2.2.t07791,4.793560142587459,0.517589710059786,0.9052117538673772,0.3481546663093605,0.5743874650395675
nDi.2.2.2.t00514,14.67831348307568,0.5011195036163089,0.7117990414670697,0.34856788151248946,0.5746710718349465
nDi.2.2.2.t01090,13.291302245516897,-0.48585817430099343,0.6907877175935495,0.34869208873427854,0.5746710718349465
nDi.2.2.2.t02192,7.6558026150434255,0.5062371940258342,0.8384355737620519,0.348834828097923,0.5746710718349465
nDi.2.2.2.t05736,11.390390591623786,0.5074897314907607,0.7409595121053675,0.34934952047464446,0.575239598762133
nDi.2.2.2.t03601,3.7798229740602722,-0.49220185952167755,0.9304942318022502,0.3498954694293625,0.5756170372608782
nDi.2.2.2.t05353,4.723681720535322,-0.4914282109594376,0.8713792896441641,0.35000239370282227,0.5756170372608782
nDi.2.2.2.t06082,6.271359648771697,0.4987410354408242,0.864219861500736,0.35008783840483243,0.5756170372608782
nDi.2.2.2.t07216,4.793319092245061,0.5005875771395772,0.8973681616182897,0.35054114523726715,0.5759232370996819
nDi.2.2.2.t00470,12.707082359950485,0.5049861336917502,0.7460834132466557,0.3508276420276407,0.5759232370996819
nDi.2.2.2.t02217,4.9963697164496,0.5178907216801899,0.9008899092304797,0.35095322260761863,0.5759232370996819
nDi.2.2.2.t05921,13.696951284183058,0.4952067513160594,0.7031047793897321,0.35087361918007,0.5759232370996819
nDi.2.2.2.t06419,3.5899941591987883,0.48238183744077795,0.9377310510286954,0.35156966665116435,0.5766558555516197
nDi.2.2.2.t05303,5.63789390375331,0.5063146856609096,0.9197575320736503,0.3518327757653807,0.5768084946332389
nDi.2.2.2.t01539,8.480331529885685,0.5019531997105637,0.8068699400186866,0.3526705284947063,0.5779026244705526
nDi.2.2.2.t02672,9.376074018884449,0.5040426770207701,0.7735418370042434,0.35404111351702355,0.5796115577867943
nDi.2.2.2.t06341,3.738228778586736,-0.4714613479201084,0.9131860558000652,0.3541835295793706,0.5796115577867943
nDi.2.2.2.t06394,5.1370692822583806,0.5100458369492558,0.9026766679041115,0.3543969253684585,0.5796115577867943
nDi.2.2.2.t10618,5.012221807593674,0.5138286101001274,0.8993473312608975,0.3543062404629557,0.5796115577867943
nDi.2.2.2.t05415,17.841130488901413,0.48202146493874604,0.6673651526565824,0.3546381339920655,0.5797265303619692
nDi.2.2.2.t02174,6.024053883354534,0.5072926481036053,0.8490825667693543,0.3558134774233679,0.581087778247503
nDi.2.2.2.t05752,8.674459559078475,0.508983831949065,0.7909364603026329,0.3557945210335629,0.581087778247503
nDi.2.2.2.t06792,4.419138835275706,0.49838543598373125,0.9234389989324653,0.3569146433786124,0.5826056161406417
nDi.2.2.2.t08744,5.655873386316203,-0.4882456137625371,0.8442946680172897,0.3581110167051588,0.5842773298046652
nDi.2.2.2.t05605,7.8469578888037175,0.4997629624956557,0.8503210549512308,0.3583158705077946,0.5843304965204035
nDi.2.2.2.t02318,6.241082865282378,-0.4799628603200467,0.8499094342779355,0.3584942795704498,0.5843405075939287
nDi.2.2.2.t02097,4.176318116197072,0.48005743937095363,0.9446791232306235,0.35887873081663835,0.5844850796097366
nDi.2.2.2.t04326,5.781104015305637,-0.4965748895029116,0.8429160363593076,0.35892760047968203,0.5844850796097366
nDi.2.2.2.t03533,3.9320868245407397,0.488896685663757,0.9403644998536174,0.3598212805779447,0.5851988615334421
nDi.2.2.2.t04340,3.745919990145051,0.4898556864824913,0.9371474228614347,0.3595761581057474,0.5851988615334421
nDi.2.2.2.t05060,17.55269648970123,0.4749747810611407,0.684467980782279,0.3598834979831251,0.5851988615334421
nDi.2.2.2.t00593,4.9262737459124075,0.48983085057972325,0.891683972727869,0.36013942061083154,0.5853344104992528
nDi.2.2.2.t00569,6.639100341066617,-0.4952797004974713,0.8219315011608718,0.3614912212690405,0.5856466642447877
nDi.2.2.2.t01254,6.894941696145496,0.5128256314839109,0.8463987028530039,0.36132983355744247,0.5856466642447877
nDi.2.2.2.t02150,7.339892694459482,0.5127396805625382,0.8438562631791315,0.3612572410464916,0.5856466642447877
nDi.2.2.2.t02316,15.200783952834689,-0.4678701924384814,0.6795994860088764,0.36123917687153984,0.5856466642447877
nDi.2.2.2.t03501,4.337202655293247,-0.472996355620989,0.8939683627622506,0.3611165976212431,0.5856466642447877
nDi.2.2.2.t04294,6.739210171571889,0.502529342546427,0.8427865541281625,0.3612615811271344,0.5856466642447877
nDi.2.2.2.t05531,5.4530209320735405,0.5015051909298257,0.8892770911364951,0.3615401282218707,0.5856466642447877
nDi.2.2.2.t06217,3.3968444009272627,0.4675224525078689,0.9433209604592895,0.3619530318867746,0.5860356487636942
nDi.2.2.2.t08176,3.9783006185634067,0.44789881912479673,0.9383270235471167,0.3621430564922893,0.5860635723386667
nDi.2.2.2.t00933,10.441322765872322,-0.48082084094372474,0.7345299227201743,0.363760868281299,0.5881552484422685
nDi.2.2.2.t02087,4.959347550519583,0.5015632087553202,0.8995757327029725,0.36381160119694766,0.5881552484422685
nDi.2.2.2.t08168,5.535822183067627,0.47593344031382595,0.8829287431023349,0.36395573893877403,0.5881552484422685
nDi.2.2.2.t02323,7.386251927017232,0.4988827031751174,0.8100552093663547,0.3647818596529968,0.5892095561633167
nDi.2.2.2.t01654,4.593785655129837,-0.48040913573303173,0.8662009841679955,0.3654041638252801,0.5899338047098287
nDi.2.2.2.t03545,9.253602490913462,-0.48226314296993766,0.7600154352652068,0.365957042436107,0.5905453320377141
nDi.2.2.2.t02765,3.4304819592892875,0.4666928813680154,0.9363310784445708,0.3662582997044003,0.5906941573830006
nDi.2.2.2.t03486,17.581946674232103,-0.4655078541828325,0.6910120289419609,0.36639755516917255,0.5906941573830006
nDi.2.2.2.t04537,3.535469585605701,0.4568756762730181,0.9339406201391205,0.366598240293226,0.5907369268763053
nDi.2.2.2.t06713,3.998863560589056,0.4755261886818696,0.9076872652231597,0.36875142905083946,0.5939244289365847
nDi.2.2.2.t02058,3.822113828656567,0.4782245591923236,0.9292931449500168,0.36998305954601923,0.595625314655955
nDi.2.2.2.t04103,3.775113340736284,0.4515831821309677,0.9295774584686561,0.3705881878539078,0.5962101530057249
nDi.2.2.2.t07502,6.9728423690784505,0.4913238963658221,0.8147586794696025,0.37069788109937313,0.5962101530057249
nDi.2.2.2.t06216,6.448849976500986,0.4691169944355266,0.8662648415735782,0.3712727920673306,0.5968518060153485
nDi.2.2.2.t01240,3.9133203805196084,-0.4672553555227004,0.9208343614378153,0.3725153471408721,0.5968691816258093
nDi.2.2.2.t02948,13.625084360772979,0.4792648174753684,0.7251511183856565,0.37237720705548893,0.5968691816258093
nDi.2.2.2.t03188,26.150504372495057,0.449089507583177,0.6291864551818225,0.3716038590863587,0.5968691816258093
nDi.2.2.2.t03272,4.431213026158454,-0.46180939015114464,0.8770181941485203,0.37206956845572503,0.5968691816258093
nDi.2.2.2.t04137,14.521967325743482,0.4840006853356931,0.7381060187669496,0.3723505911538872,0.5968691816258093
nDi.2.2.2.t06998,6.782519632134818,0.46751724914957493,0.8687918552002104,0.37173691521343494,0.5968691816258093
nDi.2.2.2.t08837,4.013767926453912,0.4741362688221796,0.9291796478527194,0.3722090186745649,0.5968691816258093
nDi.2.2.2.t00942,5.631157151669442,-0.4644702647646018,0.8436982472218889,0.37312796600536907,0.5975684894665778
nDi.2.2.2.t03341,3.60784747143241,0.4517529989455321,0.9320766398053654,0.37366521348529824,0.5975824630561677
nDi.2.2.2.t05394,6.53470198342613,-0.4715975029371121,0.8156876216127694,0.37348048413107937,0.5975824630561677
nDi.2.2.2.t08128,5.252308885605474,0.46946024420628385,0.8852538398377987,0.37356673351034525,0.5975824630561677
nDi.2.2.2.t06465,3.9950255045620966,-0.4517925319086729,0.8942104091605934,0.37419229482185357,0.5978616410907807
nDi.2.2.2.t09990,9.824279722863533,-0.4746133644005924,0.7839834604517738,0.37408166322239794,0.5978616410907807
nDi.2.2.2.t04367,4.162897335121164,0.44874112321868886,0.9251690379060522,0.3751724270580858,0.5991454202358885
nDi.2.2.2.t04008,5.125109500902626,0.47926581392869916,0.863213965452906,0.3759750213874665,0.5998623106990999
nDi.2.2.2.t05339,4.98933073429523,0.46000945578148944,0.8987237780781364,0.37585089180191156,0.5998623106990999
nDi.2.2.2.t00672,7.28978495686062,-0.47634222360976225,0.814877267400948,0.3763211362745359,0.6001322492915965
nDi.2.2.2.t01757,4.291807351690844,0.4718519601688806,0.8914068186460445,0.37683524773479576,0.6006697181938098
nDi.2.2.2.t03891,5.647509949848562,0.4781306045034738,0.8550354184995143,0.37717862529020285,0.6009346627451235
nDi.2.2.2.t02513,18.469566938373347,-0.45611512765217294,0.6865801931414995,0.3773671487076423,0.6009527551250342
nDi.2.2.2.t00010,18.965252125253723,-0.4638610720446515,0.7014391843844651,0.378005624069859,0.6016870374683068
nDi.2.2.2.t09270,18.01148589666122,0.458513239277018,0.7460623562774361,0.37872498341508526,0.6025493169530812
nDi.2.2.2.t02064,4.995847152317035,0.47964194612252115,0.8939615021047785,0.3794103481883814,0.6030739929967149
nDi.2.2.2.t09627,15.315327847537823,0.4620437571416278,0.71662792500173,0.3793647703302508,0.6030739929967149
nDi.2.2.2.t01586,5.645268089338731,0.4732588473932847,0.861668658015944,0.37971757561527764,0.6032796330149984
nDi.2.2.2.t01347,9.885905623878656,0.4736842984976156,0.7623436262492852,0.380294796035225,0.6039138334042524
nDi.2.2.2.t02910,9.962749232025171,-0.4721669057557751,0.771417624240791,0.38067910002256494,0.6042412294228078
nDi.2.2.2.t03833,5.3285158381761795,0.47192990172152577,0.8593815153927165,0.38210279989562573,0.6060054956285089
nDi.2.2.2.t08819,4.256297140410615,0.4137663443280951,0.9314240232293889,0.3821479230982843,0.6060054956285089
nDi.2.2.2.t05295,3.5248043146258863,0.3051408458095279,0.958439053939292,0.3824480530086384,0.606198035423038
nDi.2.2.2.t01637,5.8375816852057465,0.4723563732751294,0.8656449185620421,0.3831437279929371,0.6070170599495762
nDi.2.2.2.t05973,7.516625073105217,-0.4597065641204298,0.799808932158945,0.3834437312269603,0.6070343410825529
nDi.2.2.2.t06572,7.177158971630742,0.48795031978200426,0.8326747865217092,0.38351255688087,0.6070343410825529
nDi.2.2.2.t04771,16.5367692765461,-0.4488859728101133,0.6914991648150559,0.3839141397473073,0.6073865494509638
nDi.2.2.2.t00544,3.985504514111306,0.465693385276509,0.9178647837537633,0.38415730145954313,0.6074879098138789
nDi.2.2.2.t01889,3.6752528125327895,0.4382149485120947,0.9243566292921677,0.3846330255641639,0.6077438746533881
nDi.2.2.2.t08254,18.93017661269047,0.4452722572317575,0.6487632960836832,0.3846775055662807,0.6077438746533881
nDi.2.2.2.t10474,3.736237313355642,-0.439571474899122,0.9012987414895012,0.3850069694042761,0.6079812105304025
nDi.2.2.2.t03115,14.646162844519562,0.45534667111551913,0.6967797450449591,0.3852267774642679,0.6080452439082349
nDi.2.2.2.t02990,6.142940716678607,0.4809063491536095,0.8589664576999174,0.385958538004173,0.6085313404847603
nDi.2.2.2.t07988,9.134926339968645,-0.4649171571965712,0.758456408148548,0.3860729495056616,0.6085313404847603
nDi.2.2.2.t09236,7.8677461321625755,-0.45329075783987066,0.8319574922766056,0.3860719824692751,0.6085313404847603
nDi.2.2.2.t03236,4.436919633161357,0.4543133798653197,0.8901873562417876,0.38712415887565427,0.6093388152697072
nDi.2.2.2.t03720,7.0441591184706756,-0.45519498066768566,0.7978417795837877,0.38678859514938024,0.6093388152697072
nDi.2.2.2.t06487,19.385998825899488,0.4503377157654804,0.7053058425933221,0.3870222853554615,0.6093388152697072
nDi.2.2.2.t07646,11.26957312084301,-0.4698732492763142,0.8022405133692697,0.38734910434231234,0.6094100936591481
nDi.2.2.2.t08229,5.721262525219239,0.4577140163161343,0.8586250040984149,0.38802441215620953,0.6101895252822729
nDi.2.2.2.t08703,29.11453155557559,-0.41714181231879555,0.5999075787317776,0.3885369444619266,0.6107123798029912
nDi.2.2.2.t02829,5.823387041927814,-0.4693610875396518,0.8533864569834833,0.3889736927345439,0.6111156858525117
nDi.2.2.2.t08311,21.35406311090916,0.4420602298027483,0.6783803268254845,0.38977441750820946,0.6120901963832622
nDi.2.2.2.t03714,7.634298534769297,-0.4587624335855488,0.7781277261524294,0.39164598045607996,0.6144263585078652
nDi.2.2.2.t06491,4.128096020381651,-0.45214379646969527,0.8806443229814762,0.3915649590891863,0.6144263585078652
nDi.2.2.2.t08785,3.445858491771084,-0.45069815031193683,0.914569507127829,0.391805487456519,0.6144263585078652
nDi.2.2.2.t00922,15.512919356388569,-0.4444229039223248,0.6843108734204946,0.39209494055518523,0.6145961360273514
nDi.2.2.2.t05237,4.4300318514846495,0.45285804594887313,0.885311430247076,0.3925157863851013,0.6149716154356876
nDi.2.2.2.t01938,13.002117771587544,-0.44465665575459656,0.7010644195793045,0.3932175033886652,0.6155024326231437
nDi.2.2.2.t03618,7.273770177075177,0.4578918218601167,0.8219026562468377,0.39316236054333015,0.6155024326231437
nDi.2.2.2.t05892,10.182473493040549,0.4526556101508376,0.7645427750052164,0.3947264975711291,0.6175794648345341
nDi.2.2.2.t01437,15.608042393228015,0.4466339476018969,0.685138301725946,0.39491002413172105,0.6175817435937289
nDi.2.2.2.t03807,8.56408540566717,0.4612890386119455,0.80069461081317,0.39542739219982226,0.6181058591436853
nDi.2.2.2.t04134,26.17357717567225,0.4278398405858988,0.6252208783957175,0.39605936396729513,0.6188085502427753
nDi.2.2.2.t06105,3.5568837957620385,-0.4275988324695027,0.9096021453934012,0.3964948680859634,0.6189188184756502
nDi.2.2.2.t06618,21.07473496045414,0.43423531608610644,0.66658663757283,0.39631792129601295,0.6189188184756502
nDi.2.2.2.t01283,4.7011356273837706,0.45976111768297545,0.8886538500288917,0.39786642000186906,0.6207741014932566
nDi.2.2.2.t01827,3.6846113951798127,0.4202331925944035,0.9209055771169627,0.39829916808832644,0.6208781149612147
nDi.2.2.2.t02134,6.674886026322653,0.4417642000432859,0.8426630703284875,0.39828896102713585,0.6208781149612147
nDi.2.2.2.t04807,3.458246424629255,-0.42898302703612384,0.8985064163239851,0.3985179110489033,0.6209337410555259
nDi.2.2.2.t08922,6.16659245500456,0.4555526679310767,0.8201231609490836,0.3993198072549961,0.6218975143291766
nDi.2.2.2.t09777,4.590979547228569,0.456049407042,0.8917771385132258,0.3996259504897582,0.6220886755673518
nDi.2.2.2.t06766,17.8684776712384,-0.42326831587914654,0.6528113486338559,0.400827740700353,0.6236732552548612
nDi.2.2.2.t09190,11.314406942809866,-0.44887569619978007,0.7468935341982066,0.40127639732453135,0.6240850709421414
nDi.2.2.2.t00136,5.270619683770764,-0.44791927055844605,0.8384883826498604,0.40153356240308513,0.6241988284469592
nDi.2.2.2.t00986,5.80442652932381,0.42322328803007664,0.8773089650407626,0.40182862556047383,0.624371368713297
nDi.2.2.2.t08817,6.961064040096108,0.45600784014200185,0.8070369795578782,0.40244651417956895,0.6250451355755943
nDi.2.2.2.t05816,4.477240693459325,0.4377246006715786,0.8849133878030425,0.40290591478903576,0.6254722484962971
nDi.2.2.2.t04181,11.272404834301332,-0.4406194752018081,0.7219136619453361,0.40411018515474034,0.6270547795264773
nDi.2.2.2.t07008,16.632036687261856,0.43296686372149085,0.6971858160896521,0.4057261069435524,0.6292743277332097
nDi.2.2.2.t06433,15.057624027771302,-0.4270371711646722,0.6705499823418765,0.4061683694089561,0.6296723533067546
nDi.2.2.2.t01076,23.70423397916215,-0.4171080152736622,0.6332357294281845,0.40679258978377975,0.6297765698523874
nDi.2.2.2.t05277,5.40571309003192,-0.43760969662303423,0.8283293581379255,0.4066311486909758,0.6297765698523874
nDi.2.2.2.t09274,5.033593210549039,0.3835916234180257,0.920068625229229,0.4067120072498894,0.6297765698523874
nDi.2.2.2.t01628,8.737653471868429,0.4305094284967905,0.8190704912715111,0.40804028666238146,0.6311320804189685
nDi.2.2.2.t07279,9.927003775190792,-0.44017662987219286,0.749540257213649,0.4078994846897276,0.6311320804189685
nDi.2.2.2.t07935,14.052569399820388,-0.424870254274947,0.6773481495322495,0.4090335647369981,0.6323800599762524
nDi.2.2.2.t01761,5.0978028095903,-0.4241963598649832,0.8504756684136564,0.4094207323230039,0.6324021512020169
nDi.2.2.2.t06298,7.910093261946456,-0.43579935560481625,0.760995146681399,0.4093835792793352,0.6324021512020169
nDi.2.2.2.t07931,9.018927768791285,0.4482346389849186,0.7760647474896528,0.4098330092169988,0.632514525160715
nDi.2.2.2.t07947,15.009218948386021,0.4306060279262862,0.757756504379743,0.4098664287450624,0.632514525160715
nDi.2.2.2.t12449,13.070431428907726,0.43844009036753695,0.7920738177412182,0.41028918994800706,0.6328790051403547
nDi.2.2.2.t03057,7.545136479888709,-0.4391697764565008,0.7809019168800292,0.4107390004010499,0.6332848588001642
nDi.2.2.2.t00419,4.718024484446601,0.4460588032040782,0.8833991976221732,0.41118533341967267,0.6333972075202224
nDi.2.2.2.t08043,9.67966144503286,0.44516874002920603,0.7671518716426878,0.41104032624460346,0.6333972075202224
nDi.2.2.2.t03808,17.843818964140212,0.4252770149417971,0.6775288447468201,0.4114074647962283,0.6334517115700438
nDi.2.2.2.t02013,36.482067258706664,-0.4109499432406119,0.649083407641166,0.41209746647447887,0.6342262278953867
nDi.2.2.2.t04764,5.967566421960935,0.4475932102613666,0.8574802639820206,0.4139609962513242,0.6366531407833583
nDi.2.2.2.t06606,3.7928234493953683,0.4313026398911746,0.9113395962222124,0.4140497725731393,0.6366531407833583
nDi.2.2.2.t01834,5.687795430644162,0.434367115894902,0.8443145173292259,0.4148179539907951,0.6372565670003518
nDi.2.2.2.t06684,3.395286306629569,0.4090629804611031,0.9175991248654075,0.4147840770160286,0.6372565670003518
nDi.2.2.2.t01751,20.883763595753887,-0.4208074053727991,0.7421850621254585,0.41530760108575077,0.6377199560357024
nDi.2.2.2.t01369,3.9313610056441326,0.4279408738585123,0.9119199189579532,0.4156682077890517,0.637984869149531
nDi.2.2.2.t02221,12.193077697329967,0.4344531108856177,0.7218214459570975,0.4162990451057245,0.6386641162363715
nDi.2.2.2.t06129,10.61687906086896,0.43584991883349933,0.7371043454521904,0.41650825907058775,0.6386962092077005
nDi.2.2.2.t07731,4.051603170337042,0.43104234044150747,0.908656116130772,0.4172350612730937,0.6395216122179547
nDi.2.2.2.t02289,13.641217538376809,-0.41606982357176614,0.7233421694190395,0.4193072404625906,0.6418948202396844
nDi.2.2.2.t05319,5.660379993452825,-0.4319888748257998,0.8449917685464403,0.4194752482137928,0.6418948202396844
nDi.2.2.2.t05778,4.669807544122142,-0.39970879256158426,0.876346421047638,0.41954033504462857,0.6418948202396844
nDi.2.2.2.t05876,10.716423338987504,-0.4196664311397013,0.7337226328249654,0.4193926409788619,0.6418948202396844
nDi.2.2.2.t02997,4.982389395066036,0.4138012882593075,0.8739729576996701,0.4200058430412556,0.6421877257322447
nDi.2.2.2.t06166,4.125955226953957,-0.4163504436879847,0.8645530655194285,0.42011042553061645,0.6421877257322447
nDi.2.2.2.t07774,7.420237681566659,-0.42008884883303593,0.797908008118967,0.4203204043119009,0.6422192844261115
nDi.2.2.2.t01267,4.254631980853464,0.3913655102922039,0.9153390680688671,0.4207862782072992,0.6426416279509946
nDi.2.2.2.t02971,11.191314842018533,-0.42166405616545616,0.713470827513707,0.42143592309589073,0.6427655805491284
nDi.2.2.2.t04746,3.678112386260429,0.4234201449823732,0.9117850820445094,0.421203879334466,0.6427655805491284
nDi.2.2.2.t09908,8.056089200735215,0.43133387738868534,0.7889819366683312,0.4213819708230808,0.6427655805491284
nDi.2.2.2.t01186,4.87255216188826,0.4236318988057638,0.8574350713872864,0.4225825227767034,0.6430686035256069
nDi.2.2.2.t02785,12.88886261650057,0.4223629424115535,0.7701888961899178,0.42257062971047715,0.6430686035256069
nDi.2.2.2.t03900,70.92318636367048,0.37116544874073054,0.5456718026604982,0.42256188666718664,0.6430686035256069
nDi.2.2.2.t05300,3.4929828868852484,0.39539604808443846,0.9275902639709874,0.42215654779466283,0.6430686035256069
nDi.2.2.2.t06583,3.738998544636182,-0.35816919024975713,0.9330428130849283,0.4222376873233399,0.6430686035256069
nDi.2.2.2.t00543,4.916675910431527,-0.4227295505934703,0.8409734744413837,0.42346459617662713,0.643556328723864
nDi.2.2.2.t01652,8.113319472018539,0.4328289579078744,0.7900828404280376,0.42347220687254267,0.643556328723864
nDi.2.2.2.t03350,4.5206987349302965,0.42013212343405143,0.8737973640513448,0.4234009562749492,0.643556328723864
nDi.2.2.2.t00057,4.436542401138199,-0.4298895911119631,0.8720966863770918,0.42370420239259404,0.6436205349376081
nDi.2.2.2.t04863,5.2385220351812585,0.40510166025401645,0.8742414591318685,0.42390836127638426,0.6436424178377329
nDi.2.2.2.t10002,4.004032833156621,0.381475689459747,0.9221560408483228,0.4249794665693926,0.6449800226413333
nDi.2.2.2.t06708,4.701563210552877,-0.41620599427295996,0.8502706432062062,0.42592182401896084,0.6461211212309101
nDi.2.2.2.t02314,5.818282993899407,0.3989282712741426,0.8695159793406254,0.4264901128632383,0.646209264361113
nDi.2.2.2.t04564,3.3886841893732567,0.39544702416419863,0.9144613973598382,0.42653592631625525,0.646209264361113
nDi.2.2.2.t04583,3.6194367151554885,0.4166860905698929,0.9153798863335592,0.4265514572242135,0.646209264361113
nDi.2.2.2.t00176,9.806252767797465,0.42152309485778217,0.8112029068903612,0.4268117865004464,0.6463149909863902
nDi.2.2.2.t08247,9.772378692805347,0.43874958913030887,0.7864182744361,0.42718849835782585,0.6465967810931483
nDi.2.2.2.t03387,7.952880358318837,0.4256102503069885,0.79199723966522,0.4282846868185425,0.6479668410742624
nDi.2.2.2.t07430,6.81986367625661,0.4222503493143779,0.8080450834942724,0.4292725666330609,0.6488825962653041
nDi.2.2.2.t08129,6.205104485703813,0.426104723344591,0.8196683488906048,0.4292501264380034,0.6488825962653041
nDi.2.2.2.t00690,3.9500183565426963,0.4188172419235586,0.8989372652524587,0.42990965620097593,0.6495561487009845
nDi.2.2.2.t00775,8.867112956143597,0.42819921131377797,0.7666877224165137,0.43015994624123793,0.6496449410731429
nDi.2.2.2.t03281,12.241868786102577,0.42578971970724755,0.7615921348591093,0.431318847961162,0.6505158404517316
nDi.2.2.2.t03312,6.690867842385233,0.40927085511005246,0.8336815258808855,0.4315037267147394,0.6505158404517316
nDi.2.2.2.t03861,6.551294224821138,0.4099498189994518,0.8497167721469145,0.43114424993598405,0.6505158404517316
nDi.2.2.2.t04748,6.402583716431824,0.4338496193568799,0.8345104311340497,0.4313885471934978,0.6505158404517316
nDi.2.2.2.t02089,5.162314024025227,0.4205686535766127,0.8492175341329891,0.43226850559112806,0.6510900403930313
nDi.2.2.2.t03315,4.722099183627669,0.4244605207749034,0.8745130082306478,0.4321726335505312,0.6510900403930313
nDi.2.2.2.t06908,6.7414828608212884,-0.4190991816004908,0.8086047749430207,0.43255958600183825,0.651239287935302
nDi.2.2.2.t01028,4.604431926103047,0.39929216615973595,0.8802547587404648,0.43301763297951784,0.6516396677313774
nDi.2.2.2.t04164,4.754649906909591,0.4071865062808849,0.87048872367124,0.43350471763377274,0.65179432722241
nDi.2.2.2.t05863,3.5901088948063236,-0.3505351625637314,0.9250898553796918,0.43348913153253044,0.65179432722241
nDi.2.2.2.t05509,3.396713884416284,0.38878546550592824,0.9127219728660417,0.4337612394280043,0.6518910607619808
nDi.2.2.2.t02074,32.553354027823225,-0.391030622847151,0.6295400320591955,0.43484547794949935,0.6532311165654127
nDi.2.2.2.t05249,16.315645543053726,-0.39644336138260783,0.6749277861037962,0.43533902280543857,0.6536830302594279
nDi.2.2.2.t04672,4.422851513895081,0.40534084904164014,0.8724784509775394,0.4365086509284389,0.6545700017459172
nDi.2.2.2.t06489,4.354112754459764,0.40307161120007357,0.8758591977740131,0.43626065609658254,0.6545700017459172
nDi.2.2.2.t07679,48.38279654600858,-0.36327064128197667,0.5636477363687553,0.43650149338157,0.6545700017459172
nDi.2.2.2.t00584,4.6040071605747475,0.40025135623597036,0.8739280127699632,0.43705941855531677,0.6549201025034159
nDi.2.2.2.t02511,14.833600030475717,-0.4058348436272692,0.7045018380790423,0.43712827596336484,0.6549201025034159
nDi.2.2.2.t05445,4.812425669972509,0.4184599592716328,0.8705714173009655,0.4379293877169968,0.6558306768812597
nDi.2.2.2.t00438,3.514887858182348,-0.381725442222273,0.891148792325326,0.43879526594425294,0.6568373972122268
nDi.2.2.2.t01335,5.51500441921318,-0.40735966127891354,0.8285158045847016,0.43934946037410544,0.657164864667952
nDi.2.2.2.t02280,21.614140075503915,0.40097907076534356,0.6824035278782691,0.4395952470317167,0.657164864667952
nDi.2.2.2.t10237,3.929391188420664,-0.38475820044582865,0.8874345031328008,0.4395686754253553,0.657164864667952
nDi.2.2.2.t07348,12.658426664602533,0.41493186411866717,0.7304006053662913,0.4407429483555048,0.6585903439743931
nDi.2.2.2.t09048,4.130042593243613,-0.3900833790664589,0.874872310388636,0.4415018304943103,0.6594338216806255
nDi.2.2.2.t00707,11.598264997230967,0.40756812643901785,0.7266950702579895,0.44277786548181297,0.6610486442404532
nDi.2.2.2.t03960,5.903438012146994,0.4199182663698758,0.8425777967556227,0.4431159287838518,0.6612623099141335
nDi.2.2.2.t06701,6.208273925334743,-0.3991201984061539,0.8057747109313055,0.4434959954163851,0.6612642577915862
nDi.2.2.2.t07363,5.287246631553659,0.41640782292631856,0.8565118404546901,0.4437020786360997,0.6612642577915862
nDi.2.2.2.t09571,5.955771116371109,-0.40935274984693076,0.8119337636946417,0.4436424811561836,0.6612642577915862
nDi.2.2.2.t08945,5.551418034373878,-0.3896429013549081,0.8407107899433057,0.444449057120652,0.6620866059522406
nDi.2.2.2.t09335,8.086997202822413,0.4116500906778326,0.790889646892818,0.44473066117618215,0.6622152777478533
nDi.2.2.2.t02319,7.749089522036739,-0.40384829216302914,0.7663352630957112,0.4450179634351978,0.662352317670992
nDi.2.2.2.t00797,3.431119652924901,0.39342910179864926,0.9122003951987205,0.44669024077588104,0.6645496915402581
nDi.2.2.2.t00612,13.789452982462901,-0.40079597127322697,0.7573152727757558,0.4478534041513212,0.6659465017679308
nDi.2.2.2.t02551,6.65823163272839,0.4044514026279098,0.8060462120685645,0.44806609947796405,0.6659465017679308
nDi.2.2.2.t05587,9.433397067164554,-0.3992450335814182,0.7477183478335954,0.44821812014628126,0.6659465017679308
nDi.2.2.2.t00030,8.718261039150038,0.40844222964975524,0.7711248073459176,0.44990519809006696,0.6678680227227602
nDi.2.2.2.t02920,4.977512495810655,0.3853221056752482,0.8657765770455628,0.44974560439194816,0.6678680227227602
nDi.2.2.2.t02869,7.018946385069149,0.41544875677354537,0.819203395713629,0.45022044929337773,0.6680436412962105
nDi.2.2.2.t08235,10.55682184841596,-0.39034406545925493,0.7185885760021762,0.45073841197904146,0.6685197610113286
nDi.2.2.2.t00361,24.466440061017956,-0.36838925781836424,0.6077693355434374,0.4518659290867187,0.6687314876721043
nDi.2.2.2.t06090,6.104737100549555,0.41301531492191496,0.8329236801901375,0.4518669132501365,0.6687314876721043
nDi.2.2.2.t06490,6.40743874966791,0.4058602772107496,0.8096107502777943,0.45132725646243,0.6687314876721043
nDi.2.2.2.t08708,5.706925753692808,0.38020331812759645,0.8604809544205662,0.451712414678431,0.6687314876721043
nDi.2.2.2.t08851,3.8462368554055617,-0.3790729123248645,0.8707415329306518,0.4514757629147427,0.6687314876721043
nDi.2.2.2.t00757,4.548013572942812,0.3887309625280493,0.8675211013476403,0.45265028560746196,0.6693158322667938
nDi.2.2.2.t01182,7.946380331788474,0.4021380235287544,0.7906426250248132,0.45285372495645393,0.6693158322667938
nDi.2.2.2.t04925,7.98091501120483,-0.39729090451712235,0.7597137680621088,0.45276078990125873,0.6693158322667938
nDi.2.2.2.t02052,5.442248442002819,0.39857921084353465,0.8345934327637808,0.45371566619128,0.6702977089376402
nDi.2.2.2.t02570,4.2285611998591754,-0.38443306577851016,0.8587578340721779,0.4539559112025774,0.6703606664341064
nDi.2.2.2.t02525,5.671069071505748,0.39034848115534615,0.855534067152621,0.4546812097246723,0.6708921956833515
nDi.2.2.2.t08573,5.980302786650977,-0.4011166842598959,0.8422553920061285,0.4547114262606206,0.6708921956833515
nDi.2.2.2.t00103,3.6053891617678353,0.36393025353490743,0.9074939804838327,0.45558537103506436,0.6712597058151643
nDi.2.2.2.t00585,6.7749486594898665,0.3946337926062871,0.8020830526086566,0.4564410694731238,0.6712597058151643
nDi.2.2.2.t00736,8.548026217915673,0.3910431287223337,0.7810078377748367,0.45638378836942745,0.6712597058151643
nDi.2.2.2.t00759,11.194754502995357,-0.39397683225260377,0.7222116604996452,0.45536129596908903,0.6712597058151643
nDi.2.2.2.t01209,3.3862183818119655,-0.3764406517644695,0.8852887230931257,0.45615960527915206,0.6712597058151643
nDi.2.2.2.t03948,3.7693800930337704,-0.38941106250450686,0.8807473122801343,0.4565436737369057,0.6712597058151643
nDi.2.2.2.t04088,10.004568518820784,0.4028058138266746,0.7523673407994446,0.4561899577419168,0.6712597058151643
nDi.2.2.2.t08635,10.658990898435977,-0.3909536254220108,0.7146944115677902,0.45553963277349024,0.6712597058151643
nDi.2.2.2.t06332,15.167494853226039,-0.3784327865438334,0.7243061523678345,0.45681897669189986,0.6713734700775236
nDi.2.2.2.t00069,12.822847718171996,-0.3807554850196336,0.7327604028853033,0.4570262864295595,0.6713872514374473
nDi.2.2.2.t03777,16.92251314607459,0.4068451389082032,0.7263724514233126,0.457447287584527,0.6717148049726042
nDi.2.2.2.t04218,5.166651164713567,0.38688272920475997,0.8736724283354111,0.4584395899598575,0.6725986958922638
nDi.2.2.2.t05567,17.61687009451393,0.3789005470243548,0.6714825146977401,0.4584458092284534,0.6725986958922638
nDi.2.2.2.t02021,14.893573700639555,0.3814366499516242,0.682624320045916,0.4612482472681533,0.6764176630927695
nDi.2.2.2.t05741,6.390235723601842,0.3888269992047951,0.8230472548133639,0.4621222655571948,0.677406536201385
nDi.2.2.2.t03673,4.326098691839396,0.3807307299486991,0.8700383895749926,0.4625070114929233,0.6776776600362833
nDi.2.2.2.t00326,6.8801116730235155,-0.37678154704195527,0.7981708572680167,0.4639621440593685,0.678932124450068
nDi.2.2.2.t02543,5.815995012745183,0.38918816504361775,0.8388787661267031,0.4639636392910547,0.678932124450068
nDi.2.2.2.t09059,8.667816318691171,-0.37930594731408485,0.7781277774709431,0.46377166752013743,0.678932124450068
nDi.2.2.2.t00348,31.804969074522308,-0.35934657647425167,0.6076704794783294,0.464327734502222,0.6789989740222722
nDi.2.2.2.t07518,9.024726397070243,-0.3891222491130947,0.7628319277914631,0.4644096756284409,0.6789989740222722
nDi.2.2.2.t06168,6.393008224955876,-0.367591806173329,0.8270382785145376,0.46531693208736297,0.6800323281518031
nDi.2.2.2.t06182,4.075915950187998,0.38638952468731436,0.8813284067029937,0.46605799096043854,0.6805554792283164
nDi.2.2.2.t06519,12.229831344669849,0.3791364147593344,0.7641526148831558,0.46607617283236413,0.6805554792283164
nDi.2.2.2.t12384,51.750744988360005,-0.37592660064093836,0.7748434845635107,0.4668666298789118,0.6814163547974479
nDi.2.2.2.t04131,8.556532179284536,0.38964875192402815,0.7726367647076375,0.46773060815638284,0.6820903795642522
nDi.2.2.2.t08065,3.3991230144785765,0.3756017861408962,0.9087726742245678,0.4676720119230265,0.6820903795642522
nDi.2.2.2.t03074,4.717420039629463,0.3750876764021106,0.8610404432871098,0.46876491681780913,0.6824251492901324
nDi.2.2.2.t03980,17.13490867266073,0.37373499609147953,0.6731810567557103,0.46830678347648547,0.6824251492901324
nDi.2.2.2.t04364,5.353725085753024,0.3818437343431944,0.8375268251366902,0.4686146484858319,0.6824251492901324
nDi.2.2.2.t07352,3.5813615320544248,0.34953297956426227,0.904859051723012,0.46860081439038614,0.6824251492901324
nDi.2.2.2.t02646,3.432772901805315,0.3498887602998685,0.9064221307510457,0.4693902152882174,0.6830423038428286
nDi.2.2.2.t01093,6.355798445621398,0.3868983401379008,0.8135066531847891,0.47029816227097015,0.6834838759310757
nDi.2.2.2.t04862,18.43697645277083,-0.3631069601835439,0.6506049663498361,0.47020390098607334,0.6834838759310757
nDi.2.2.2.t05569,12.894223131803848,-0.37957425054564653,0.7110546996024535,0.47028193101938803,0.6834838759310757
nDi.2.2.2.t07793,5.418482733807834,0.37800629319863827,0.8390834878080204,0.470708714530781,0.6837875630357213
nDi.2.2.2.t00247,4.235898461733249,0.3824071536249861,0.8746669103941676,0.47147377093443865,0.6846057495760343
nDi.2.2.2.t03187,5.006795865025202,0.36288547303408264,0.8653925432845213,0.4717195587772265,0.6846695521490596
nDi.2.2.2.t06095,4.580624520525985,0.3618298726225174,0.8747912951345941,0.4725796588008091,0.6856245520326538
nDi.2.2.2.t04224,11.514632178804424,0.38439047675087673,0.7369305349737543,0.4737391159900275,0.687012860811532
nDi.2.2.2.t04311,4.03814687562563,-0.36825101270195115,0.8556966375960842,0.4742839419634222,0.6870976865609343
nDi.2.2.2.t07885,4.1442268843848025,-0.375838615118496,0.8653362552974708,0.4744053012752677,0.6870976865609343
nDi.2.2.2.t09028,4.141389934133488,0.3792326553816341,0.876183542012902,0.4741747366816425,0.6870976865609343
nDi.2.2.2.t09850,9.483105009590256,-0.38552004442942034,0.7828103138182527,0.4754222343741738,0.6882766619706349
nDi.2.2.2.t08166,5.5320888131988415,0.3617671068506539,0.8663831805637667,0.47706099481534187,0.6903544771389247
nDi.2.2.2.t07208,7.183322790939387,-0.3747711018339554,0.7730479235924913,0.4773201920421058,0.690435006996513
nDi.2.2.2.t01040,4.357224821341397,-0.3366419002279062,0.8838257822230763,0.47832174080789797,0.6910423514616882
nDi.2.2.2.t02751,8.630548197757529,-0.37339079915982154,0.749280324689912,0.4788162103642583,0.6910423514616882
nDi.2.2.2.t02995,19.437688352531293,-0.35821351215292657,0.6804116708954921,0.4801864035160741,0.6910423514616882
nDi.2.2.2.t03412,6.191980338620016,0.37564587972762026,0.8154172761964908,0.4798446186246096,0.6910423514616882
nDi.2.2.2.t03600,8.933121437634725,0.37606965742831133,0.782600043331106,0.48038852144653915,0.6910423514616882
nDi.2.2.2.t04104,25.191757904976136,-0.3411573749668807,0.6001018226793019,0.48028344910184667,0.6910423514616882
nDi.2.2.2.t04247,6.11688833158542,0.38411273979792704,0.827260433864408,0.4794989728945979,0.6910423514616882
nDi.2.2.2.t04320,3.577117377154302,0.34620561537719874,0.8986179545503495,0.47918195865185464,0.6910423514616882
nDi.2.2.2.t05405,3.7821209387945456,0.362549837256145,0.9013222265897451,0.4784008063366068,0.6910423514616882
nDi.2.2.2.t06088,12.833842743031408,0.374336131046965,0.7248000120747103,0.47910054485461623,0.6910423514616882
nDi.2.2.2.t06718,4.614547477096992,0.3650320958667752,0.9007579363568049,0.4798607143178375,0.6910423514616882
nDi.2.2.2.t09037,5.362549536261545,0.35246923813904607,0.8644875065740258,0.47941170577504644,0.6910423514616882
nDi.2.2.2.t09320,6.171109473454705,0.37512532113435354,0.8228392680407532,0.47827787122432497,0.6910423514616882
nDi.2.2.2.t02914,3.9364433456772074,-0.34772927529843994,0.8670817624168002,0.48126340015324837,0.6919301799760802
nDi.2.2.2.t09580,4.387144394335662,0.35661562659436086,0.8727217254888111,0.48141368653996147,0.6919301799760802
nDi.2.2.2.t06048,5.276654415750786,-0.37108506875121744,0.8142478976826718,0.48226888024106207,0.692637656451719
nDi.2.2.2.t08786,6.489747091348281,0.3771784837971438,0.8049454594726749,0.4823469923237519,0.692637656451719
nDi.2.2.2.t09267,19.707402814028914,0.35944095948817634,0.6827611955091335,0.4825185089019493,0.692637656451719
nDi.2.2.2.t04829,3.889237803508119,0.34136184829103766,0.9007788516746268,0.4832642298165089,0.6934146647790178
nDi.2.2.2.t08506,3.6380134452146264,0.36317308528428893,0.89193497710242,0.48400752000140485,0.6941875297440867
nDi.2.2.2.t02427,4.394234046490068,-0.35750567606954914,0.850866721139212,0.48450302761577646,0.6943110560509986
nDi.2.2.2.t08583,8.538144476422312,0.37331370519633117,0.7618510957576806,0.4844043971439831,0.6943110560509986
nDi.2.2.2.t03561,6.051458595992207,-0.3636192265904755,0.7919163603585596,0.48666434673057546,0.697113793965419
nDi.2.2.2.t05946,5.644716044301881,-0.35461132073775664,0.819452089736371,0.48700303499730346,0.6971602888236758
nDi.2.2.2.t08480,9.008753697122785,0.36194471150232155,0.7731873265471625,0.48710786689625934,0.6971602888236758
nDi.2.2.2.t05581,3.6987189576414417,0.3325112801642567,0.8990750717637049,0.4877814405195628,0.6975356855996446
nDi.2.2.2.t07075,7.785243495577318,0.3665822380352887,0.7875191028176755,0.487702704918406,0.6975356855996446
nDi.2.2.2.t07074,11.335364631019411,-0.3617389209794974,0.7083397452587249,0.4883283437109815,0.69802349004115
nDi.2.2.2.t04019,3.3703759926745507,-0.3478566597469455,0.8766503960756101,0.48930819402861603,0.6991294836331363
nDi.2.2.2.t02650,10.95280215731311,0.3615684409249194,0.7379738312549275,0.4901426284691259,0.6999132744778982
nDi.2.2.2.t02962,10.018590224135055,0.3640624036467758,0.7922566048662333,0.4902694399055089,0.6999132744778982
nDi.2.2.2.t04267,8.129936571874088,0.3788937170036312,0.7874403313902598,0.49067433314588116,0.7001966083427972
nDi.2.2.2.t05877,7.132506211126868,-0.3579323111122739,0.7680207646963918,0.49123621776128606,0.7007036377822886
nDi.2.2.2.t00738,11.467308485271058,-0.3547292176709854,0.6985583255561697,0.49329559160410813,0.7010423910886905
nDi.2.2.2.t01576,12.34893989111553,0.35929046752166205,0.7008720599720474,0.4933337817006793,0.7010423910886905
nDi.2.2.2.t03936,23.02442468346404,-0.3379059445379663,0.6335776204120173,0.493156608952059,0.7010423910886905
nDi.2.2.2.t04090,4.727763010242151,0.3484785391324624,0.863350834367339,0.49170488160840203,0.7010423910886905
nDi.2.2.2.t05094,6.611893431764771,0.3617416456428885,0.7969103332289773,0.4925771551333718,0.7010423910886905
nDi.2.2.2.t05127,6.2138630809080695,-0.35456111243780725,0.7891891905903273,0.4931386790576306,0.7010423910886905
nDi.2.2.2.t05832,6.950799528468683,-0.35313109345490723,0.7952998838286262,0.4919249147938102,0.7010423910886905
nDi.2.2.2.t06293,5.877684068338395,0.3602611356064623,0.8076304342157979,0.49292669930271604,0.7010423910886905
nDi.2.2.2.t08117,3.429198131820519,-0.34351601951957367,0.8720989185037625,0.49312206598389735,0.7010423910886905
nDi.2.2.2.t01968,6.159335042461528,-0.3542732223159051,0.7904147529056275,0.49405200982342623,0.701181764569482
nDi.2.2.2.t03427,9.304053201125916,-0.3556838640415187,0.7287828870597277,0.49377151586307433,0.701181764569482
nDi.2.2.2.t06100,3.7493524577150774,0.34752194689161625,0.8707409379392805,0.4938890809035559,0.701181764569482
nDi.2.2.2.t03296,9.79396576299493,0.36632738456374675,0.7489111843496391,0.49506902922467294,0.7016184243270867
nDi.2.2.2.t04547,28.32510562096813,0.352925634771138,0.6567145149073701,0.4949165345496396,0.7016184243270867
nDi.2.2.2.t05306,9.37251739068349,0.3585232993575419,0.7486642836098472,0.4951870600940583,0.7016184243270867
nDi.2.2.2.t05993,10.165649754592124,0.36538169723949393,0.7439777007413739,0.4949760695086335,0.7016184243270867
nDi.2.2.2.t04403,14.196620490468362,-0.3483856270981196,0.6715420445878146,0.49576566531834465,0.701851893472381
nDi.2.2.2.t06449,4.794321573462961,-0.3550084513623496,0.8274713410865661,0.4956232038753875,0.701851893472381
nDi.2.2.2.t04626,3.512366738644141,-0.3383340969226137,0.8725944101738908,0.49615424147390613,0.7019519896053971
nDi.2.2.2.t05342,5.068548879876827,-0.35744314532803123,0.8236609556644328,0.4962502568024004,0.7019519896053971
nDi.2.2.2.t01559,3.873051033628611,0.35328106462168846,0.8835223870732568,0.4967529123966725,0.7022667733782424
nDi.2.2.2.t05393,10.653962059903408,0.36440371583126924,0.7322458014112008,0.4968868679563036,0.7022667733782424
nDi.2.2.2.t05629,9.314130559498988,-0.3509511753618141,0.7229914713651522,0.49795353340605547,0.7031883369331141
nDi.2.2.2.t05894,12.789029318943811,0.35849665112570384,0.7009358311748634,0.49775032384123236,0.7031883369331141
nDi.2.2.2.t03743,8.690194818907424,0.358624056864046,0.7461626972233504,0.49951625882851614,0.7051016021416258
nDi.2.2.2.t00674,6.4969486362698525,0.36785561254437765,0.8126411759423835,0.5003082684006566,0.7053534409210898
nDi.2.2.2.t00740,10.112485683674612,0.35690649478895825,0.7274227840880788,0.5004029792543545,0.7053534409210898
nDi.2.2.2.t02361,9.349972258664595,0.35635113015786124,0.7283247698246504,0.5001919098880625,0.7053534409210898
nDi.2.2.2.t04329,3.4723054132042366,0.34902398872672336,0.8959891612795272,0.5005264540970115,0.7053534409210898
nDi.2.2.2.t00712,6.1880583829274585,0.3396537302762801,0.8616669031390012,0.5022988795528907,0.7074009244010251
nDi.2.2.2.t04571,3.4815718544174827,0.3448787202693995,0.89650226413585,0.5023964701892893,0.7074009244010251
nDi.2.2.2.t05425,23.104108909270284,-0.3277571767896199,0.6095726069112136,0.5028278401792887,0.7077145368830488
nDi.2.2.2.t02342,4.251352769618801,0.3529200506158442,0.8643120748853624,0.5042004585074767,0.7084417479584607
nDi.2.2.2.t02458,4.6706890183513545,0.3337941084517392,0.859492028814123,0.5047009371268238,0.7084417479584607
nDi.2.2.2.t03047,6.374594579488786,0.3550756737366829,0.8187429013961058,0.5045452715168178,0.7084417479584607
nDi.2.2.2.t03690,9.977696540829383,0.33585129152114757,0.812006923661814,0.5039653384220739,0.7084417479584607
nDi.2.2.2.t05541,4.590818511051022,-0.34149964717984455,0.8314511657611809,0.5052242300446688,0.7084417479584607
nDi.2.2.2.t06967,14.84225929493634,0.34249702847977753,0.6745918019947776,0.505040265111941,0.7084417479584607
nDi.2.2.2.t07114,4.437472957876441,-0.34050964161259706,0.8634705078091631,0.504080517996171,0.7084417479584607
nDi.2.2.2.t09055,12.209276721756531,0.3503613121287154,0.7088167826580235,0.5051972253864765,0.7084417479584607
nDi.2.2.2.t09109,3.5963389404421697,0.3417997976909461,0.8961526612226065,0.5049517436791175,0.7084417479584607
nDi.2.2.2.t06260,11.857897982106852,0.3556844790817765,0.7256304180784231,0.5057806038382493,0.7086360215693275
nDi.2.2.2.t06553,19.664829073640973,0.3401985504522786,0.649009965000776,0.5057297273253261,0.7086360215693275
nDi.2.2.2.t04827,27.59762495948125,-0.3275382982589812,0.6320541196167676,0.5064846347113863,0.7093294306114872
nDi.2.2.2.t07983,3.829379068870554,-0.32965342900027056,0.8629715072565618,0.50684584690128,0.709542349438358
nDi.2.2.2.t05234,5.636535647757694,-0.35253980320716394,0.8235074764870651,0.507392763206904,0.7100149557746775
nDi.2.2.2.t09797,4.890268735732602,0.34848370981597565,0.8325307155542778,0.50761425220808,0.7100319766968278
nDi.2.2.2.t00524,9.382897651470156,0.350290984790514,0.7369670660445469,0.5091787476038643,0.7104624894579629
nDi.2.2.2.t07918,16.142341350139258,-0.33188022943374856,0.6851294938222456,0.5084975416605705,0.7104624894579629
nDi.2.2.2.t08559,3.450106127881873,0.3349910930268643,0.8942057784829731,0.5091628877770247,0.7104624894579629
nDi.2.2.2.t08943,6.5041603383843185,-0.3465796337109486,0.7976132536421907,0.5086055276103558,0.7104624894579629
nDi.2.2.2.t09237,6.365888409713139,0.3527787593219545,0.80171909744986,0.5082138519843535,0.7104624894579629
nDi.2.2.2.t09310,7.3357319514269514,0.34903384658825404,0.7750571857305523,0.508806273700452,0.7104624894579629
nDi.2.2.2.t09017,3.924845733867471,0.3452137269046915,0.8763035672283603,0.5094469237969335,0.7105443937167756
nDi.2.2.2.t00946,4.917728726416069,0.3495585615746871,0.8503067464078611,0.5108310602542676,0.7115971073439326
nDi.2.2.2.t02252,4.335838489673954,0.34727470384741665,0.8650854450549611,0.510782621113151,0.7115971073439326
nDi.2.2.2.t03493,7.617415493594276,-0.34590716880082145,0.7592077679351533,0.5107480047904804,0.7115971073439326
nDi.2.2.2.t00012,4.9933646227934965,0.35026803441518084,0.8508286196892799,0.511596019513704,0.712238067839546
nDi.2.2.2.t06046,7.421553915539317,0.3486205274870417,0.7807637004026843,0.5117111354142021,0.712238067839546
nDi.2.2.2.t10152,6.105011526378922,0.35038281885633255,0.8250786770251899,0.5133882053739702,0.7142792422594368
nDi.2.2.2.t03989,7.872568906434668,-0.34245879405844176,0.7766084488691337,0.5145347755172083,0.7155809588168801
nDi.2.2.2.t09514,15.482163848679507,0.3370274415564365,0.6705854049115542,0.5150337178459916,0.7159812995629523
nDi.2.2.2.t07489,4.602859570893619,-0.3216033512540337,0.8544908546368878,0.5152944402022344,0.7160502831487009
nDi.2.2.2.t03334,6.037264087669762,0.35171736565402106,0.8194633694621767,0.5162386607141527,0.7170686065284217
nDi.2.2.2.t00705,4.533275584308949,0.3416290295297072,0.8680796084072259,0.5169942742934617,0.7175944682952237
nDi.2.2.2.t02220,4.1137029763441095,0.30875289133520983,0.8934165997111372,0.5170403539249784,0.7175944682952237
nDi.2.2.2.t00239,3.493357661186362,0.3009719181098083,0.9076432073822389,0.5190610667458457,0.7199654043811031
nDi.2.2.2.t01295,6.549288096674323,0.3419743313795129,0.7903632508012081,0.5191731660130242,0.7199654043811031
nDi.2.2.2.t07591,3.4004410183893823,0.3260610307393733,0.8943926612212684,0.5198242248116405,0.7202793180396587
nDi.2.2.2.t08521,4.698527443893357,0.3368950414891884,0.8325627197982778,0.5197444385026556,0.7202793180396587
nDi.2.2.2.t05620,13.019180942563006,-0.33426574321255914,0.6977148490735914,0.520169600074416,0.7204635702133194
nDi.2.2.2.t07523,4.452795200784278,0.32529416460481364,0.8565483119835786,0.5207367034447326,0.7209546522794011
nDi.2.2.2.t03986,6.218260570565789,0.3424119520966498,0.7987124128663968,0.5209796261513616,0.7209966919238754
nDi.2.2.2.t05638,7.998255097982781,0.33762610614470845,0.7992152020002831,0.5214194810923154,0.7213111255567429
nDi.2.2.2.t00142,6.594703766217966,-0.32790367765644063,0.7820219677293376,0.5234117995380417,0.7213156896421458
nDi.2.2.2.t01363,10.33095012187568,0.3416129812486126,0.7653318167015088,0.5221999962576798,0.7213156896421458
nDi.2.2.2.t03179,5.165847034027058,0.33597792299176066,0.8231913077942973,0.5234405141036083,0.7213156896421458
nDi.2.2.2.t03524,8.26737577446262,0.33633100406646627,0.7640997044333054,0.5235493006777603,0.7213156896421458
nDi.2.2.2.t03550,31.322114042149327,-0.3231307417511882,0.6952688363081458,0.5230999692162579,0.7213156896421458
nDi.2.2.2.t05217,5.227911655572146,0.31720946675807704,0.8522487283208079,0.522681184836064,0.7213156896421458
nDi.2.2.2.t06922,4.060416635225146,-0.3121861086921873,0.8648440767454044,0.5220988318534658,0.7213156896421458
nDi.2.2.2.t07767,26.247694056126928,0.3335168959475484,0.6814921680023728,0.5231828955417888,0.7213156896421458
nDi.2.2.2.t08944,5.0171064149865945,0.3355356963709169,0.8278575008820875,0.5221457385588862,0.7213156896421458
nDi.2.2.2.t09866,8.285137312738142,0.34040306048163554,0.7788131218108997,0.522299789114114,0.7213156896421458
nDi.2.2.2.t01522,3.4488139714617367,0.312072115429014,0.8984714894871632,0.5237971660950811,0.7213641848942407
nDi.2.2.2.t00045,7.314887646911088,-0.33016984676762734,0.7560364185080084,0.5254694112697291,0.7217322946310328
nDi.2.2.2.t00303,6.442074880186514,0.33085581187625096,0.8003340941375896,0.5252468251030875,0.7217322946310328
nDi.2.2.2.t02291,21.36069427683842,-0.32908883752585777,0.6940532713650723,0.5253146682197699,0.7217322946310328
nDi.2.2.2.t03274,42.08038122818229,-0.30276028796744514,0.5952247085184931,0.5255538819984231,0.7217322946310328
nDi.2.2.2.t03347,4.3718786895193755,-0.3250012406614703,0.836288194112017,0.5243302690496818,0.7217322946310328
nDi.2.2.2.t05072,3.9040499992583966,0.33170599590776223,0.8713379868346482,0.5245585417455474,0.7217322946310328
nDi.2.2.2.t06871,10.522197651513823,0.3365474151563401,0.7539751702080943,0.5247489576627442,0.7217322946310328
nDi.2.2.2.t00422,4.683334831348548,0.31887465336714454,0.8567778378520436,0.5264717337324711,0.7227001703037402
nDi.2.2.2.t07637,5.403533111648402,-0.3277231255627116,0.808911919481053,0.5274728142786911,0.723781466841958
nDi.2.2.2.t08178,40.42541258276174,-0.3103660388224347,0.615177792487981,0.5277334552399446,0.7238462920234097
nDi.2.2.2.t06407,6.739931838493771,0.34128893594619136,0.8077276419289903,0.5283656404465527,0.7244204738863002
nDi.2.2.2.t05287,7.035110443003201,-0.3188797974338379,0.7857743538908554,0.5294035770243954,0.7255502760673734
nDi.2.2.2.t05615,3.502106451684555,0.32061460257408714,0.8859974835458774,0.5299124371936819,0.7259543566078226
nDi.2.2.2.t07840,8.583965488128806,-0.3261007090070215,0.7482211841949735,0.5305918590636447,0.7265916778134368
nDi.2.2.2.t03352,3.638101100092122,0.2820517010221727,0.9010772130639665,0.5324755378002312,0.7288769266418015
nDi.2.2.2.t09937,9.748934698358829,-0.323012152314504,0.7163587401959848,0.5331022123818503,0.7294403809597564
nDi.2.2.2.t03990,28.42569706399694,0.30632059952493534,0.6111784231041071,0.5337140014798205,0.7299830213788513
nDi.2.2.2.t02535,4.427307654022506,-0.3125050007938928,0.8328620723548387,0.5341814917253147,0.7301947566228476
nDi.2.2.2.t05579,7.657060378501697,0.33927357953910514,0.7872724609745584,0.5342993472694304,0.7301947566228476
nDi.2.2.2.t10142,9.730485733431355,-0.31543483490209884,0.7425006292014811,0.5351115829763406,0.7310102655882994
nDi.2.2.2.t03140,3.490062977938658,0.3236325750279393,0.8874393010513769,0.5354337783885765,0.7311559485885877
nDi.2.2.2.t05253,3.5120691343269623,0.29904742144208885,0.8881681213223744,0.5363336361612557,0.7320900176494887
nDi.2.2.2.t07890,7.72404513572281,-0.3204214417797627,0.7486389732347953,0.5372171054179591,0.7329906033793809
nDi.2.2.2.t09448,3.8272124890600843,0.31405407192096046,0.8629195895655728,0.5374255986452006,0.7329906033793809
nDi.2.2.2.t04043,5.011157073159319,0.32164045064262203,0.8283360716587713,0.5376689662712699,0.7330277868135641
nDi.2.2.2.t09068,4.8302448340686706,0.3162623062855449,0.8366074036165954,0.538174670198901,0.7334224513116401
nDi.2.2.2.t03710,3.878982263539795,-0.3065504193945057,0.848706148947451,0.5388250560943644,0.7335162606847141
nDi.2.2.2.t05576,7.0550923849854525,0.32037634771934415,0.787347765426547,0.5388922528379444,0.7335162606847141
nDi.2.2.2.t07420,6.993079761722848,0.31710278408806297,0.801707427604502,0.5387743634655437,0.7335162606847141
nDi.2.2.2.t02497,11.442808518117744,0.33189280569127466,0.773156142364587,0.539168472064188,0.7335978568959991
nDi.2.2.2.t07711,3.4144413299527963,-0.289409236574099,0.8790237264724501,0.5403582959358759,0.7349219486024423
nDi.2.2.2.t00370,5.660938086188186,-0.31520746852237075,0.8116761634791206,0.5409128604820995,0.7350867078346481
nDi.2.2.2.t05862,18.483887378826925,0.31274339993246675,0.7034543645416015,0.5407588619473015,0.7350867078346481
nDi.2.2.2.t00474,12.459397738976856,-0.30951769059293127,0.695147192364246,0.5418910044064192,0.7351766475930249
nDi.2.2.2.t00767,4.02843994993728,0.3186613692134737,0.8663369282377892,0.5420627345607769,0.7351766475930249
nDi.2.2.2.t02248,5.934947728280177,-0.3100104255117843,0.8071385118369653,0.5419609213279903,0.7351766475930249
nDi.2.2.2.t05262,5.713212545771895,0.31474107816629565,0.8269995338099216,0.541202260712581,0.7351766475930249
nDi.2.2.2.t07551,4.096508862590015,-0.30250193076168086,0.84624623579271685,0.5420467719051927,0.7351766475930249
nDi.2.2.2.t02315,8.79341616993355,0.32141936735031656,0.7501927858587008,0.5424842731402875,0.7353731212296324
nDi.2.2.2.t05238,4.537368247359039,-0.3125838639137161,0.8491406751917383,0.542641191756418,0.7353731212296324
nDi.2.2.2.t02531,6.428991089877229,0.3119559588358099,0.8226995463367334,0.5429814639767165,0.7355403857064786
nDi.2.2.2.t01318,10.63472365962897,0.3176447891318063,0.7077325931192923,0.5445441523339193,0.7365377710178659
nDi.2.2.2.t04292,8.415258336003983,0.32375202671682907,0.7548931186903618,0.5445863000332569,0.7365377710178659
nDi.2.2.2.t06931,67.53816294779986,0.2948472367656489,0.5918305413302797,0.543980312234192,0.7365377710178659
nDi.2.2.2.t08925,3.7244955145388783,0.30769311711848535,0.8600237095578355,0.5442381853156295,0.7365377710178659
nDi.2.2.2.t07370,7.192143316112102,0.3117365550905424,0.8058088200543115,0.5449834747215517,0.7365380332965731
nDi.2.2.2.t07449,7.097313216861199,-0.31080669616048634,0.7671360888218147,0.5450207734594334,0.7365380332965731
nDi.2.2.2.t00451,26.045034986953066,0.2984066551859335,0.6114422839902602,0.5458367484850268,0.7373469736603787
nDi.2.2.2.t00984,16.591356310201686,0.308710127469965,0.6549368901391815,0.5470378160784098,0.7375009030755032
nDi.2.2.2.t02840,14.355096671146828,0.3194394137967883,0.7420969353443869,0.5469268035288974,0.7375009030755032
nDi.2.2.2.t04406,3.8356561858472515,0.31313848284661117,0.8680690513633919,0.5465445018052804,0.7375009030755032
nDi.2.2.2.t06282,8.363115057745022,0.3188147394806616,0.7860267937716714,0.5467262491690685,0.7375009030755032
nDi.2.2.2.t10268,6.39813269027651,0.31595707898191,0.7834972438503691,0.5466020430110056,0.7375009030755032
nDi.2.2.2.t04004,7.740975295279313,0.31569327340950754,0.7674534373825641,0.547520905919524,0.7378589244652464
nDi.2.2.2.t02029,10.501955173686907,0.3174323014686655,0.7136678791931543,0.5477617274874322,0.7378903016828317
nDi.2.2.2.t06787,5.5434167582213005,0.3086272679729597,0.8290611456588336,0.5484623875253888,0.7385408568821432
nDi.2.2.2.t09412,6.582450982763537,0.3065766062564175,0.8127919556461504,0.5488792522014335,0.7388088982012947
nDi.2.2.2.t07531,5.056738251469993,0.31385776396467613,0.854463434676694,0.5514904366072886,0.7420291792827937
nDi.2.2.2.t00139,5.546916615740599,-0.3066727771521162,0.7909114683458464,0.5527458464406445,0.7434234381945545
nDi.2.2.2.t04931,6.003461873586772,-0.3013224510253375,0.80041700975910135,0.5538407702237582,0.7440350878568098
nDi.2.2.2.t06163,6.144149863153382,0.3113125167487284,0.7930585752764522,0.5535900275857757,0.7440350878568098
nDi.2.2.2.t09056,7.2790087584480485,0.30294940988382657,0.8043276620782742,0.5538586665207679,0.7440350878568098
nDi.2.2.2.t04561,10.49381397881899,-0.3034275594173795,0.6976492180209583,0.5548018966223655,0.7447123202782207
nDi.2.2.2.t06289,13.518852487605326,-0.3018772002782529,0.6777233423015843,0.5547458418389644,0.7447123202782207
nDi.2.2.2.t01441,6.33987082685776,0.3184862103527195,0.8071762439257583,0.5551938631269147,0.7448420851294791
nDi.2.2.2.t03002,4.1241443107424525,0.3083357877889747,0.8603655770667907,0.5555573335429193,0.7448420851294791
nDi.2.2.2.t07213,3.9508019056367676,-0.29284642234529923,0.8447935537889438,0.5554753349912778,0.7448420851294791
nDi.2.2.2.t05992,4.914776185728449,0.31098369591377745,0.842929862890373,0.5559884656174081,0.7451255927989918
nDi.2.2.2.t09788,15.388544782229733,-0.2977931262404507,0.6743216030139955,0.5567649489189516,0.7458715271457677
nDi.2.2.2.t00336,11.338764532524207,-0.3058314397225002,0.7136722055570617,0.5570432282142183,0.7458852414894991
nDi.2.2.2.t04983,3.9205378599213754,0.26428097430466957,0.8958085305715691,0.5573629186743194,0.7458852414894991
nDi.2.2.2.t08079,5.776276699421296,0.30019253960565373,0.8205363112729736,0.5574348723985496,0.7458852414894991
nDi.2.2.2.t09733,6.8534319457543305,-0.2853745261457723,0.8104803364038655,0.5598223407028701,0.7487844557035234
nDi.2.2.2.t06098,8.331544988690016,0.3074359776297737,0.7549541012204979,0.5600617859505745,0.7488094512985214
nDi.2.2.2.t09405,13.104244614063877,-0.2939151979767584,0.6940760008639497,0.5624636669566876,0.7517244910626809
nDi.2.2.2.t02296,6.623975168702869,-0.3017138979590651,0.7991117999863566,0.5637316015312213,0.7531223286309187
nDi.2.2.2.t01906,5.219928585408491,0.3075621518657507,0.8273420908677516,0.5644367337308835,0.7537674806358886
nDi.2.2.2.t02467,26.53186609945749,0.2853570323845528,0.6236854016299506,0.5652330104196237,0.7545337943106507
nDi.2.2.2.t03294,3.857353253142671,-0.2823424717258659,0.8534602982625615,0.5665433783919938,0.7547977767107787
nDi.2.2.2.t03751,4.132674923485827,0.29132818751125045,0.8487925704711644,0.5661096242501629,0.7547977767107787
nDi.2.2.2.t05183,3.666060476578043,0.28889382000105257,0.8576430759613435,0.5664460925519852,0.7547977767107787
nDi.2.2.2.t05890,26.062073291561063,-0.29553934645818325,0.6919042894281258,0.5663973150258166,0.7547977767107787
nDi.2.2.2.t07402,4.32668542688961,0.29419687102499886,0.8374297643606737,0.5661775130444433,0.7547977767107787
nDi.2.2.2.t04928,7.781731096333669,0.2987811475665908,0.7631629434791408,0.5670543025373871,0.755181858738444
nDi.2.2.2.t03996,3.4010913441374804,-0.27361122738543187,0.8671111615728054,0.5683718116229668,0.7566393975765712
nDi.2.2.2.t02158,13.176229072235767,-0.2903968308081742,0.6917334636083785,0.5693002000396823,0.7570802494825654
nDi.2.2.2.t03475,8.639776098803177,-0.2823911056096421,0.7897513984011133,0.5689906658933295,0.7570802494825654
nDi.2.2.2.t04072,9.46117175381228,-0.2956015709402717,0.7223934214132258,0.5693725579097949,0.7570802494825654
nDi.2.2.2.t09672,5.237782820769391,0.29619389401482044,0.8166820842554863,0.5697221969960304,0.7572483119947239
nDi.2.2.2.t00867,6.27979423944508,0.2899424641331827,0.8196265192166812,0.5721446301493422,0.7601702254079785
nDi.2.2.2.t00624,6.330398693135097,0.28815326021014476,0.8100024762074289,0.5730443883431706,0.7607841513725039
nDi.2.2.2.t01148,7.5305811119470825,0.28504704379211493,0.7975777576660056,0.5730965997905371,0.7607841513725039
nDi.2.2.2.t02447,4.7210951295213635,-0.28541787722262013,0.8393350658806868,0.5732795668950825,0.7607841513725039
nDi.2.2.2.t02691,4.389104340100239,-0.2865126000167765,0.8219574073344843,0.5755107916706788,0.7634464627872282
nDi.2.2.2.t09707,4.339413459222858,0.28290418374208,0.8456353408008983,0.5761275633526346,0.763965869778005
nDi.2.2.2.t00508,4.529281402430002,-0.2786165883715783,0.8356871538109101,0.5775278644353475,0.7643085655471356
nDi.2.2.2.t00790,7.4185372270757926,-0.2866775282846677,0.7459157479190528,0.5771699145097586,0.7643085655471356
nDi.2.2.2.t01034,44.019485504119324,-0.2552563107958453,0.5468000858604912,0.5777071535760006,0.7643085655471356
nDi.2.2.2.t02106,10.069844450537447,-0.2820552084956551,0.736119077176866,0.5779632873314866,0.7643085655471356
nDi.2.2.2.t03135,8.453726638070771,-0.2897696330446903,0.7381708859149918,0.5767852755326303,0.7643085655471356
nDi.2.2.2.t05002,4.08087792470477,0.27910976997676945,0.8537231844965502,0.5772807305612997,0.7643085655471356
nDi.2.2.2.t07881,9.647899596006292,0.2905075485647923,0.750303260789382,0.5779325981176772,0.7643085655471356
nDi.2.2.2.t03034,6.23369783411517,0.29244528106566914,0.7943363998489175,0.5782951906588003,0.7644494492262862
nDi.2.2.2.t05734,4.007614698195832,0.27867785358967506,0.8613173841298755,0.5787435331450497,0.7647440843116512
nDi.2.2.2.t02419,3.992301624338813,0.28811717053491204,0.8574386183543345,0.5791073940517155,0.7648055350956456
nDi.2.2.2.t02781,5.4499988487063344,0.285049745946825,0.8404968319940802,0.579466457899708,0.7648055350956456
nDi.2.2.2.t06201,4.999340402791294,0.29003848395059423,0.8119043375653613,0.5792808451425204,0.7648055350956456
nDi.2.2.2.t01685,6.287379285145211,0.29775354486334327,0.8010205684233735,0.5802030353585972,0.7654798506170213
nDi.2.2.2.t08106,5.123746327151588,-0.283436022803095,0.7996524138147103,0.5806059714116858,0.7657136294822855
nDi.2.2.2.t08852,14.239874479887138,-0.27728824960039816,0.6573065082646197,0.5817149575624203,0.7668780163434628
nDi.2.2.2.t01554,10.711891163763148,-0.28021412448002664,0.6940499164549468,0.5829638818459348,0.7682259080114262
nDi.2.2.2.t04054,4.9130621187734755,0.27805780745378,0.8250176639081471,0.5846981017559529,0.7702120237499775
nDi.2.2.2.t08680,12.330325865780106,0.2809599006262321,0.7199246503721085,0.5849987381398258,0.7703088974263546
nDi.2.2.2.t03001,3.6260346302023567,-0.27643284165705256,0.8601185959308031,0.5855863040760305,0.7707833695870763
nDi.2.2.2.t02581,6.658003149046967,0.2740104671196849,0.819375204542633,0.5862094703131429,0.7707984488455688
nDi.2.2.2.t03202,8.716665726806132,-0.28036187710911237,0.7248092045980519,0.5862794805488112,0.7707984488455688
nDi.2.2.2.t05849,3.8440713893960408,0.2711732492431988,0.8567215327890785,0.585966632760351,0.7707984488455688
nDi.2.2.2.t00318,4.880337255477102,0.28802285062266836,0.835506420453601,0.5865439756366404,0.7708474100579172
nDi.2.2.2.t02133,7.728282194335829,-0.2755649752719364,0.7575334394244565,0.588321166552397,0.771749898315717
nDi.2.2.2.t03010,13.085618291886151,0.28156722734731393,0.6843887153006303,0.5878376951322014,0.771749898315717
nDi.2.2.2.t04083,5.114914166806982,0.2875969137249881,0.8316154202932683,0.5881975445390623,0.771749898315717
nDi.2.2.2.t08500,5.340186881858362,0.27304396892394006,0.8396195349068032,0.5883682892230083,0.771749898315717
nDi.2.2.2.t09492,5.432979565886443,-0.2482205305754649,0.8736668558634363,0.5880942079293239,0.771749898315717
nDi.2.2.2.t03226,3.760284900222274,-0.2722531151405219,0.8391505436871223,0.5888603078509156,0.7718974650270635
nDi.2.2.2.t04469,3.7991357231248553,-0.2719802380296602,0.8443045643412562,0.5891514095390362,0.7718974650270635
nDi.2.2.2.t04833,3.870761736999783,0.27569826699418415,0.8669851296839881,0.5891634837721307,0.7718974650270635
nDi.2.2.2.t00179,27.615666883831906,-0.25897755541821726,0.6019518578736361,0.5902427938883763,0.7722381844697174
nDi.2.2.2.t01706,24.570986302494887,0.2672926134800016,0.6235149960018064,0.5905618663073252,0.7722381844697174
nDi.2.2.2.t01876,6.525540462727206,-0.2861518257163394,0.7902471187905874,0.5902000317866587,0.7722381844697174
nDi.2.2.2.t06957,7.2678992675576515,0.2856564295799987,0.7653677633372866,0.589891365321828,0.7722381844697174
nDi.2.2.2.t11652,4.322034280787084,0.2605148672569882,0.8615830583901543,0.5904035358980153,0.7722381844697174
nDi.2.2.2.t09264,10.169391345976582,-0.27583858926913096,0.7173024164810078,0.5912768226227099,0.7728751377018235
nDi.2.2.2.t00903,4.318334297176044,-0.27430586794428824,0.8306626583872642,0.5915124078482481,0.7728852416876955
nDi.2.2.2.t03481,4.426199871671249,-0.2685878976738913,0.8219949663369581,0.592362304796566,0.7736977042240862
nDi.2.2.2.t00101,20.1955777457104,0.2731320051944153,0.6526411727197211,0.593133471130846,0.774000389174716
nDi.2.2.2.t01144,27.756486259182584,-0.2630989965740936,0.6320588457218704,0.5931154751010711,0.774000389174716
nDi.2.2.2.t07594,4.863048153695563,-0.2724836813935638,0.8104753148292491,0.5932786001928838,0.774000389174716
nDi.2.2.2.t04297,4.074259006558526,0.2723379732777604,0.8614282619580914,0.5943845583236961,0.7751451064336706
nDi.2.2.2.t02222,9.893514858002598,-0.2720722911127517,0.7053614104377904,0.5955893893676782,0.77611955771616
nDi.2.2.2.t07156,11.850093418966884,0.27833872939403154,0.6974082275854073,0.5955015217234346,0.77611955771616
nDi.2.2.2.t00534,12.50718393392002,0.2730853397120179,0.6785468782961823,0.5961674980362244,0.7765745596539451
nDi.2.2.2.t09516,4.642134366546712,-0.26719802354879074,0.8129257535069623,0.5967258798744437,0.7770035257328649
nDi.2.2.2.t00109,4.664866879930516,-0.26810912018067873,0.809985742331946,0.5978237583537986,0.7775290011563974
nDi.2.2.2.t04402,6.498630364232942,0.2791674077489572,0.787158070239465,0.5980022158910621,0.7775290011563974
nDi.2.2.2.t04595,10.358155510186078,-0.2746743025008767,0.7422705924217141,0.598300927399128,0.7775290011563974
nDi.2.2.2.t07413,8.132643659789146,-0.27166515183970247,0.7468456132642084,0.598504782434951,0.7775290011563974
nDi.2.2.2.t09058,60.99813938200987,0.24188449905832562,0.5336054964370748,0.5973721705760648,0.7775290011563974
nDi.2.2.2.t10369,6.476251040646059,-0.26306981098497445,0.7927051364225766,0.5981721712800574,0.7775290011563974
nDi.2.2.2.t07134,6.322885639326502,0.27715824773733494,0.7794671747501362,0.5997768866851331,0.7785852275683013
nDi.2.2.2.t08801,5.439168506974411,0.27448428216206877,0.8003052192453108,0.5996602340875292,0.7785852275683013
nDi.2.2.2.t08613,27.34379522537172,0.2562267573479841,0.6017161570845316,0.6000416603510166,0.7786309532940505
nDi.2.2.2.t08435,5.075645389279611,0.26707494091367573,0.8256656662051279,0.6006358432443297,0.7791039312752454
nDi.2.2.2.t01122,5.392308116082487,0.27314720775830803,0.8039466466596547,0.6020815459285653,0.7802458350558167
nDi.2.2.2.t02954,3.398204713213928,-0.25766100681406495,0.8545364006372671,0.6028963247881178,0.7802458350558167
nDi.2.2.2.t03377,5.929985799694166,0.2710321809974576,0.8013367548528219,0.6027662739595753,0.7802458350558167
nDi.2.2.2.t05395,12.053322521787255,0.2766552607246747,0.7192745245395602,0.6017801226485437,0.7802458350558167
nDi.2.2.2.t06846,5.09820117116969,-0.26389329123599425,0.7972610306564858,0.6025684997411225,0.7802458350558167
nDi.2.2.2.t08205,4.531555452549965,0.2695007493733317,0.8240582852399481,0.6023614742913654,0.7802458350558167
nDi.2.2.2.t00587,9.250444402324865,-0.2640575390976338,0.716636719810578,0.6046116327894016,0.7807636066388857
nDi.2.2.2.t01317,7.628601405358868,-0.26679763079691693,0.7789379961448746,0.6048735344871317,0.7807636066388857
nDi.2.2.2.t04086,4.88107105373842,0.2679371932400655,0.8264538834022429,0.6044238997478313,0.7807636066388857
nDi.2.2.2.t05453,7.134640985015029,-0.26815927306375925,0.7523335729556759,0.6038580638644753,0.7807636066388857
nDi.2.2.2.t05761,8.7656384861805,-0.2704651279149611,0.7438278073446248,0.6045817446786701,0.7807636066388857
nDi.2.2.2.t05882,5.612410238032415,-0.2667916404565363,0.7918773793080188,0.6049076527850801,0.7807636066388857
nDi.2.2.2.t09717,4.063270305505361,0.25956110442375036,0.8468224611916777,0.6046597852929823,0.7807636066388857
nDi.2.2.2.t06177,3.780927156552009,0.2681617470594785,0.8613035692977516,0.6051753646572495,0.7808120338217537
nDi.2.2.2.t02773,7.316243413381676,-0.26564210590413684,0.7488697036018991,0.6055951533703826,0.7810565628259839
nDi.2.2.2.t09691,4.660309562916776,-0.24107101777386608,0.857307302896696,0.6058949662792777,0.7811462279054769
nDi.2.2.2.t03672,4.71051848148489,-0.26780163887101194,0.8332559098549989,0.6061513133588189,0.7811798080976875
nDi.2.2.2.t06022,5.655658248695279,0.2614215291730932,0.8111037539288287,0.6069715983978465,0.7819398639443583
nDi.2.2.2.t08866,3.8631090151200915,-0.262246554203712,0.8469966667356633,0.6075592883139176,0.7823998124376645
nDi.2.2.2.t08263,4.074085498606503,0.10200217302509793,1.0083328846032082,0.6079451263990603,0.7825995706814469
nDi.2.2.2.t07023,17.946967253118906,-0.26320773151244825,0.685518988139307,0.6082215833453679,0.782658425913311
nDi.2.2.2.t04307,4.144206426101124,0.26121656558569856,0.8312763556789411,0.6095385181525477,0.7831646415050916
nDi.2.2.2.t05282,3.553734737677993,0.24276316343118984,0.8826450093253545,0.6090511904443703,0.7831646415050916
nDi.2.2.2.t05390,18.230496126764255,0.26525120943416225,0.6640121089807492,0.6091990735037981,0.7831646415050916
nDi.2.2.2.t06352,6.1247137620212575,-0.2564476863809672,0.7878726461008885,0.6094507003095047,0.7831646415050916
nDi.2.2.2.t00126,4.760196091759239,0.26306793459841876,0.8196485195643752,0.6104240243427427,0.7832124130065085
nDi.2.2.2.t00158,6.533859619697743,-0.25851584056507004,0.7706128768057527,0.6105536891234074,0.7832124130065085
nDi.2.2.2.t02654,5.523377802209788,0.2680110145326926,0.797056002086887,0.6103836389198132,0.7832124130065085
nDi.2.2.2.t04979,5.728033730183087,0.25557778140289317,0.8268722998635197,0.610961098117695,0.7832124130065085
nDi.2.2.2.t08377,10.531897538271556,0.27004585838452816,0.7216339762984567,0.610823832115579,0.7832124130065085
nDi.2.2.2.t09881,4.46254956478251,-0.24331906454934615,0.8483653575922161,0.6099991370337039,0.7832124130065085
nDi.2.2.2.t01696,6.0576526798355745,-0.2640530833702811,0.810937653638818,0.6112112113765221,0.7832370339966616
nDi.2.2.2.t05676,30.888283123511094,-0.2408404563825213,0.5858765061491622,0.6116889325485676,0.7835531945637241
nDi.2.2.2.t06027,5.814152684199634,0.2610507813766643,0.8007441801673258,0.6119743028781721,0.7836228144064779
nDi.2.2.2.t01444,19.204706760521717,0.2537036496824276,0.6395338085205454,0.612756708999264,0.7840327261129776
nDi.2.2.2.t06949,16.9894286815842,0.2659633871883679,0.6923018778557013,0.6126938862142939,0.7840327261129776
nDi.2.2.2.t01364,8.258698183581826,-0.2595235016387148,0.7240413402850712,0.6140176837284507,0.7853499182529806
nDi.2.2.2.t01210,6.051314222738858,0.2704481370930682,0.7976387665615587,0.6148660753243614,0.7858423992088296
nDi.2.2.2.t03771,43.868316466860286,-0.23311812064181128,0.5611372994391683,0.6148315230405708,0.7858423992088296
nDi.2.2.2.t00325,5.193221305236418,-0.24091750516222132,0.8344499624492308,0.6159289474154215,0.7859510866979714
nDi.2.2.2.t04939,12.915236737062392,0.2623027498430517,0.6872332205513492,0.6157508392837279,0.7859510866979714
nDi.2.2.2.t06204,8.07792959502805,0.2656789904864145,0.7494159393301917,0.6161096519840525,0.7859510866979714
nDi.2.2.2.t08090,9809.909819828696,-0.22256451865928692,0.5418635870084187,0.6151964841496894,0.7859510866979714
nDi.2.2.2.t08407,7.957010261600054,-0.26017565583253816,0.7350499447238531,0.6154824972824026,0.7859510866979714
nDi.2.2.2.t07622,8.488997109616578,-0.2598522072468709,0.7674254773042194,0.6164303566087972,0.7860645750440001
nDi.2.2.2.t02373,3.7388426278702376,-0.2494423855836313,0.8584025818330026,0.6168991587372713,0.7863667592772733
nDi.2.2.2.t04062,6.538587723477837,0.256334020741496,0.7876364986151514,0.6171958648017566,0.7864494265242519
nDi.2.2.2.t06495,4.802448196769091,-0.21330421777422462,0.8924182726640666,0.6179397486045264,0.7871016249592766
nDi.2.2.2.t03520,5.312976371783901,0.25987887476196314,0.7999687047536087,0.6186044882831878,0.7872832723672372
nDi.2.2.2.t03924,4.094459834142451,0.24305148930017553,0.8586000675673338,0.6190107568995936,0.7872832723672372
nDi.2.2.2.t05586,12.890678140539611,0.25624338072079833,0.6801165433371538,0.6188239338976855,0.7872832723672372
nDi.2.2.2.t08086,13.478557835291253,0.2550232379958618,0.689997062269252,0.6187053575627836,0.7872832723672372
nDi.2.2.2.t05367,4.782682650557008,0.25347740168089616,0.821987638416966,0.6197255873757537,0.7878969986426373
nDi.2.2.2.t08611,3.557120432049221,-0.2512109311882259,0.8506023765854496,0.6205711136528205,0.7886763647472339
nDi.2.2.2.t02107,5.162139448610785,0.2130588320566536,0.887555428197411,0.621043507250049,0.78871424624098
nDi.2.2.2.t07326,9.179806142292817,0.2586751724122149,0.7427571349129891,0.6210714888416623,0.78871424624098
nDi.2.2.2.t09394,6.4104726310760105,-0.2526834314695382,0.7839541468994528,0.6212984864256776,0.78871424624098
nDi.2.2.2.t06917,7.246018950805145,0.26165548323517046,0.7756543055955074,0.6218591482516742,0.7891306512793411
nDi.2.2.2.t02811,3.5184767384699054,-0.24223061552852262,0.8477751382760839,0.6222501058739123,0.7892558594952304
nDi.2.2.2.t06018,10.768840466322565,-0.25619022180365686,0.7294885417094505,0.6224231792894284,0.7892558594952304
nDi.2.2.2.t00644,3.629338805669574,0.2518302179178378,0.8579827731881505,0.6227194955595924,0.7893365205299467
nDi.2.2.2.t00280,10.204475805427863,0.2619322623430774,0.7548491433001062,0.6275390619448541,0.7900653807858183
nDi.2.2.2.t00306,5.689357060458382,0.25453875267657444,0.8057641572095041,0.625996052277443,0.7900653807858183
nDi.2.2.2.t00597,8.442925858919924,0.24898096145225573,0.767215514627274,0.6271906361454045,0.7900653807858183
nDi.2.2.2.t00921,7.84724861690489,-0.24558455494535647,0.7517165206453847,0.6274757070917223,0.7900653807858183
nDi.2.2.2.t02018,4.752001192187558,0.2504247676665406,0.8205543756798461,0.6243339934183232,0.7900653807858183
nDi.2.2.2.t02499,8.94425615780369,0.2423982833840354,0.794648568328698,0.6271234567031159,0.7900653807858183
nDi.2.2.2.t02634,37.42193597160224,-0.2250952070659012,0.5579552997136942,0.62794431371039,0.7900653807858183
nDi.2.2.2.t02860,9.72955535830976,-0.2477587105129242,0.7202237793435725,0.6269233498317002,0.7900653807858183
nDi.2.2.2.t03694,4.530610634823447,0.2515958424415787,0.8209558448463026,0.6243097042164356,0.7900653807858183
nDi.2.2.2.t03994,9.911440857306566,-0.25148016604535234,0.7155215724819156,0.6263219190791325,0.7900653807858183
nDi.2.2.2.t04488,9.069484191671116,0.26532772162761137,0.7555043623168421,0.6240320889935349,0.7900653807858183
nDi.2.2.2.t06156,7.361237417323207,-0.25192948010479127,0.7572933496307714,0.6274884128760574,0.7900653807858183
nDi.2.2.2.t07520,4.769434811905712,0.24662067424381254,0.82278527525113,0.6276260536468821,0.7900653807858183
nDi.2.2.2.t07538,6.59141746052437,-0.24545663977585366,0.7972552233321512,0.6250789159175325,0.7900653807858183
nDi.2.2.2.t07699,5.250699735415811,-0.2509400601042298,0.8054130542598543,0.6240945246832089,0.7900653807858183
nDi.2.2.2.t08385,23.02580550182162,0.2446554457396938,0.6321581906740307,0.6245915831876288,0.7900653807858183
nDi.2.2.2.t09074,5.165276635387128,0.233963243212433,0.8538534309356006,0.6273562635887278,0.7900653807858183
nDi.2.2.2.t09429,5.155899968912472,0.25218807792858217,0.813333209406052,0.6254073148728119,0.7900653807858183
nDi.2.2.2.t09744,4.29210413705303,-0.23496226916879695,0.8586664131830637,0.6255016455298968,0.7900653807858183
nDi.2.2.2.t09901,7.446095832214436,0.25669668247254596,0.7559539340942685,0.6279529087849547,0.7900653807858183
nDi.2.2.2.t03490,5.437151671538891,0.2435569012915741,0.8143864434664212,0.62834789351178,0.7901705410434569
nDi.2.2.2.t06728,5.846106332451629,0.2430400954016215,0.8141735071973917,0.6285023937898722,0.7901705410434569
nDi.2.2.2.t01037,6.663881255143171,0.25970577574754855,0.7882513447449879,0.6297562389667707,0.7902562332655649
nDi.2.2.2.t01376,4.253220449639736,-0.24289284008992232,0.8170197841874676,0.6293502353011451,0.7902562332655649
nDi.2.2.2.t01494,15.763649322635917,-0.2426935830116139,0.6489555643887922,0.6292487200967319,0.7902562332655649
nDi.2.2.2.t02048,7.20371053594312,-0.24957259474513344,0.7626887885059109,0.6296776472597316,0.7902562332655649
nDi.2.2.2.t02109,8.50568916424785,-0.247284819513444,0.7312415034475733,0.6307549700526545,0.7902562332655649
nDi.2.2.2.t03725,4.4324312669528725,0.23656582970761844,0.8435436509505935,0.630813358869202,0.7902562332655649
nDi.2.2.2.t04614,9.262878833735439,0.24988048128262466,0.7307962329494128,0.63048963626561,0.7902562332655649
nDi.2.2.2.t04726,15.714629596399686,0.24438647525822899,0.6490856592906068,0.6309003183028155,0.7902562332655649
nDi.2.2.2.t05550,13.033673393015482,-0.2421942693637702,0.6649733763126583,0.6300786691419367,0.7902562332655649
nDi.2.2.2.t09187,15.638584754599018,-0.24050211234447577,0.6440386680079266,0.6303127316284751,0.7902562332655649
nDi.2.2.2.t02474,14.732794507559493,-0.23877938941543939,0.652505483610052,0.6319065543577659,0.7912244490149656
nDi.2.2.2.t06205,4.91301066494289,0.22956546133635017,0.8507441832596946,0.6333995190213442,0.79250873054976
nDi.2.2.2.t08883,8.061567822033785,0.2502772244911096,0.7417581139738073,0.6331923882099381,0.79250873054976
nDi.2.2.2.t07084,4.071769426064365,0.23863461818527346,0.8498123059699757,0.6340224655067979,0.7929956500733991
nDi.2.2.2.t09706,9.985959211251314,-0.23349280292326186,0.7842073565446706,0.635404877629671,0.7944317526427734
nDi.2.2.2.t04012,6.056354996911788,-0.23590828661550964,0.7970646959741962,0.6357100583059325,0.7945204560699054
nDi.2.2.2.t04413,3.3942308933466334,-0.22566104757539565,0.8581852579633283,0.6367190420889444,0.7954883943888396
nDi.2.2.2.t09748,4.9599365359953165,-0.24108540867057618,0.7975895845032304,0.6375885014659826,0.7962813685466174
nDi.2.2.2.t08021,5.415603033117624,-0.239530650529776,0.7981445703913437,0.6378490258713236,0.7963135427881964
nDi.2.2.2.t01597,5.718834329576531,-0.2389198249588125,0.7885694323775562,0.6387579089631213,0.796340271871889
nDi.2.2.2.t01959,3.945966180221377,-0.2215601452707746,0.8518460761055534,0.6385445134767134,0.796340271871889
nDi.2.2.2.t06057,6.247860904539069,0.24751486585459131,0.7834599289554655,0.6388095164396845,0.796340271871889
nDi.2.2.2.t09778,42.564054792771344,-0.21904249752688162,0.5594161820665055,0.6383525355040671,0.796340271871889
nDi.2.2.2.t00389,7.879337370183865,0.24052219497109406,0.7723723896011012,0.6394032814120858,0.7967876306207917
nDi.2.2.2.t02399,4.096905147060489,0.23207677623426937,0.8426467915199445,0.6412639845373143,0.7988128665261
nDi.2.2.2.t02826,21.63962109347626,0.23873879712908844,0.6525405391172518,0.6424425670240674,0.7994002888281867
nDi.2.2.2.t06357,3.8798505989248735,0.23247358741064728,0.8432382094635144,0.6422804114557271,0.7994002888281867
nDi.2.2.2.t08347,4.87212568701932,-0.226415605092547,0.8206502259035858,0.6420516107955689,0.7994002888281867
nDi.2.2.2.t01320,5.719577001461793,-0.23548844446174366,0.8070613944798898,0.6430434384711936,0.799854544662372
nDi.2.2.2.t01491,4.9504115185405215,0.22194322055757584,0.8558017994726457,0.6436025215263842,0.7999632660379242
nDi.2.2.2.t06641,9.322788184600206,0.2484912603649552,0.7629551186672482,0.6435584471426625,0.7999632660379242
nDi.2.2.2.t00180,4.107555838523082,0.2389373104921548,0.8445332799760682,0.6449810178312894,0.8007963442473403
nDi.2.2.2.t04447,10.474416728898031,-0.2273957766454744,0.7774186754408897,0.6449220231761361,0.8007963442473403
nDi.2.2.2.t07545,4.030267538409819,-0.23108260696590888,0.8239786262855718,0.6449057477189073,0.8007963442473403
nDi.2.2.2.t04286,3.999413878371802,-0.23090023666846934,0.8335787185481615,0.6453987170518269,0.8010217520087073
nDi.2.2.2.t03299,4.376406372305247,-0.20952077958607684,0.8559378925814457,0.6472630825880681,0.8027482179666278
nDi.2.2.2.t05122,4.1701365676142625,0.2362058377873537,0.8452410848283464,0.6471901237443758,0.8027482179666278
nDi.2.2.2.t00951,3.421227772452113,0.23198786511010935,0.8594093154708561,0.6478073949976958,0.8030694376081192
nDi.2.2.2.t07185,5.872503804863153,0.2290712513569182,0.8086606260052649,0.6479955927869758,0.8030694376081192
nDi.2.2.2.t00561,24.383539551289477,0.22856032989181227,0.6299247532488483,0.6490178576530172,0.8039711460758509
nDi.2.2.2.t03502,3.752993026729781,0.22632275604125413,0.8522232205598437,0.6491972196644327,0.8039711460758509
nDi.2.2.2.t00788,5.675797061309873,0.23421317571504033,0.7947959931972268,0.6509624798317843,0.8055690374277316
nDi.2.2.2.t02512,3.62983444734311,0.24050166098871736,0.8589115085665918,0.6507643002120977,0.8055690374277316
nDi.2.2.2.t00442,3.926109319845492,0.2324950467132094,0.8440436974651856,0.6513452796433631,0.8057487923232267
nDi.2.2.2.t07498,17.897509965064437,-0.22084369233478962,0.6262662729516351,0.6525425771759937,0.8069356258771312
nDi.2.2.2.t03224,3.8871691533848267,0.19972010466708037,0.8854489926515955,0.6542671098786688,0.8084787018974297
nDi.2.2.2.t04278,14.124449866059313,-0.2235778517773649,0.6594263514256363,0.6542223348572689,0.8084787018974297
nDi.2.2.2.t01572,4.849395347379417,0.22643445118219885,0.8289850178199022,0.6552276902963736,0.8093708395794972
nDi.2.2.2.t01142,15.059903479383003,0.22692366546913215,0.6593211468847401,0.6558086619023294,0.8097199259743725
nDi.2.2.2.t03471,4.48209274198771,0.22852106153662696,0.820488569658977,0.6561779654798822,0.8097199259743725
nDi.2.2.2.t06836,9.295681309017262,-0.22981341703796523,0.7133363029631044,0.6563885981057583,0.8097199259743725
nDi.2.2.2.t07376,5.1710304687404385,-0.221227227906948,0.8164337853587162,0.6564651522492702,0.8097199259743725
nDi.2.2.2.t04209,4.0393237353997735,-0.22065783502445385,0.8338647441529494,0.6567367033986711,0.8097604136416912
nDi.2.2.2.t07014,7.910656567668322,-0.22290572034955441,0.771645528988223,0.6570243030404782,0.8098206525847754
nDi.2.2.2.t07719,5.2617744254835905,0.23426614486964353,0.8187178870789608,0.6582026307617345,0.8109783231179816
nDi.2.2.2.t06228,4.095696804224484,0.21468246921342882,0.8467040389418102,0.6587985094540423,0.8114177719927782
nDi.2.2.2.t04401,3.7767464983576806,0.21960293224281324,0.8471972927028968,0.6591456521290324,0.8115506540913532
nDi.2.2.2.t09261,4.360960365586751,0.2156622897372383,0.8397179518029525,0.6606113866675486,0.8130601682062137
nDi.2.2.2.t07051,4.941209980259015,0.23063758127599573,0.8257681312718547,0.6610536201749877,0.8133093506106486
nDi.2.2.2.t09504,4.151082131989555,-0.21544926627866112,0.8226245857606596,0.6620477385501048,0.8142371026693095
nDi.2.2.2.t00035,6.420008997473418,0.22722476461483462,0.7745406782899034,0.6639058146343357,0.8153084322764549
nDi.2.2.2.t00838,7.344703381510915,-0.22420874598114013,0.7569731988548404,0.6648417227820385,0.8153084322764549
nDi.2.2.2.t01000,9.698626608532921,-0.22099468974963762,0.7320839877322989,0.664365142125724,0.8153084322764549
nDi.2.2.2.t03815,4.320682791832317,-0.20336740892545907,0.8447576252053497,0.66408012705050945,0.8153084322764549
nDi.2.2.2.t05230,4.057268712358091,0.2175082905883529,0.8383278161153943,0.6644995700641607,0.8153084322764549
nDi.2.2.2.t07490,4.82685853381372,0.22420498033937297,0.8042702751868728,0.6648264110559556,0.8153084322764549
nDi.2.2.2.t08887,4.9164407430270725,0.23225391184086117,0.8239399236160908,0.6648303627514489,0.8153084322764549
nDi.2.2.2.t09651,8.983508313715769,-0.21615811092091777,0.7504548974543922,0.6644355680437953,0.8153084322764549
nDi.2.2.2.t02346,11.36840740118275,0.22754913865766163,0.7253812496055947,0.6658219046985443,0.81621535986175
nDi.2.2.2.t05572,5.780388184269824,0.21564324413550923,0.8136782828367007,0.6665161262207475,0.8167712066982571
nDi.2.2.2.t04242,8.205557314250086,-0.2276504170086417,0.7637704875726179,0.6673771964960282,0.8175310402724911
nDi.2.2.2.t01211,26.973320877006213,-0.20335544757627536,0.5888388452832456,0.669142989889016,0.8189187674341409
nDi.2.2.2.t03866,14.193921870923447,-0.21267401709888958,0.6524347534072658,0.6696379241771789,0.8189187674341409
nDi.2.2.2.t05490,11.988011729779696,0.21983782956192163,0.7323594796897621,0.669717175961765,0.8189187674341409
nDi.2.2.2.t06391,34.481048884047475,-0.21808253288693857,0.7009981117810408,0.6689244279086155,0.8189187674341409
nDi.2.2.2.t06612,5.367299685411592,-0.21658172904501452,0.7899300241335877,0.6693645152764376,0.8189187674341409
nDi.2.2.2.t01872,4.907236344724193,-0.21569241691778185,0.8028898550604595,0.671659088132236,0.8209112438784607
nDi.2.2.2.t04743,6.1311485012276385,0.21720045062746546,0.784042392305436,0.6718306642118536,0.8209112438784607
nDi.2.2.2.t01771,12.130074656780081,-0.211717458892737,0.6952122157345701,0.6725209313930047,0.8209308877754684
nDi.2.2.2.t02057,5.480140636246056,0.2179408962961981,0.7890042640877404,0.6723748216450971,0.8209308877754684
nDi.2.2.2.t04192,4.715233281454754,-0.19666055483430758,0.8472953643685405,0.673217669806039,0.8209308877754684
nDi.2.2.2.t04570,8.449938067189155,0.22887963532976768,0.757317472661584,0.6725867551965228,0.8209308877754684
nDi.2.2.2.t07814,3.9158231779455126,0.20671611890063138,0.845657522782828,0.6735408787379507,0.8209308877754684
nDi.2.2.2.t08046,3.3852354354776204,-0.20575403122107797,0.844830577093694,0.6728582691305656,0.8209308877754684
nDi.2.2.2.t08280,15.303391463014385,-0.21310736545505063,0.6652186318537607,0.6734840019383846,0.8209308877754684
nDi.2.2.2.t04144,6.411008696648806,0.21984049569548883,0.7737461952239687,0.6745664971925783,0.8210009180040279
nDi.2.2.2.t04842,6.100308680113091,-0.21562646384354928,0.7863933968007045,0.6743585198629964,0.8210009180040279
nDi.2.2.2.t05769,8.899351298613588,-0.21663467100657016,0.7194833379152396,0.6744840563273162,0.8210009180040279
nDi.2.2.2.t07949,4.280876066729437,0.20904611210538765,0.8545261043653758,0.6742233558074857,0.8210009180040279
nDi.2.2.2.t01518,7.668655855453257,0.2210193924591259,0.7478476681338941,0.6749560214299337,0.8211803531887859
nDi.2.2.2.t07179,5.118842242130668,0.20654375502784722,0.8144937863859386,0.6789872687366669,0.8257887470615898
nDi.2.2.2.t00752,3.7386268193090992,0.20526034615104982,0.8426943224253877,0.6793703943057334,0.8259585582383684
nDi.2.2.2.t00839,9.207595853213867,0.2132084516249045,0.7141313217275913,0.6817413975327257,0.8271486874316933
nDi.2.2.2.t00953,5.258815700833378,-0.21005243604909468,0.7914224694712767,0.6818124204183416,0.8271486874316933
nDi.2.2.2.t01451,8.121213418186883,-0.20591776965866707,0.749408031891952,0.6815880904301923,0.8271486874316933
nDi.2.2.2.t02536,5.104226318386516,0.21279337498421008,0.8062185590066401,0.6814038799305568,0.8271486874316933
nDi.2.2.2.t03138,4.118590207352343,-0.20595388116992475,0.8388338464013839,0.6812564045628136,0.8271486874316933
nDi.2.2.2.t04738,5.787500910149753,0.21455189411718487,0.7807618179300406,0.6812614513181915,0.8271486874316933
nDi.2.2.2.t04095,7.100429637483129,-0.20758064360009612,0.7734761568080217,0.6830731487071969,0.8283818807346486
nDi.2.2.2.t02590,4.306151591162703,-0.20088146126195508,0.8242264394882423,0.6840397466603996,0.8289613507224278
nDi.2.2.2.t04682,6.665654972181243,0.21183578583811763,0.7586518932333377,0.6838471628992302,0.8289613507224278
nDi.2.2.2.t00321,4.470403433769936,0.20877908279806162,0.8343947799106869,0.6845556579275898,0.8292902827465659
nDi.2.2.2.t07115,5.47572474429563,-0.20345843564349853,0.790748791409185,0.6855235653257994,0.8301663454427388
nDi.2.2.2.t03273,6.715762152593028,0.2080086075705355,0.78523087955674,0.6868940777166408,0.8310868810192463
nDi.2.2.2.t05187,5.51503376778285,-0.20509038485546388,0.7851138743400627,0.6870187542387873,0.8310868810192463
nDi.2.2.2.t07128,7.556399180447955,0.20637679404813908,0.7611580117133118,0.686771114971521,0.8310868810192463
nDi.2.2.2.t05128,4.487572076536767,-0.20222823928109104,0.8349264047593271,0.6876675985022034,0.8313895866418936
nDi.2.2.2.t07825,5.59209125221652,-0.2041138686727426,0.7855998718515229,0.6878767392753791,0.8313895866418936
nDi.2.2.2.t08064,4.80096787974175,0.2088134838112364,0.8246225525195835,0.688004295313619,0.8313895866418936
nDi.2.2.2.t00915,17.08633954819165,0.20553234212787283,0.6486806218653158,0.6887562672652263,0.8315514619200993
nDi.2.2.2.t06569,21.076938773938696,0.20272441427050553,0.6371655538117403,0.6889258853824276,0.8315514619200993
nDi.2.2.2.t06950,5.0884164288476645,0.20711790871736874,0.7967556482117886,0.6891188559721106,0.8315514619200993
nDi.2.2.2.t10144,7.2238103626421015,0.21327070882331023,0.7814638453189794,0.6884193162387036,0.8315514619200993
nDi.2.2.2.t09279,9.230347504594612,0.20690059619871576,0.7363164861291457,0.6896711876644099,0.831626259707671
nDi.2.2.2.t09640,24.484633591547066,0.1962867538220463,0.6082958073128427,0.6896199411840896,0.831626259707671
nDi.2.2.2.t05337,21.79931051935031,0.20787219646599872,0.6878510492871805,0.6922741890765718,0.8336054272777603
nDi.2.2.2.t06317,6.792188760131483,0.19834127969330176,0.7963450208107496,0.6920471697324582,0.8336054272777603
nDi.2.2.2.t08742,5.535467195673311,0.18833003904808607,0.8372591552842223,0.6922955450004278,0.8336054272777603
nDi.2.2.2.t09890,13.24294414556907,0.20609205298453995,0.7410418649843531,0.6922630822973841,0.8336054272777603
nDi.2.2.2.t08472,13.291611470762096,0.2046733289781151,0.671741241097114,0.6930907882163386,0.8342668394711925
nDi.2.2.2.t04357,18.6429657650303,0.20130437049645716,0.6457828626365025,0.69497791834557,0.8359450705773664
nDi.2.2.2.t04970,3.4569841240534016,-0.18459656982588252,0.8532525843008779,0.6947418890073875,0.8359450705773664
nDi.2.2.2.t05868,6.3275264712086905,0.20403297518909114,0.7653258970142787,0.6954297259791073,0.8361919994757647
nDi.2.2.2.t05873,3.59929956920118,0.19344914039036826,0.847688013992594,0.6961958818584069,0.8367311274138309
nDi.2.2.2.t08018,4.9856290146992395,0.18570174439014572,0.8406680943567773,0.6963714542126311,0.8367311274138309
nDi.2.2.2.t03540,4.466201178464986,-0.19542284501459378,0.8092306071126344,0.696722716510165,0.8368567473096601
nDi.2.2.2.t00340,7.7335049030972565,0.20063042821149885,0.7441649671609414,0.697804529955204,0.8376608769307269
nDi.2.2.2.t08034,4.351121456297173,-0.19154270921163252,0.8319544959718348,0.6978860961692908,0.8376608769307269
nDi.2.2.2.t00190,15.666352391067667,-0.19325258383434732,0.6476863510718466,0.6986967857000327,0.8380408405567576
nDi.2.2.2.t02490,3.810217287348362,-0.1916054689519509,0.826232836517491,0.6985527716557289,0.8380408405567576
nDi.2.2.2.t03199,4.848869826836811,0.19780757432578336,0.804850025089766,0.6994394659382732,0.8386350895944231
nDi.2.2.2.t02129,6.769356288601559,-0.19493320168844858,0.7610163277129972,0.7001314419169957,0.8387764094675927
nDi.2.2.2.t05073,22.365922923553516,0.19293300814259795,0.6370567539276873,0.7001861719881809,0.8387764094675927
nDi.2.2.2.t10216,6.547442091712114,0.19397786975412176,0.7969912090165403,0.7002991720554901,0.8387764094675927
nDi.2.2.2.t02372,14.522574630743575,-0.19362682256223154,0.6596302639901902,0.7010277704814383,0.839160633276747
nDi.2.2.2.t04053,4.043318011033755,-0.18116788863631145,0.8425416097369287,0.7016095389070915,0.839160633276747
nDi.2.2.2.t04679,4.536517656338625,-0.190417126700203,0.8149471661887626,0.701471233624648,0.839160633276747
nDi.2.2.2.t06897,3.670596167223222,0.17785643217512023,0.8731930498980071,0.7015953386256522,0.839160633276747
nDi.2.2.2.t01605,12.968008411807642,0.19551251900994118,0.6921000883171268,0.7021664070583358,0.8395306495389055
nDi.2.2.2.t01349,3.9040925450851596,-0.18934014876381983,0.826622865251732,0.7025933122949062,0.8395556740875643
nDi.2.2.2.t08623,6.8468495477579685,0.19230683381781424,0.7870254427051853,0.7026823581175103,0.8395556740875643
nDi.2.2.2.t02281,11.971986560339909,0.1952247536467626,0.7309384544125417,0.7031795420403537,0.8398538755636901
nDi.2.2.2.t09152,9.252387598424685,0.1996380504245998,0.733632150607763,0.7050503507876037,0.841791900693964
nDi.2.2.2.t02284,6.9836440591613425,-0.18966674322968705,0.8041180166666307,0.7056926129365904,0.8419660017871665
nDi.2.2.2.t04190,7.8837945143193435,0.1984641912468834,0.7428345337744036,0.7054992463739111,0.8419660017871665
nDi.2.2.2.t09786,5.159095602816596,0.19419407614232934,0.7957475120020833,0.7065528530938439,0.8426959485563708
nDi.2.2.2.t06294,17.971253986931153,0.1891985694488986,0.6483319296318782,0.7073558353884615,0.8433571155141164
nDi.2.2.2.t04092,5.272203847348437,-0.18594889924321906,0.7916910448762888,0.7080411518899724,0.8438775780782805
nDi.2.2.2.t00262,4.21107191367858,0.1794797723931992,0.8421890067189955,0.709903314894608,0.8441246280211653
nDi.2.2.2.t00669,3.8265300826335613,0.18217010006599835,0.843785612310923,0.7102063686799821,0.8441246280211653
nDi.2.2.2.t02202,10.226710252878705,0.19193775759195172,0.7057251646828561,0.7109093212201627,0.8441246280211653
nDi.2.2.2.t04166,13.180507441714957,-0.1845399897855149,0.6661535942711082,0.7109858674105156,0.8441246280211653
nDi.2.2.2.t04363,10.507522751787132,-0.189981893312948,0.7729981357589052,0.7089661629980163,0.8441246280211653
nDi.2.2.2.t04462,12.292510573172551,0.19203682182846465,0.6905231469425248,0.709869915476329,0.8441246280211653
nDi.2.2.2.t04835,8.971184325614441,0.19446322891850912,0.7315351407172876,0.7104489779293566,0.8441246280211653
nDi.2.2.2.t06180,6.828745550911516,0.19255539204038014,0.7581119295570932,0.7105636202422059,0.8441246280211653
nDi.2.2.2.t06325,6.553373194667063,0.19357708898750486,0.7728934877988736,0.7092467689396048,0.8441246280211653
nDi.2.2.2.t07553,3.444754692076238,0.18241107584591282,0.8483659269149795,0.7093437894849147,0.8441246280211653
nDi.2.2.2.t10247,4.743420558153482,0.18539967706139399,0.8211254656825843,0.708693941939671,0.8441246280211653
nDi.2.2.2.t00328,4.062428510855996,0.18872421909135367,0.8389194863857645,0.7123007049759049,0.8453897800133904
nDi.2.2.2.t03053,6.166364262421839,-0.18422984615441987,0.7712384903572662,0.7132423444274685,0.8461077784323104
nDi.2.2.2.t04851,4.559998240125054,0.18592794710030805,0.8157603924994767,0.713404553748941,0.8461077784323104
nDi.2.2.2.t03713,3.65048180014313,-0.1805813383424772,0.8290917031373991,0.7145196621679937,0.8468381181250295
nDi.2.2.2.t05945,3.53832113446061,-0.16422862907322283,0.8668141171148755,0.7142717114886405,0.8468381181250295
nDi.2.2.2.t08439,4.170644589811911,-0.18215195378152355,0.8137939097127248,0.7156242609173254,0.8478510279537436
nDi.2.2.2.t07558,5.950551062606257,0.1930484793267158,0.8002071794569274,0.7167820750100165,0.8489262564364441
nDi.2.2.2.t08688,5.674197620016521,-0.17646693652671794,0.8017449281606324,0.717038442246843,0.8489334715885833
nDi.2.2.2.t02640,7.906940067728241,0.17893939549468682,0.7990917795106899,0.7180937952120829,0.8495898686290149
nDi.2.2.2.t10139,6.585331025825006,0.1902102475190132,0.7632584783642545,0.7178874925496899,0.8495898686290149
nDi.2.2.2.t01242,3.8565972004295968,-0.17450495931048254,0.8270984824441726,0.7184712222124852,0.8497400229235529
nDi.2.2.2.t00746,3.979100864164943,0.17314826211649786,0.8495925094441807,0.7195403420511477,0.8507078564787358
nDi.2.2.2.t02507,4.875763719358977,0.18758126885196602,0.8128359251879596,0.7203058771197464,0.8513162143519789
nDi.2.2.2.t02741,16.184413646553164,-0.18164131691482324,0.714403416239584,0.7208653151425952,0.8514014796156969
nDi.2.2.2.t06203,3.4140375381852825,0.17872578806011025,0.8542299305155394,0.7213820319621206,0.8514014796156969
nDi.2.2.2.t06544,166.3724117380846,-0.16187475302294413,0.5432226786061354,0.7213177801656283,0.8514014796156969
nDi.2.2.2.t08666,12.061395076919448,-0.17962643643890236,0.7416904796525344,0.7209909691539294,0.8514014796156969
nDi.2.2.2.t00622,5.6276161328471614,-0.1695389287210486,0.8264953266305988,0.7229104992881581,0.8527932321122211
nDi.2.2.2.t02216,3.5196878625837735,0.1789621795895149,0.8570344583229755,0.7232044482143147,0.8527932321122211
nDi.2.2.2.t04414,6.7693533974196365,0.1822305124514185,0.7627162393107516,0.7239304115931504,0.8527932321122211
nDi.2.2.2.t05024,9.871806967489213,0.18341659923753661,0.70216863410886,0.7240697253783009,0.8527932321122211
nDi.2.2.2.t06402,20.75953942736644,0.18176058917619023,0.6496749094018849,0.7238800964990368,0.8527932321122211
nDi.2.2.2.t09410,8.745985771975663,0.18250789182920077,0.7269245151394618,0.723889460913808,0.8527932321122211
nDi.2.2.2.t04962,5.131707417317568,-0.17311471668750758,0.8007471973172063,0.7246754204981303,0.8532103527697528
nDi.2.2.2.t07996,3.9180447791600543,0.16611506088582204,0.8541318207856964,0.7254409135835356,0.8535191047087591
nDi.2.2.2.t08736,15.629990041802571,0.17862316907986697,0.6945259012313072,0.7253682950660114,0.8535191047087591
nDi.2.2.2.t03254,3.768339096370144,0.1705979008714085,0.8437241023298658,0.7257963416992987,0.8536411896823929
nDi.2.2.2.t06938,4.540560004456574,-0.17475821174874187,0.8047843397716317,0.7265331876389045,0.8542116369050828
nDi.2.2.2.t05106,16.213025127305336,0.17990908003934455,0.6600611651784426,0.728421599401724,0.8561351577167872
nDi.2.2.2.t06104,4.319305573808451,-0.16583314373441485,0.8409003142301527,0.7295203457467945,0.8571295506661334
nDi.2.2.2.t06120,9.872320498211485,0.17853240981187554,0.7315123784302549,0.7301779368740611,0.8571737768950172
nDi.2.2.2.t08428,3.4110457338436793,0.17420675567299598,0.8522679060367879,0.7303161011870871,0.8571737768950172
nDi.2.2.2.t09186,16.982452690132288,-0.17211258682164096,0.6524073312476644,0.7302276438736368,0.8571737768950172
nDi.2.2.2.t04100,5.198309925356245,0.1602634080500167,0.8488027882135871,0.7316660807936957,0.8581643658548465
nDi.2.2.2.t08121,8.542325955393308,0.1766131869621739,0.7403552896587274,0.7316328872877342,0.8581643658548465
nDi.2.2.2.t01419,6.366033335097587,0.17863346415710868,0.7738855553542137,0.7319779397074406,0.8582333810880188
nDi.2.2.2.t04884,5.76712413035843,-0.17073307188609377,0.7712397823064339,0.7333983881226476,0.8593047780697826
nDi.2.2.2.t05469,8.06745518371676,-0.06613657673856627,1.00367453150561,0.7333759794669598,0.8593047780697826
nDi.2.2.2.t04886,3.7054432078354824,0.16876004278162324,0.8388999735155298,0.7341176019984409,0.8598504509594997
nDi.2.2.2.t01630,5.600436174949043,-0.1727510823179158,0.7801255429870939,0.7346320142567295,0.8598591416006993
nDi.2.2.2.t07073,3.7524694981938023,0.16481329806568593,0.8419570317296311,0.7344646807283657,0.8598591416006993
nDi.2.2.2.t03838,10.24865949306458,0.17786764092228954,0.7279362569443939,0.7352736045910461,0.8603132344852805
nDi.2.2.2.t03284,4.818351162784791,-0.1704239087281903,0.7925945275710367,0.7368144933110519,0.86181888321072
nDi.2.2.2.t06512,3.8675920787813984,0.16400086363967437,0.840669826600988,0.7371896600326755,0.8619604711585093
nDi.2.2.2.t10291,4.938908968673899,0.16897513193827265,0.8070432297076932,0.7383246818013206,0.8629901173914815
nDi.2.2.2.t05182,10.913017347101256,-0.16998025198543576,0.6993467736825525,0.7389125647273198,0.8633797518274435
nDi.2.2.2.t02653,8.625920819068174,0.17037277780414695,0.7443946145170602,0.7394306030700618,0.863390225684561
nDi.2.2.2.t06392,9.274063758453307,-0.16581031280238778,0.75437644174048,0.73923955442209,0.863390225684561
nDi.2.2.2.t09854,8.94995148435863,-0.16531165600836514,0.7892320113634572,0.7404721540910113,0.8643088598336925
nDi.2.2.2.t00601,11.83108392579566,0.1683975726703752,0.7487952724375827,0.7412455741384814,0.8649139963803677
nDi.2.2.2.t03512,16.04619166168156,-0.16175944708757692,0.6699595769108666,0.7420109655976894,0.8652118237563983
nDi.2.2.2.t08339,6.74448636583344,-0.16736930601726846,0.7678942863747928,0.7417715245208885,0.8652118237563983
nDi.2.2.2.t05349,11.344495320034959,0.16999580744988796,0.6845911405934445,0.74300435793729,0.865351152243911
nDi.2.2.2.t07433,4.188676578540508,0.1589966369183317,0.8409916715299754,0.7429205435826489,0.865351152243911
nDi.2.2.2.t07695,4.575493571946749,0.17046368125178615,0.8215076020879175,0.7431509158273918,0.865351152243911
nDi.2.2.2.t08319,5.0925126257107065,-0.159549180679873,0.8049083175937249,0.7424440829279436,0.865351152243911
nDi.2.2.2.t02292,8.115679375674649,-0.1669582429009471,0.7468534001294562,0.7452148451470582,0.8668617128733954
nDi.2.2.2.t05257,9.446537637186294,0.16633176277683004,0.7389217542434783,0.7447574894733661,0.8668617128733954
nDi.2.2.2.t05304,7.494578183171294,-0.16220282727727603,0.748434254263247,0.7452025250946577,0.8668617128733954
nDi.2.2.2.t08305,7.660080361121654,-0.1601230862174435,0.746181869636709,0.7483283290287672,0.8701850161349257
nDi.2.2.2.t00792,10.86037321323589,0.16636010583442262,0.7137933878093362,0.7496215192847776,0.8707932169225909
nDi.2.2.2.t02069,3.9473503408754747,0.1501903416727361,0.865513373498021,0.7494773032427919,0.8707932169225909
nDi.2.2.2.t03954,9.1332453877002,-0.16403942678027625,0.7207836734018693,0.7491747322682597,0.8707932169225909
nDi.2.2.2.t05362,14.600643339695779,-0.15943324796295275,0.6718114712774782,0.7503350750208702,0.8713237160119109
nDi.2.2.2.t00005,6.582915516407483,-0.1614748002643041,0.7474700603552176,0.7508935774776924,0.8716738585914896
nDi.2.2.2.t07105,22.894179586136428,-0.15418557826549795,0.6155588184986535,0.7518949265501895,0.8725376636531793
nDi.2.2.2.t02378,4.116072254547038,0.1408946281093439,0.8734555813111787,0.7532038529678382,0.8736585346747108
nDi.2.2.2.t03965,3.929274203113863,-0.15230602116127878,0.8425287794385985,0.7533759475010403,0.8736585346747108
nDi.2.2.2.t03889,4.285429293856777,0.15611301851843065,0.8261971374552571,0.7543811801087342,0.8740019211178631
nDi.2.2.2.t05099,4.821402935052766,0.15945868212721098,0.8061459218339768,0.7543256918213297,0.8740019211178631
nDi.2.2.2.t06758,9.669862879674465,0.1620443033786619,0.715265408041169,0.7544450545498536,0.8740019211178631
nDi.2.2.2.t01991,5.928921266295604,-0.15819419096196782,0.771175824161274,0.7554885690448738,0.8749119925572592
nDi.2.2.2.t04997,5.92484919410726,0.16198426545194472,0.7758614567685667,0.7563132100407809,0.8755680574943102
nDi.2.2.2.t00620,3.6923766409944845,-0.14852117516435248,0.8307920544179089,0.7568872483271745,0.8756938078155063
nDi.2.2.2.t05457,17.17362499193718,-0.15380143940847396,0.6463038294157618,0.7569381617084506,0.8756938078155063
nDi.2.2.2.t01366,6.732143480706707,0.16393633214215497,0.7814188949114225,0.7574771145169354,0.8757199633406425
nDi.2.2.2.t07685,6.594797786840716,0.1621920791174658,0.7583091760056662,0.7574065630450412,0.8757199633406425
nDi.2.2.2.t07728,5.180242877066316,0.1621567434396397,0.8009169538321426,0.7577490913672653,0.8757359175188292
nDi.2.2.2.t00250,6.960896625839162,0.16059927659077225,0.7645063768776346,0.7580713461590386,0.8758099476060827
nDi.2.2.2.t08337,8.11418042550307,0.1550667409378956,0.7793723685813907,0.7588199037176846,0.8763762728670024
nDi.2.2.2.t05455,5.22014280863202,0.1528138960891789,0.8069897579941289,0.7593942433916518,0.8764427606616138
nDi.2.2.2.t07936,17.782467640502468,-0.14914383681379695,0.6610321605947123,0.7592781190256433,0.8764427606616138
nDi.2.2.2.t08017,6.291541920977273,-0.14477534502832823,0.8123514480269666,0.7597041627804357,0.8765022177385163
nDi.2.2.2.t09548,8.570139281311297,0.15846395569950003,0.7310439268655213,0.7600409513781033,0.8765926239627768
nDi.2.2.2.t01954,10.742727930563367,-0.15223326438468507,0.6857100546731968,0.7614923575142104,0.8774370682776761
nDi.2.2.2.t06959,11.003197670608134,-0.15511282987822994,0.731490706383302,0.7615491535994925,0.8774370682776761
nDi.2.2.2.t08211,5.584264418545837,-0.14603854689615467,0.8027892011499101,0.7613964500498679,0.8774370682776761
nDi.2.2.2.t01623,9.119639403503918,0.15677084151382076,0.7133979368677995,0.7625734975343195,0.8783189486031958
nDi.2.2.2.t07012,51.19046441564136,-0.14243765574753028,0.6064235378916696,0.7660585485959895,0.8820334680372018
nDi.2.2.2.t04102,8.116097101611414,0.15363322616944738,0.7323971093157108,0.7668645255834052,0.8826618496026163
nDi.2.2.2.t01106,6.125660543142043,0.14859635846424324,0.7851248767093584,0.7681180696846373,0.8831895281368725
nDi.2.2.2.t01362,4.22085565620776,-0.14224877295820904,0.8166328967547257,0.7684823397003668,0.8831895281368725
nDi.2.2.2.t03000,11.119523170625556,-0.14843316041501675,0.6850210811109787,0.7689971611280937,0.8831895281368725
nDi.2.2.2.t03480,247.7444361078464,-0.12280224014274994,0.4771261448554698,0.7687343201280129,0.8831895281368725
nDi.2.2.2.t03548,10.900792180660547,-0.14775899552469968,0.6836971190412674,0.7682365511742785,0.8831895281368725
nDi.2.2.2.t05357,4.475492637209954,0.14597894258982808,0.8262640098100839,0.7691455973220287,0.8831895281368725
nDi.2.2.2.t09709,3.4726948401313242,0.14921434428610053,0.843033013059155,0.7683030812856635,0.8831895281368725
nDi.2.2.2.t01340,14.702464592210035,-0.14681737732704658,0.6569492867525087,0.769986956621548,0.8838564321016213
nDi.2.2.2.t02712,3.766848916111095,-0.14448470521704504,0.8176697461242617,0.7706754735363013,0.8840484295688651
nDi.2.2.2.t06575,11.818254447744788,0.15442685391207778,0.7458043612800942,0.7706274053798712,0.8840484295688651
nDi.2.2.2.t04782,9.555493326331744,0.15156932502380258,0.7148100737132598,0.7714440376944092,0.8843319283066698
nDi.2.2.2.t08007,4.504801027276042,0.14434302825802872,0.8222209854061636,0.77136916269091,0.8843319283066698
nDi.2.2.2.t00214,5.050760144195108,-0.14567374946604975,0.781239526208202,0.7724884833527516,0.8851819150781022
nDi.2.2.2.t05557,5.133375232884334,0.14939048360803603,0.7876651578259873,0.7727074441468929,0.8851819150781022
nDi.2.2.2.t04323,12.153192837163488,-0.14340854849557494,0.6667429041476318,0.7736269760042326,0.8859360913593373
nDi.2.2.2.t01333,6.4680292720587715,-0.1491520273015563,0.7718734417866424,0.7745732955393363,0.8860535465026098
nDi.2.2.2.t03411,12.833164155476748,-0.1420497163211122,0.66732947499509,0.7745676472310299,0.8860535465026098
nDi.2.2.2.t04361,6.385993307495085,0.14615945482390885,0.7762216833626341,0.7754650694822621,0.8860535465026098
nDi.2.2.2.t04481,28.167771281598355,0.14520145081014707,0.628254786666105,0.7748178411846781,0.8860535465026098
nDi.2.2.2.t04797,15.11782054536152,-0.14125676589165398,0.6443270297168902,0.7755580718060874,0.8860535465026098
nDi.2.2.2.t05477,4.96581324979734,-0.13859049412344376,0.8025786143826933,0.7752096354895117,0.8860535465026098
nDi.2.2.2.t05967,8.359394622152779,0.14512235798408546,0.7565426837538504,0.7748380460517059,0.8860535465026098
nDi.2.2.2.t00203,29.062733750352496,0.1387781917487187,0.6006076715144514,0.7769636574797831,0.8861348574422547
nDi.2.2.2.t01647,4.894957620065449,0.14924857044408885,0.8035922216147098,0.7767348710224605,0.8861348574422547
nDi.2.2.2.t02254,7.034157031138222,-0.14356141650282614,0.7432793738580391,0.7768611092219352,0.8861348574422547
nDi.2.2.2.t02263,6.224129515317376,-0.14274454701776707,0.770611014824582,0.7774961765072856,0.8861348574422547
nDi.2.2.2.t02588,6.176007085536061,-0.1442827184885889,0.7623611844866099,0.7775937187330713,0.8861348574422547
nDi.2.2.2.t03578,15.135597110516033,-0.14063975217418134,0.649111513271536,0.7761791422130027,0.8861348574422547
nDi.2.2.2.t03993,4.695067240589414,-0.13979067611345963,0.8082372127177909,0.7760313544424475,0.8861348574422547
nDi.2.2.2.t04057,5.065406754793989,-0.1366291256563545,0.8028189808261655,0.7778453611059525,0.8861348574422547
nDi.2.2.2.t04853,11.549688769060733,0.14658941498968633,0.7014979556940409,0.7779804261388664,0.8861348574422547
nDi.2.2.2.t00879,14.995726969724108,0.1435844478123224,0.6516818589437241,0.7783475144688613,0.8862261884728038
nDi.2.2.2.t08961,78.62311106624692,-0.12217375873454765,0.5098523022942494,0.7785831490710363,0.8862261884728038
nDi.2.2.2.t07301,13.430600713326452,-0.13730058691048788,0.7089856619377374,0.7808186045339413,0.888269090752478
nDi.2.2.2.t08058,4.227967733249774,0.13829900423736924,0.8253531550128689,0.7809016593820428,0.888269090752478
nDi.2.2.2.t00513,7.718757642773455,0.14033036763226092,0.7675984505043284,0.7819970679864886,0.8888251423606719
nDi.2.2.2.t03937,3.412464479997482,-0.132756930962702,0.8410256829847689,0.7821766067059568,0.8888251423606719
nDi.2.2.2.t04973,9.392947058558837,0.14366809425801094,0.7122654042974622,0.7821093545882809,0.8888251423606719
nDi.2.2.2.t01877,6.928930425693378,-0.14097322735521375,0.7474059397936144,0.7831152946297839,0.8894753859873832
nDi.2.2.2.t02923,4.446307308288321,0.13683268837371573,0.8181178588961385,0.7835355110053954,0.8894753859873832
nDi.2.2.2.t05275,8.16147689958159,-0.13678450713324092,0.7557373922181119,0.7834751403509359,0.8894753859873832
nDi.2.2.2.t04967,3.841364002865011,0.13131532151941114,0.8405229440419524,0.7847021773023584,0.8905017682869185
nDi.2.2.2.t09302,3.7797325297226276,-0.13431190095023096,0.8346123208094662,0.7852368581764951,0.8908105093426996
nDi.2.2.2.t03472,7.709442784341886,0.14071531987533434,0.7362012813779941,0.7859860451787837,0.8913623086748359
nDi.2.2.2.t01854,7.704913711912701,-0.13646648294407887,0.7271426950271991,0.7872307423687726,0.8919882040285109
nDi.2.2.2.t02304,4.550983252304302,0.13329902560168547,0.8165839403651844,0.7880995818799383,0.8919882040285109
nDi.2.2.2.t03621,5.252765555542453,0.1397310017566334,0.7883266704018974,0.7873392510333588,0.8919882040285109
nDi.2.2.2.t04675,3.4251971277093194,0.13086969858044248,0.842677237439292,0.7882925865132183,0.8919882040285109
nDi.2.2.2.t06570,7.468423062802903,-0.1294782425161719,0.7776892715003201,0.7883787251407651,0.8919882040285109
nDi.2.2.2.t06794,4.621263827813195,-0.13706344291842082,0.8060371609171169,0.7880020029438128,0.8919882040285109
nDi.2.2.2.t07139,3.626329197414489,0.14236014175844314,0.8380782949707453,0.7880972460775505,0.8919882040285109
nDi.2.2.2.t01517,5.640858697184438,0.14094820548040735,0.7991481880885133,0.7906200329593561,0.8928263716092965
nDi.2.2.2.t01644,4.259800038717049,-0.12607382947019885,0.8270935454600967,0.7925413339963419,0.8928263716092965
nDi.2.2.2.t02022,7.574752848434499,0.13760926051796943,0.751657047992409,0.7904214272114629,0.8928263716092965
nDi.2.2.2.t02062,3.7840753445535222,0.13238929624703116,0.8218644111074468,0.7922303508419475,0.8928263716092965
nDi.2.2.2.t04986,11.538765475137446,-0.1326673248744156,0.6750492515507525,0.7909676557533875,0.8928263716092965
nDi.2.2.2.t05388,9.452833266306836,0.13572504132291585,0.7205187723779128,0.7919130673231625,0.8928263716092965
nDi.2.2.2.t05466,42.28197953819413,-0.12419716201062163,0.572333490142032,0.7908640853375384,0.8928263716092965
nDi.2.2.2.t05711,5.392680572550661,0.1383589494783581,0.78204062861312,0.7905666857251414,0.8928263716092965
nDi.2.2.2.t06174,4.7699587586614625,0.13838899747372913,0.8057937920838614,0.7923999142859676,0.8928263716092965
nDi.2.2.2.t07101,6.034570935416943,-0.13417800022799373,0.7721150622591445,0.7924751130767906,0.8928263716092965
nDi.2.2.2.t07850,5.951595460799214,-0.13121410222695842,0.7672705681813382,0.7924718720558639,0.8928263716092965
nDi.2.2.2.t09550,8.104692481859075,0.1383383984869352,0.7244571695704487,0.7899589244972949,0.8928263716092965
nDi.2.2.2.t09710,9.582812692377427,0.141494723115771,0.7285786369419844,0.789740122010812,0.8928263716092965
nDi.2.2.2.t03353,5.262628505028215,-0.1339950769360776,0.7948024585090205,0.7930257319272231,0.8930754590627958
nDi.2.2.2.t06528,3.3657006233638946,-0.1238102762993266,0.8404903481394624,0.7936901227142732,0.893527015017197
nDi.2.2.2.t01648,8.358331594187298,0.13293405781262654,0.7452714506377548,0.7943230453572824,0.8939428566197418
nDi.2.2.2.t04773,3.441374788618054,-0.1250003681752403,0.8378893592271321,0.7956636368451445,0.8951545791637578
nDi.2.2.2.t07709,9.627090664801148,0.13533854792858396,0.715159197051453,0.7965829063836037,0.8958916506807638
nDi.2.2.2.t01670,9.518572249255199,0.1339742961898857,0.7065436148657694,0.7978413120309489,0.8970095228402316
nDi.2.2.2.t00222,9.675016831949687,-0.12590078935856155,0.7050957432010464,0.8007813620918834,0.8991887838820086
nDi.2.2.2.t00517,5.485405659440808,0.12235643041544263,0.8196837360386768,0.8005712942580663,0.8991887838820086
nDi.2.2.2.t01502,7.727433903157437,-0.12793533113956543,0.727949242715992,0.800840010644914,0.8991887838820086
nDi.2.2.2.t02972,9.494290853683239,-0.1207237883621792,0.7857267299520944,0.8007546210340492,0.8991887838820086
nDi.2.2.2.t03103,5.942688058851907,0.13148346326181568,0.7755361702097194,0.8013465845098541,0.8994598327787642
nDi.2.2.2.t00156,10.45829750400189,0.13092756687177862,0.6940268788765754,0.80183662484933,0.8995471523612849
nDi.2.2.2.t02425,5.605592096885789,-0.12471380324771725,0.7807953604974213,0.8021695670196034,0.8995471523612849
nDi.2.2.2.t06464,7.395627052300503,-0.12791602940643504,0.7415611326483387,0.8022199693080445,0.8995471523612849
nDi.2.2.2.t02368,8.086672589953865,-0.12732651425064925,0.7302882832232794,0.8036817548953867,0.9008884707882193
nDi.2.2.2.t09250,3.734598350611849,-0.11762288968569412,0.8307101185127942,0.8041062342917257,0.9010665169202291
nDi.2.2.2.t00941,41.09625013982117,-0.11613381435466595,0.5894481550943529,0.8046330765216401,0.9010878985068629
nDi.2.2.2.t07121,9.664509215038455,-0.12668663211719153,0.7285836171229857,0.804656616915474,0.9010878985068629
nDi.2.2.2.t01048,5.8539801765265285,-0.1226348866778968,0.763868380594257,0.8066466871987069,0.9015143111177523
nDi.2.2.2.t01117,8.65180460385001,-0.12302845465781638,0.7216497383028947,0.8068637877873766,0.9015143111177523
nDi.2.2.2.t01527,15.118274257851713,0.12567267609556404,0.6697927554784774,0.8061158357917739,0.9015143111177523
nDi.2.2.2.t04266,10.247008829532364,-0.12364183369149914,0.7020670298490709,0.8074293859598264,0.9015143111177523
nDi.2.2.2.t04832,6.4802850709135456,-0.10896698609914215,0.8320510764788245,0.8071645535234926,0.9015143111177523
nDi.2.2.2.t04876,6.362775942019556,0.12336171383662187,0.7839816729377015,0.8071336899884752,0.9015143111177523
nDi.2.2.2.t06307,35.17412223294174,0.11633527409905366,0.5601867514415052,0.8072106574140827,0.9015143111177523
nDi.2.2.2.t07209,3.91396722891518,0.12537217221710242,0.8288661311012199,0.807135926488144,0.9015143111177523
nDi.2.2.2.t09541,4.60307779177276,-0.12031242734441519,0.7993519877747688,0.8068875904310577,0.9015143111177523
nDi.2.2.2.t08723,15.642441235291884,0.12465219784891496,0.6496727884903982,0.8083593546872504,0.9022556535370692
nDi.2.2.2.t04196,5.485497739839154,0.12564674461216038,0.7809699239615954,0.8095036089245353,0.9026512059782695
nDi.2.2.2.t08756,22.81399048786124,0.12017606470429482,0.6057880128506645,0.809431771765777,0.9026512059782695
nDi.2.2.2.t09083,3.9621863688840016,0.1208390482820763,0.8189504487108616,0.8095120780029174,0.9026512059782695
nDi.2.2.2.t07808,3.9378016585438136,0.12261590812928548,0.8335576096638169,0.8098512839622871,0.9027326832731114
nDi.2.2.2.t02330,6.550325492647453,-0.11901669078384182,0.75782742486573,0.8106431907778434,0.903318562128267
nDi.2.2.2.t05001,17.19737097727063,0.12255310710284292,0.6639000417565735,0.8112987377642564,0.903752157141661
nDi.2.2.2.t00965,7.9081192928011905,-0.11999485729540388,0.7260024280824077,0.8123914897905026,0.9046723353149655
nDi.2.2.2.t01588,4.1512901880211475,-0.1125252188318168,0.820908573148225,0.8135670164403794,0.9056840563720928
nDi.2.2.2.t06078,8.545828220786657,-0.1201734922983116,0.724469356203966,0.8139870087299528,0.9058543089278216
nDi.2.2.2.t05645,15.181283502511832,-0.11705055384097197,0.654142709774449,0.8144871729174198,0.9061136407136398
nDi.2.2.2.t01783,4.861576450289144,0.11726795270748772,0.8046560552974567,0.8152968784058323,0.906419866126707
nDi.2.2.2.t05105,16.69982974757267,0.11786872427711195,0.6349935277319659,0.8152570300498697,0.906419866126707
nDi.2.2.2.t09443,6.96829611687526,-0.1190374789138221,0.7493199536292877,0.8158855269758878,0.9067770994437128
nDi.2.2.2.t05013,27.773713391907854,-0.11463822607735563,0.6507788158752178,0.8164226314684838,0.9070601901204842
nDi.2.2.2.t02184,4.19540481220427,0.11015847715803613,0.8392566713238585,0.81667506504362,0.9070601901204842
nDi.2.2.2.t01348,4.811180893062468,-0.11460510061992969,0.7864734636189574,0.8176969622606682,0.9076008167500611
nDi.2.2.2.t04934,8.1477409569731,0.12195535631375731,0.7352737648684375,0.8176497880347836,0.9076008167500611
nDi.2.2.2.t04408,4.653500942798186,0.11453173211344529,0.808898071202805,0.8185443542895514,0.907947171272125
nDi.2.2.2.t06752,13.620936605243736,0.1190991652623741,0.6631521979533485,0.8183747707622797,0.907947171272125
nDi.2.2.2.t01587,5.47816574571909,-0.11395360516417874,0.7821568832994745,0.8193030643258948,0.9082716713382939
nDi.2.2.2.t06300,5.439520420841133,0.11614066040456938,0.7952214508078325,0.8193724393558901,0.9082716713382939
nDi.2.2.2.t07851,4.970712343809012,-0.11358084970520672,0.7867632954856386,0.8201605477596635,0.9088482776872848
nDi.2.2.2.t07235,6.6398403603297975,-0.1137741386172366,0.7453097310068132,0.821420916735617,0.9099476647835444
nDi.2.2.2.t01505,5.329359703481201,-0.11046071485911617,0.7801294410413342,0.8231412323598173,0.9105108038659854
nDi.2.2.2.t02283,26.521412846949726,-0.10650805962746597,0.6062054745315358,0.8224980602791181,0.9105108038659854
nDi.2.2.2.t02522,13.817593537391414,0.11455166972090068,0.6619010692361408,0.8232714137550051,0.9105108038659854
nDi.2.2.2.t05549,7.197479141776517,-0.11374497843671476,0.7489392506169468,0.8224050982344715,0.9105108038659854
nDi.2.2.2.t06327,40.199773220604,0.1101723133132156,0.5868790839263531,0.8231593252367893,0.9105108038659854
nDi.2.2.2.t01914,9.426726389527337,0.11673319398805745,0.7083933750984269,0.8239569555003133,0.9109719664462395
nDi.2.2.2.t02272,9.622407199293468,0.11461846996878758,0.7207290346566638,0.8249059813753983,0.9117240432796843
nDi.2.2.2.t04111,3.7848423057764173,0.11327219302007326,0.8282719089757624,0.8257240559975416,0.91233094395559
nDi.2.2.2.t01293,3.83579144498061,0.1095370714985677,0.82220017085093,0.8280639178546179,0.9143341423616586
nDi.2.2.2.t03504,41.076813917620825,0.10830715340347354,0.6177393709800306,0.8280762044030114,0.9143341423616586
nDi.2.2.2.t01639,3.844176145264423,0.10798904797580561,0.8223979158910779,0.8286472068262416,0.914666881078624
nDi.2.2.2.t00668,5.210740877065907,-0.10584212574936754,0.7872717180032648,0.8297552186854887,0.9155919654460565
nDi.2.2.2.t01573,6.066031372962283,0.10789818784204379,0.7889835733285242,0.8302853269005089,0.9158789687305776
nDi.2.2.2.t01636,6.627369744465966,0.11108565021754874,0.7565483837385506,0.8306606613287104,0.915995111582245
nDi.2.2.2.t08679,10.476581352305837,0.11397035510694961,0.7484143771152124,0.8311485950908142,0.9162353053454799
nDi.2.2.2.t02302,8.893996123981463,-0.10658365491689384,0.7152323829657752,0.8318957453497997,0.9166353508080617
nDi.2.2.2.t06068,11.236283585881523,0.10971124520755983,0.6754952551842359,0.8320519590619169,0.9166353508080617
nDi.2.2.2.t00421,17.99477432005432,0.10588285226946013,0.6399170630038037,0.8338909357893809,0.9172576316540219
nDi.2.2.2.t00952,17.70503783347189,-0.10247306400958399,0.6228883103970094,0.832979422222266,0.9172576316540219
nDi.2.2.2.t01443,22.207278391852252,0.10902486637409856,0.6515989050280445,0.8336980106926981,0.9172576316540219
nDi.2.2.2.t04056,8.085419769291768,-0.10359099998220477,0.735232696523617,0.8340170939538438,0.9172576316540219
nDi.2.2.2.t06089,3.9283349474872726,0.10854005420701524,0.8273495241586029,0.8336353106605515,0.9172576316540219
nDi.2.2.2.t07989,4.409857167920943,-0.10578806027718361,0.8076086278577751,0.8342393259589203,0.9172576316540219
nDi.2.2.2.t09682,3.9799377184203353,0.10499837410837709,0.828963451222287,0.8345181410381449,0.9172668614392053
nDi.2.2.2.t03622,5.215973479173067,-0.09523080654357949,0.8305079187497598,0.8358472557047564,0.9181327368363126
nDi.2.2.2.t07483,19.583901461954003,-0.10388569888805964,0.6850862139734646,0.835704638834684,0.9181327368363126
nDi.2.2.2.t07390,4.1655022271463436,-0.09710783626914254,0.8238400081621955,0.8364378434957176,0.9184840288564177
nDi.2.2.2.t09899,5.435611540904096,0.10739081561300581,0.7755455964927419,0.8370252038832788,0.9188315506705766
nDi.2.2.2.t00149,41.20618493955731,0.09733771866687438,0.553834100072539,0.8379078609829378,0.9195029001792704
nDi.2.2.2.t02142,3.85893927570105,0.10492080237479166,0.8321138102729096,0.8383765412192477,0.9197196726441422
nDi.2.2.2.t06178,4.119879322331413,0.1021737971328062,0.8166233028904992,0.839509955452885,0.920665298705524
nDi.2.2.2.t01694,3.5171438909546406,-0.09986711334944051,0.8306845111029206,0.8401363161699943,0.921054422898714
nDi.2.2.2.t05758,5.133519150919248,0.09648157523034723,0.8387222476609175,0.8409698060168038,0.9213726040080745
nDi.2.2.2.t07541,5.917406853637764,-0.1007687904176567,0.7698080060008751,0.840792893837901,0.9213726040080745
nDi.2.2.2.t06308,3.9875851220821246,-0.09175960567280046,0.8409770507997996,0.8426363908430021,0.9229004319468722
nDi.2.2.2.t01886,4.586457818101518,-0.09906208238555086,0.8023437407541292,0.8453545469091138,0.9235232692881767
nDi.2.2.2.t02148,7.612415512006479,0.10219108647256747,0.7350600311838544,0.8448796380000009,0.9235232692881767
nDi.2.2.2.t03669,39.880165472712505,-0.09735192152803931,0.6688409860241545,0.84475895391,0.9235232692881767
nDi.2.2.2.t04343,11.796793277778471,0.10207299454390889,0.7081436794409026,0.8453831813501735,0.9235232692881767
nDi.2.2.2.t05076,9.792756425726372,-0.09798127099156845,0.6941708898067418,0.8450057391484218,0.9235232692881767
nDi.2.2.2.t05244,11.523289744468174,0.10324964479504202,0.6847146250699857,0.8437240247148181,0.9235232692881767
nDi.2.2.2.t07848,4.2058793046746175,0.09784633439837079,0.8185206903904101,0.8450856682572605,0.9235232692881767
nDi.2.2.2.t09652,11.067270850620917,-0.09459918580932433,0.7362019077994619,0.8452374498294043,0.9235232692881767
nDi.2.2.2.t01360,15.622964045219796,-0.09470668800643654,0.6466637943647404,0.8457095870017067,0.923582395077202
nDi.2.2.2.t08493,5.2211212621581,-0.09576219247051324,0.7820950502487481,0.8462489627520655,0.9238739883022228
nDi.2.2.2.t09266,3.572030025346577,0.09854500699533493,0.8372749120358614,0.8471896062705946,0.9246033283365047
nDi.2.2.2.t02273,12.429624539563294,-0.094301121109081,0.6789438684952334,0.8480316147449456,0.9252245857879882
nDi.2.2.2.t02468,3.5091734221418784,0.09680736596190413,0.845442232624617,0.8485213262873567,0.9254612021757922
nDi.2.2.2.t07807,4.1323137354753365,0.09622618441208665,0.8130227164026631,0.8488949303353821,0.9255710715839331
nDi.2.2.2.t03652,5.820864991527195,-0.09447222661306746,0.7633234835633134,0.8497371131471948,0.9260690568912281
nDi.2.2.2.t08492,4.677834744753559,-0.09417194774486964,0.789882917186077,0.8498976928367904,0.9260690568912281
nDi.2.2.2.t00706,6.7913987799536955,0.09738064188332363,0.7574864395176247,0.8502139970493461,0.9261162100165002
nDi.2.2.2.t00032,17.821614663726784,-0.09275280664590153,0.6490410761812879,0.8514247340582975,0.9271280671139491
nDi.2.2.2.t00257,7.268043595806125,0.09832658380709909,0.7421384429117925,0.85229596286269,0.9271280671139491
nDi.2.2.2.t01244,5.068882352782593,-0.08895397486244434,0.8097869677533046,0.8517621065905518,0.9271280671139491
nDi.2.2.2.t05196,4.588264885826209,-0.09222437506883446,0.7921038551075217,0.8525095640708747,0.9271280671139491
nDi.2.2.2.t07298,13.342191982566797,-0.09283640045352937,0.721435693693427,0.8523027817364077,0.9271280671139491
nDi.2.2.2.t04046,4.759196345800091,0.09380743066740678,0.7970936833244161,0.8545951271977303,0.9290982921329171
nDi.2.2.2.t02619,7.443482523980559,0.09490656041765995,0.7291177395619031,0.8559212195920334,0.9302418381468045
nDi.2.2.2.t09873,10.224402677381523,0.09532396931064353,0.702237560049205,0.856540108583723,0.9306162870967292
nDi.2.2.2.t00763,12.230431246351882,0.0946366227511067,0.694858124132996,0.8580335743441644,0.9317515295716611
nDi.2.2.2.t08204,7.704787204298864,-0.09116724226475083,0.7445558085026789,0.8581343686267303,0.9317515295716611
nDi.2.2.2.t05715,11.279340501893792,0.09348464210824324,0.6888484053531683,0.8585410035201174,0.9318947468608763
nDi.2.2.2.t02347,5.270875168034881,0.09173308146337514,0.7951978450849042,0.8592316855405693,0.9323460900043541
nDi.2.2.2.t07789,5.664043868853942,0.09181891648477182,0.7709320739371738,0.8606381503226845,0.9335735867907087
nDi.2.2.2.t04064,6.718208118051291,0.08922534718521143,0.750868804939497,0.863349361252874,0.9362151641207636
nDi.2.2.2.t01321,6.228303837730282,0.08558310538594827,0.7947717167731689,0.8642895095140438,0.9362928262722249
nDi.2.2.2.t03651,3.4602559867732925,-0.08156363789402389,0.8437779557147299,0.8644166524395683,0.9362928262722249
nDi.2.2.2.t04156,3.9974467478665643,-0.08348230376430496,0.8086820998338431,0.8641713707100767,0.9362928262722249
nDi.2.2.2.t07800,19.355559033022097,-0.08187975793331166,0.6110827083183329,0.8645250978433396,0.9362928262722249
nDi.2.2.2.t01776,3.6113799460008544,0.07393859179572608,0.8784472859669845,0.8655029246450682,0.9369106335025497
nDi.2.2.2.t03867,12.185875656487891,0.08949332165506922,0.7085658230681178,0.8656479732892071,0.9369106335025497
nDi.2.2.2.t04808,3.381118739623393,0.08427748553338314,0.8390884863565055,0.8672083161818124,0.9383000346056483
nDi.2.2.2.t05068,4.6349095912537415,-0.08159741160566458,0.7992479796010575,0.8678906092001936,0.9387388221961278
nDi.2.2.2.t01733,13.835858115570524,-0.08105343303307626,0.6679629651950569,0.8682630951308811,0.9388423393955846
nDi.2.2.2.t08913,3.4776963832908754,0.06983865632551134,0.8887310896066581,0.8692609643728739,0.9396217945037566
nDi.2.2.2.t07307,23.538184302934155,0.08419915091730704,0.6291821769989617,0.8695494289351313,0.9396341710570135
nDi.2.2.2.t00579,7.23316597352763,0.0855487991786306,0.7334078612654714,0.8701886418139856,0.9399232817224292
nDi.2.2.2.t10464,11.427988931470788,0.08494673775701177,0.6974130207533802,0.8703711756751621,0.9399232817224292
nDi.2.2.2.t05087,4.465583614503173,0.08071030861966172,0.81673700920088,0.8709318708273196,0.9399302913923857
nDi.2.2.2.t06153,6.927187925215288,-0.08141214573188843,0.7380229296864627,0.8708467732427301,0.9399302913923857
nDi.2.2.2.t04510,5.687220891612663,0.08558507597906705,0.7839295090520959,0.8721115056718793,0.9409040162973966
nDi.2.2.2.t02671,9.656078668193919,0.08444401817772537,0.7061140087016659,0.8723939371932403,0.9409094546770974
nDi.2.2.2.t08773,42.57499837007191,-0.07290475398939802,0.557078863035894,0.8728744294210258,0.941128437570286
nDi.2.2.2.t04509,4.563904427216164,-0.07776717529901228,0.8001611619444555,0.8731881805836053,0.9411675591164884
nDi.2.2.2.t02701,4.930207173019911,0.08418803994980541,0.7960732091559055,0.8734868994548911,0.9411904583707085
nDi.2.2.2.t06119,4.241335911977526,-0.07680028553260271,0.8257536979114706,0.8750374708599359,0.942561797763386
nDi.2.2.2.t00884,7.5875196082340715,-0.07676688701689273,0.7337555696337351,0.8773643222319993,0.942960729891618
nDi.2.2.2.t01131,4.056240449365508,0.07849622784900842,0.8141133690139523,0.8764273092485914,0.942960729891618
nDi.2.2.2.t02219,19.11909562764845,-0.07437746510283218,0.6396820662730233,0.8775792066255549,0.942960729891618
nDi.2.2.2.t02844,18.18023321335127,-0.07531981067949314,0.6293573410484878,0.8771535055828045,0.942960729891618
nDi.2.2.2.t04740,8.006529564074508,-0.07744960431289412,0.7226106385346749,0.8776317878148108,0.942960729891618
nDi.2.2.2.t06715,8.71878103052612,-0.030493635671777278,0.996949942458148,0.8768774771568636,0.942960729891618
nDi.2.2.2.t06907,21.043238713073347,0.07782407977776065,0.6076208734727889,0.8767086143438119,0.942960729891618
nDi.2.2.2.t08642,5.336859440737779,0.07706948471894837,0.8022637799546618,0.8774387426282806,0.942960729891618
nDi.2.2.2.t04600,4.00226348154915,0.07982513702380915,0.8221623034634452,0.8780448230274653,0.9431057757153776
nDi.2.2.2.t02820,9.436141882333677,0.08003785106963192,0.7014915308479897,0.8787361687752928,0.9435495677384594
nDi.2.2.2.t01861,4.135925218905548,-0.0742579476895467,0.8052615714787327,0.8793753139552342,0.9436384261107733
nDi.2.2.2.t09368,22.0251317870203,-0.07236955758145347,0.6281851637263434,0.8791093032410718,0.9436384261107733
nDi.2.2.2.t05687,3.9608412716048305,-0.07228949979514794,0.8079987782771113,0.8808400764949136,0.9449113028054228
nDi.2.2.2.t03945,3.6830527280518437,-0.0709751461488777,0.8229091466929025,0.8819356810426043,0.945787489755458
nDi.2.2.2.t03780,3.71220424421958,-0.06987372147592481,0.8280893789227459,0.8824449249819846,0.9460345087038217
nDi.2.2.2.t00973,3.5178813701960876,-0.06966539902105219,0.8292842446375093,0.8832792380604889,0.9462785944371626
nDi.2.2.2.t05713,4.691978287737485,0.07615232286428303,0.7902990513953788,0.883676532954948,0.9462785944371626
nDi.2.2.2.t07887,5.839349295178096,0.0702129453418413,0.8184953204933936,0.8837884985781046,0.9462785944371626
nDi.2.2.2.t08685,5.027583264633931,0.07826399986317738,0.7932549863987685,0.8831653423779947,0.9462785944371626
nDi.2.2.2.t04379,6.657515059397658,-0.07290973370095939,0.7510818292789395,0.8844553422388326,0.9466937585592048
nDi.2.2.2.t06609,22.98583577076147,0.07474088783713678,0.6657614195365678,0.8849436710445882,0.9469176442218433
nDi.2.2.2.t08164,4.130306410294628,-0.06451050380364526,0.8544692380355634,0.8852654373123697,0.9469632177116235
nDi.2.2.2.t01902,4.630532086785924,0.07545810678897726,0.8035029685497577,0.8863081826000212,0.9471825316254795
nDi.2.2.2.t04031,9.687334459232074,-0.07132466272359096,0.723991050285453,0.8858435380640397,0.9471825316254795
nDi.2.2.2.t09172,7.536900671684238,0.07639815819969147,0.7495976353814771,0.8862882477955332,0.9471825316254795
nDi.2.2.2.t00087,6.09167172461915,0.0744733732935068,0.759203670006261,0.8880659604153416,0.9475683352402765
nDi.2.2.2.t00960,5.001313585338256,0.06861653834347603,0.8204408507853937,0.8880081663473565,0.9475683352402765
nDi.2.2.2.t01046,11.171252067980406,-0.07102514353027359,0.6893559117002538,0.8871167720910245,0.9475683352402765
nDi.2.2.2.t01629,4.066735778058983,-0.0693463311097248,0.8244682619787931,0.8878505095220873,0.9475683352402765
nDi.2.2.2.t02749,13.839627421157266,-0.0695429544147184,0.6660468695932623,0.8872472779073962,0.9475683352402765
nDi.2.2.2.t00251,3.691109893588174,-0.06547988048671304,0.8290776504702654,0.8892394592707047,0.9485220898887516
nDi.2.2.2.t01447,4.417230376320096,0.0657349130632988,0.8362753226142774,0.8905439313044926,0.9493164723396729
nDi.2.2.2.t07901,4.625774620538816,-0.06644967469955189,0.7954552536949411,0.8905039851498283,0.9493164723396729
nDi.2.2.2.t00220.t1,9.939233562497769,0.07193303796102915,0.6956431923950636,0.89176096835393,0.9494125566108144
nDi.2.2.2.t00626,6.960524098486975,0.07084656188806161,0.7521850820624941,0.8933435362867699,0.9494125566108144
nDi.2.2.2.t02245,7.864292327472704,-0.06325960750784625,0.7785825124196567,0.8926026431271201,0.9494125566108144
nDi.2.2.2.t02812,7.694196555537115,-0.06716257556475519,0.7344476572564925,0.8939928377992161,0.9494125566108144
nDi.2.2.2.t03767,3.4696701546603306,-0.06035570526657108,0.8495476855565001,0.8926908837320096,0.9494125566108144
nDi.2.2.2.t04456,5.396025569639627,-0.06672326140372992,0.7740630022082259,0.8933445788761938,0.9494125566108144
nDi.2.2.2.t05622,11.67486765516804,-0.0682848566889383,0.6820108047631485,0.8909800566609359,0.9494125566108144
nDi.2.2.2.t07652,23.81448763331426,-0.06501623781075781,0.6473198748735401,0.8939657807340533,0.9494125566108144
nDi.2.2.2.t07663,7.368104274276777,0.07037578370033813,0.7561448709405951,0.89170788551136,0.9494125566108144
nDi.2.2.2.t08697,3.8093985566101227,0.06752197593401664,0.8183772157015698,0.8936995475918369,0.9494125566108144
nDi.2.2.2.t08864,5.47986121884235,0.07229126237442567,0.795140625885188,0.8913889141827835,0.9494125566108144
nDi.2.2.2.t09418,4.015445983666675,-0.06559076372653264,0.8205218599146176,0.8934660948426626,0.9494125566108144
nDi.2.2.2.t01676,6.6097591138858975,0.0687397492556609,0.7574739449817268,0.8949123157208283,0.9500915727464945
nDi.2.2.2.t01584,6.641199805179415,0.06861293791660826,0.7718401186551913,0.8954896905780148,0.9504070808637755
nDi.2.2.2.t02112,9.731743547034078,-0.06315656879390506,0.7116992445882054,0.8970804363044692,0.9517975727071504
nDi.2.2.2.t04786,5.009457487581541,0.06586221466565861,0.7878092210970629,0.8976098732314947,0.9520615040654253
nDi.2.2.2.t09810,11.345902226231608,0.06761621650245311,0.6868880293528641,0.8982352527770303,0.9524270013815839
nDi.2.2.2.t09587,4.971223076072843,-0.0613719340448907,0.788029880083949,0.8992070025280494,0.9531594226797324
nDi.2.2.2.t00058,18.612743775082574,0.06545293161235793,0.6541327234528678,0.9007294359267703,0.9540772519591743
nDi.2.2.2.t00464,3.5006889591799046,-0.059188890841592366,0.8273913402029848,0.9009166975310245,0.9540772519591743
nDi.2.2.2.t02446,3.4249056736323045,0.06234931621382607,0.8478482029887837,0.9007588173368624,0.9540772519591743
nDi.2.2.2.t02799,5.149793039323884,-0.060073082602955075,0.7840487374436168,0.9014642018173042,0.9543591050450362
nDi.2.2.2.t08900,5.100759669889648,0.06382961204061625,0.7882815482783538,0.9018876709623838,0.9545095101105789
nDi.2.2.2.t00334,3.811009508017981,0.061625387381724316,0.8289145648018289,0.9028531022653155,0.9550411739186672
nDi.2.2.2.t02153,5.87291405677328,0.06260855259832926,0.779030001354049,0.9029531381949192,0.9550411739186672
nDi.2.2.2.t01966,15.542719401239495,0.06317181131041232,0.6518892859599321,0.9036887164231004,0.9552234733895784
nDi.2.2.2.t04841,7.198441415648193,-0.05987401314073376,0.7439603214024842,0.903663579249535,0.9552234733895784
nDi.2.2.2.t04627,5.666583329340803,0.06458751727077038,0.783297030988204,0.9039738026261928,0.9552271459526622
nDi.2.2.2.t00021,4.073181117380488,-0.057060682832065314,0.8055731744877114,0.9062787169848834,0.9555205164184769
nDi.2.2.2.t00279,26.248159899110508,-0.056430597367616644,0.6170868400406374,0.9060222300106868,0.9555205164184769
nDi.2.2.2.t01598,10.455638206738044,-0.05766467482222633,0.7348717735686572,0.9058147645803906,0.9555205164184769
nDi.2.2.2.t05285,7.427643213057674,0.06299242578340765,0.7409133163077765,0.9054225809308634,0.9555205164184769
nDi.2.2.2.t06702,3.7279026189714903,0.057913844140795034,0.8374122900436141,0.9052585430653732,0.9555205164184769
nDi.2.2.2.t07058,3.5023822633618904,-0.05207800729035273,0.8504286788443906,0.9065050182295573,0.9555205164184769
nDi.2.2.2.t07436,10.431422655436714,0.06165138207057534,0.713980577295795,0.9057164059712134,0.9555205164184769
nDi.2.2.2.t08588,5.210234811949489,-0.056994375923383425,0.785906411499028,0.9056357303676039,0.9555205164184769
nDi.2.2.2.t09073,5.28074174703429,-0.05118916132567245,0.8621297912732457,0.9075643460096373,0.9563399383860484
nDi.2.2.2.t02152,4.3611134109122105,0.05854807522109566,0.8011175688305943,0.9096483378737059,0.95823824908932
nDi.2.2.2.t01056,3.8536790397342573,-0.05430444198648728,0.810402877402416,0.9103849631348748,0.9587164839967387
nDi.2.2.2.t08503,5.168698470457404,-0.05056533225713215,0.8255545814148084,0.9106815603309595,0.9587311771081982
nDi.2.2.2.t05914,7.372888074465283,0.05904984583504883,0.7400135213530065,0.9110240426173587,0.9587941522054237
nDi.2.2.2.t01439,4.406530368420871,-0.05318707147298552,0.7975360530456319,0.9128074737659304,0.9603731237636587
nDi.2.2.2.t04178,6.007880036727484,-0.05036648747843878,0.7989517499216434,0.9131644332053968,0.9604507774985134
nDi.2.2.2.t03156,5.7019200172883115,0.05585841471315064,0.7674027880394214,0.9150213551984118,0.9610091048851411
nDi.2.2.2.t04435,4.1032013251366335,0.05389551457582031,0.8160572035473036,0.915395170366713,0.9610091048851411
nDi.2.2.2.t07411,5.6912492816136675,0.02576258037433099,0.9963987847566699,0.9151924819170493,0.9610091048851411
nDi.2.2.2.t08475,5.497091947845625,0.0567417052782493,0.8156344146483723,0.9151873738310319,0.9610091048851411
nDi.2.2.2.t08511,13.99546919804304,0.0562280009286632,0.6803274057660929,0.9150710093700969,0.9610091048851411
nDi.2.2.2.t10264,4.456844159401084,0.05406022165241475,0.807788956394621,0.9147486925681018,0.9610091048851411
nDi.2.2.2.t00027,3.83777305321327,0.05378847434233861,0.8150658810823002,0.9158951357878958,0.9612364791437323
nDi.2.2.2.t02878,4.234198828600951,-0.050636584777260345,0.8016643611094574,0.9165363964813189,0.9614615355118812
nDi.2.2.2.t05356,3.367843853909828,-0.050153524727498615,0.835047982127528,0.9167845601552925,0.9614615355118812
nDi.2.2.2.t07424,3.4196185896793985,-0.04864022396556395,0.8310336292494652,0.9169599255250399,0.9614615355118812
nDi.2.2.2.t01414,7.1737681014012455,0.05421181395148511,0.752439918529309,0.9173386751429375,0.9615614295688641
nDi.2.2.2.t00379,6.5135318801219455,0.053256078490823346,0.7631737213540715,0.9202397416611056,0.9620430434177052
nDi.2.2.2.t01275,4.504399907092654,0.05148066577213028,0.8085562489275836,0.9187961450187131,0.9620430434177052
nDi.2.2.2.t02480,14.235411899227199,0.052703596670091495,0.6514156851681937,0.9191747810219225,0.9620430434177052
nDi.2.2.2.t03108,3.964007991333965,-0.048870166879090605,0.8201619343307259,0.9203507299205347,0.9620430434177052
nDi.2.2.2.t04465,6.225735312379915,-0.04977837890719275,0.7489038271406057,0.9195543929521741,0.9620430434177052
nDi.2.2.2.t06039,4.813952751762361,-0.048131011177800415,0.7917637117709839,0.9202708788459002,0.9620430434177052
nDi.2.2.2.t06103,3.6215573372037744,-0.047111950820757004,0.8299910326820243,0.9194010730554089,0.9620430434177052
nDi.2.2.2.t06202,3.3787213438707586,-0.04484185472896559,0.8528722968929606,0.9188379648679742,0.9620430434177052
nDi.2.2.2.t08174,4.524118879085444,-0.0481061101662111,0.8273617740785079,0.9199952879119283,0.9620430434177052
nDi.2.2.2.t02730,4.188583893840282,0.05080330591603406,0.8030053058894948,0.9219755245875005,0.9634445407889101
nDi.2.2.2.t03256,6.431329663839946,-0.047866902457952686,0.7608150207657799,0.9224159156604497,0.9636078798645659
nDi.2.2.2.t03884,7.2857055236197485,-0.04710524194221621,0.7316605434824082,0.9232398698037539,0.9641716866916051
nDi.2.2.2.t07422,11.03456057200582,-0.046170938943050875,0.6876630666613947,0.9238251928489378,0.9644860123556778
nDi.2.2.2.t03718,4.834475898189058,0.048329811475834816,0.807527290659072,0.924390313206275,0.9646474237041982
nDi.2.2.2.t04805,8.451032548952274,0.05016098308256437,0.7146444172311704,0.9245485773768716,0.9646474237041982
nDi.2.2.2.t00827,4.039407539916316,0.04842200231002035,0.8179887801781408,0.9269223605113059,0.9659356825973424
nDi.2.2.2.t02875,11.543928321086307,0.0483221899517832,0.6798367550285243,0.9269154208935598,0.9659356825973424
nDi.2.2.2.t07175,10.759408841542331,0.049433484525814884,0.687308976995049,0.9265556058447841,0.9659356825973424
nDi.2.2.2.t08025,4.667593131075261,0.04763045708680037,0.7989623072402974,0.9265579729512814,0.9659356825973424
nDi.2.2.2.t10302,3.3648139127138053,-0.034861739564812526,0.8939463282907552,0.9276632638048399,0.9664108694183098
nDi.2.2.2.t02666,4.024651056856934,0.045986103229221684,0.811436119729565,0.9282992554973439,0.9667765043435649
nDi.2.2.2.t00276.t1,5.734971578026686,-0.04381159803375323,0.7685419020216618,0.9285952294983434,0.9667879123567774
nDi.2.2.2.t00640,8.295762925679574,-0.04224052033393472,0.7313359708141726,0.9298309602820884,0.9671838752765544
nDi.2.2.2.t04249,7.945919731571915,-0.04345700505905177,0.733090918364285,0.9296111830393882,0.9671838752765544
nDi.2.2.2.t08912,6.978995357976755,-0.04379249169397348,0.7536842859559897,0.9294328061691406,0.9671838752765544
nDi.2.2.2.t06521,8.08784492870124,0.04612961947372932,0.7261883706224868,0.9311242467206734,0.9682322025985667
nDi.2.2.2.t02300,8.309656746683055,-0.041296760446306584,0.7265669308011649,0.9317570968891541,0.9685204779119829
nDi.2.2.2.t09728,6.900332605128246,0.045295572969692895,0.7488230599383024,0.9319725353492665,0.9685204779119829
nDi.2.2.2.t02486,15.80861467221465,0.04440724066014084,0.6410597698771496,0.9323155055100929,0.9685801515130887
nDi.2.2.2.t08257,5.0002048566484785,-0.03941830520389391,0.7898444962999899,0.933590337255042,0.9696076007253837
nDi.2.2.2.t01280,5.418194064893401,-0.03872159537931908,0.7802171185367971,0.9355116916552275,0.9707710257576324
nDi.2.2.2.t02246,10.883966252336315,0.04277103630127604,0.6748093461008221,0.9358553225906421,0.9707710257576324
nDi.2.2.2.t04720,4.962439947644085,0.04299035413343082,0.7816406759203648,0.9355755304110637,0.9707710257576324
nDi.2.2.2.t05261,5.352813501539902,0.04308273686728722,0.7737702576210906,0.935727189857975,0.9707710257576324
nDi.2.2.2.t02699,25.682973361475877,-0.03606481074147659,0.6273485054523213,0.9382546193178309,0.9711808571028632
nDi.2.2.2.t02835,9.752635298094896,0.041859015777761625,0.6937111175654063,0.9379119828083463,0.9711808571028632
nDi.2.2.2.t04434,10.94718192256434,-0.03811863872903209,0.7244365845544268,0.9379169292445498,0.9711808571028632
nDi.2.2.2.t05057,3.5066393892338246,0.040476609662911105,0.8228973375106833,0.9366510361203004,0.9711808571028632
nDi.2.2.2.t05121,9.977660890397285,-0.03788595116582566,0.6973604536164453,0.9380401091737993,0.9711808571028632
nDi.2.2.2.t08553,12.02311502283846,-0.03751376283203385,0.6858290249355814,0.9381899046345283,0.9711808571028632
nDi.2.2.2.t09711,6.6891518698650305,0.04192425837818765,0.7660910164182856,0.937800124091177,0.9711808571028632
nDi.2.2.2.t05038,3.7561036619499766,-0.035965906398750254,0.8215042072705026,0.9385983098131986,0.9712402278481909
nDi.2.2.2.t03035,6.670487671292246,-0.03342516246075278,0.8067461708535646,0.9401672041417043,0.9719741409474736
nDi.2.2.2.t08139,8.266324456625723,0.04039632254083013,0.718855751456054,0.939718579916125,0.9719741409474736
nDi.2.2.2.t08898,5.507751336993179,-0.029776704596670943,0.8752899415136566,0.9399592313432373,0.9719741409474736
nDi.2.2.2.t00343,6.242017507704485,0.03954213543558382,0.7782173276319055,0.9407939510589307,0.9720295711215025
nDi.2.2.2.t00847,5.3860171594012805,0.039264367792342124,0.7773968141466194,0.9406201148997023,0.9720295711215025
nDi.2.2.2.t02077,6.10567969254803,0.03918649195414573,0.7582419082202171,0.9422923005884367,0.9729849265132352
nDi.2.2.2.t03220,4.769754269331475,-0.0353419408061354,0.7973664376857738,0.9422477541644176,0.9729849265132352
nDi.2.2.2.t04857,9.526433241300738,-0.03443436878807551,0.7141103319558727,0.9426189003413873,0.9730259616427224
nDi.2.2.2.t06892,4.955093404570367,0.036127964979660546,0.8526054632408918,0.9434159318972702,0.9732620064528223
nDi.2.2.2.t07929,7.24714723119553,-0.03441766054165254,0.7345541903223005,0.9437083547238599,0.9732620064528223
nDi.2.2.2.t08218,7.665888834168101,-0.034139936582842284,0.7324062760349,0.9434425678866012,0.9732620064528223
nDi.2.2.2.t00583,5.749256363947015,-0.03378484518441112,0.7680053516924499,0.9444932542601991,0.9735900957787641
nDi.2.2.2.t01492,12.91840231775524,0.037034351251552695,0.672933401881848,0.944600532195729,0.9735900957787641
nDi.2.2.2.t01817,4.3870994128635115,0.036971768827522185,0.80506391448729675,0.9456699597183054,0.9742332463127378
nDi.2.2.2.t03264,4.483260226549051,-0.024817221696400587,0.8874485849852571,0.9459094982112901,0.9742332463127378
nDi.2.2.2.t08926,87.89974499025236,0.03223101941253286,0.5240001883205804,0.9460861772860136,0.9742332463127378
nDi.2.2.2.t00635,17.282540298111883,0.035432411356277727,0.6469281913387904,0.9465618344214584,0.9743634559604184
nDi.2.2.2.t01215,8.622446628092254,0.03590765516994496,0.7122553972874822,0.9473616384898172,0.9743634559604184
nDi.2.2.2.t02822,7.177622382161364,-0.03216865425250018,0.757126689475165,0.9469680228606934,0.9743634559604184
nDi.2.2.2.t03102,7.904277202829597,0.03637817939711956,0.7277274512519132,0.947235506177009,0.9743634559604184
nDi.2.2.2.t03168,10.639660856493665,-0.030751808384535617,0.6943544595882084,0.9485292449556226,0.9752686265199977
nDi.2.2.2.t00405,14.704748654437205,-0.029820457410785036,0.6505886735326419,0.949070229088071,0.97552915668689
nDi.2.2.2.t07172,4.510758122886299,0.031980563327786773,0.813934941041924,0.9499320297539784,0.9761191896169326
nDi.2.2.2.t06446,12.075937704908387,0.03401391816746998,0.6877292081918897,0.9503558659989306,0.9762589634973873
nDi.2.2.2.t05171,5.719775953228762,-0.029088583610534846,0.7681613681311924,0.9509543725804622,0.9765285047826823
nDi.2.2.2.t08424,3.552638797249438,0.031125549442483233,0.8271789429858319,0.9511940388567164,0.9765285047826823
nDi.2.2.2.t06642,6.8233669265040895,-0.028592052436613693,0.7691589631373497,0.9517222701350899,0.9767751710433359
nDi.2.2.2.t01128,4.046834851143817,0.030940606213057824,0.8044749768055751,0.9532517423438586,0.9777532234745596
nDi.2.2.2.t05161,4.221895924147653,0.030896227513661768,0.8029563195860452,0.9532026855648288,0.9777532234745596
nDi.2.2.2.t00608,13.033654361658025,-0.026242059777686937,0.6634060273915411,0.9552732330845229,0.9780521601638098
nDi.2.2.2.t02460,7.302670659430155,-0.026515765550515463,0.735060289341381,0.9552628721939911,0.9780521601638098
nDi.2.2.2.t04119,26.646748087899415,0.029463718156573417,0.5974759720834572,0.9550179471733918,0.9780521601638098
nDi.2.2.2.t04938,3.62466791978854,-0.026641584099083352,0.8252091979286527,0.9550498046949872,0.9780521601638098
nDi.2.2.2.t08940,6.245688085241194,-0.027081561658380687,0.7538703774435603,0.9549907272695488,0.9780521601638098
nDi.2.2.2.t09206,24.841492530751687,-0.026368461386543585,0.6119519175082311,0.953872282659823,0.9780521601638098
nDi.2.2.2.t05364,8.503239322578422,-0.026349184519743975,0.7119759565674676,0.9561834545040099,0.9786886776335549
nDi.2.2.2.t02234,3.8225847410852887,-0.02322997460651364,0.823053610954104,0.9589992611709204,0.9806829948422556
nDi.2.2.2.t04409,4.160805060821165,0.027532685261405256,0.8010618419343903,0.9588370874804734,0.9806829948422556
nDi.2.2.2.t08282,4.460638556691302,-0.02331591380744036,0.8090679651764433,0.9589016227858257,0.9806829948422556
nDi.2.2.2.t01301,11.069142304237348,0.02816788730316544,0.6905054775787346,0.9596160758064746,0.9807224251688946
nDi.2.2.2.t09646,4.692220712029933,-0.022351369887419797,0.8200489699147864,0.9593272102663333,0.9807224251688946
nDi.2.2.2.t00197,7.493210633248483,0.027386891759882886,0.7280447298106199,0.9603286534177158,0.9808596183055983
nDi.2.2.2.t04306,10.413550793190641,-0.02345866078166017,0.6825275669563166,0.9602163509907435,0.9808596183055983
nDi.2.2.2.t05100,5.871827885833763,0.026743274299214546,0.7553520570998778,0.9610121016914664,0.9808896711080022
nDi.2.2.2.t06249,256.2903072277974,0.025466190230003277,0.5596463850227157,0.9612256093051295,0.9808896711080022
nDi.2.2.2.t09481,3.5742682705038575,-0.022523436407822162,0.8201801295802376,0.9606781927167133,0.9808896711080022
nDi.2.2.2.t00588,3.869674640994521,0.02362959101516205,0.8186064203028796,0.9642016527564901,0.9836306785413577
nDi.2.2.2.t06239,12.046299434010118,0.024453399659580342,0.7045589352029851,0.9654706111930442,0.9842565118594828
nDi.2.2.2.t08059,6.917063430352673,0.023536182784783255,0.7642300533808515,0.9656856342772285,0.9842565118594828
nDi.2.2.2.t09195,5.634625330781279,-0.020451427343274358,0.766919450030107,0.9652714564620648,0.9842565118594828
nDi.2.2.2.t03036,4.40533782896362,0.02240012869847589,0.8084015698481487,0.9662988393292623,0.9842899888903476
nDi.2.2.2.t06237,8.562780931066373,0.023514895694964736,0.7131041853446307,0.9660401195032027,0.9842899888903476
nDi.2.2.2.t00431,10.701072804892581,-0.018221428543539156,0.7025307758927211,0.9677038290459101,0.9851548551283321
nDi.2.2.2.t02862,5.046686681341092,0.021701529609489217,0.7898857220647302,0.9683096364970104,0.9851548551283321
nDi.2.2.2.t05663,7.804265067559437,0.022346507772617145,0.768236013093679,0.9682366831065686,0.9851548551283321
nDi.2.2.2.t08997,4.351323390442977,-0.01837179039713095,0.8077942285309587,0.9682696633572887,0.9851548551283321
nDi.2.2.2.t02940,5.194624606010203,-0.01744612486460827,0.7895821502669181,0.9687386692515191,0.985295821919386
nDi.2.2.2.t00811,4.255740426771055,-0.01595911298531944,0.8011879245018046,0.971653801694133,0.9879645369743701
nDi.2.2.2.t01949,12.498560636320086,-0.01554258993813299,0.6649897220012302,0.9722471119326201,0.9882715623840119
nDi.2.2.2.t07176,5.612838050190126,-0.015469297155567784,0.7756727549478185,0.9725770234138225,0.9883107439843277
nDi.2.2.2.t00063,7.663964234705875,-0.013542303503256052,0.738658589059917,0.9755201278009072,0.9886192665545038
nDi.2.2.2.t02203,5.252810596136975,0.017289395093131606,0.7878888652499724,0.9757951958798581,0.9886192665545038
nDi.2.2.2.t03686,5.645325302763591,0.018686969193746548,0.7718846383958309,0.9736749713850834,0.9886192665545038
nDi.2.2.2.t05279,5.571977551084848,0.018206065066173754,0.789674148186074,0.9746858500972373,0.9886192665545038
nDi.2.2.2.t05881,3.572282085597269,-0.012553461288344484,0.8479703361308956,0.9753639843194147,0.9886192665545038
nDi.2.2.2.t06222,7.024176624165508,-0.01375349525347554,0.7425267129481836,0.9757208714540236,0.9886192665545038
nDi.2.2.2.t06856,7.855255772117415,-0.01473590636615869,0.7625605126907279,0.9732509147558617,0.9886192665545038
nDi.2.2.2.t07342,12.013851119458538,0.017962432700391294,0.6847866498324613,0.9751429187434474,0.9886192665545038
nDi.2.2.2.t09089,14.219690209213876,-0.013898379020698086,0.6460631490645435,0.9746697637065009,0.9886192665545038
nDi.2.2.2.t09796,7.99971693322055,0.017900335328592264,0.7260096488592248,0.9752242893290946,0.9886192665545038
nDi.2.2.2.t06898,5.408158830609917,0.017228078637222154,0.7996871173542088,0.9762434308725961,0.9887780583815605
nDi.2.2.2.t04121,9.453049871593409,-0.012902141889423993,0.7141541875448612,0.9769631904869023,0.9889819425766053
nDi.2.2.2.t04506,3.4093455673076356,0.01442349482167518,0.8519896777296955,0.9774281516155143,0.9889819425766053
nDi.2.2.2.t06024,13.700776186626921,0.016235878056628853,0.6616511886663007,0.977610982741556,0.9889819425766053
nDi.2.2.2.t07718,3.5695406889604264,0.015311698714248262,0.8443570108033301,0.9774024699551405,0.9889819425766053
nDi.2.2.2.t00307,10.044075555055755,0.01524698903819075,0.7041289855293048,0.9794631357635928,0.9904947560439056
nDi.2.2.2.t00742,9.569587918740567,0.014691467518109584,0.7082470048424432,0.9802022234609411,0.9904947560439056
nDi.2.2.2.t01304,27.644524667138548,-0.010137511114403648,0.6466089874444675,0.9803707186920364,0.9904947560439056
nDi.2.2.2.t02424,11.194291727045819,0.014335790943965981,0.6814748369577793,0.9805664477580881,0.9904947560439056
nDi.2.2.2.t06225,9.01906769809595,-0.01072309757988043,0.7060749021097594,0.9803138253010047,0.9904947560439056
nDi.2.2.2.t01907,8.146826208533495,0.013979656754084491,0.71391543292689,0.9811184603607823,0.9907499743696259
nDi.2.2.2.t04179,7.053330518357176,0.0135024305318932,0.7849904963450658,0.9814032764982143,0.9907499743696259
nDi.2.2.2.t05193,6.352605671303492,0.013564436826128084,0.7535011932681589,0.981888499414882,0.9909448943812199
nDi.2.2.2.t02136,9.749275277930064,0.012901863419017187,0.782737984372267,0.9828669900969222,0.991637367759893
nDi.2.2.2.t02159,3.9642973146845204,-0.008331801316889216,0.8194306701202374,0.9838350824696094,0.9920239594937322
nDi.2.2.2.t05563,3.4059232090149183,-0.008314584532197232,0.8322100273854132,0.9837283312600812,0.9920239594937322
nDi.2.2.2.t01911,8.844088852537707,0.011577183327092098,0.734394014731573,0.9853275603505977,0.9922383170178789
nDi.2.2.2.t02147,6.394547362160738,0.011180569885561114,0.75319704800372,0.9857300896190864,0.9922383170178789
nDi.2.2.2.t05517,5.232450878529946,-0.007426681012143425,0.7873802876525702,0.9849723731051893,0.9922383170178789
nDi.2.2.2.t05774,4.558875612280722,-0.007247470368563548,0.78989031198254,0.9858028090655223,0.9922383170178789
nDi.2.2.2.t08403,6.812331368490213,0.011692391003082565,0.7549368804366154,0.9848738672028483,0.9922383170178789
nDi.2.2.2.t09978,3.9062552677257454,0.010410982327369785,0.8253894493598533,0.9854966816866031,0.9922383170178789
nDi.2.2.2.t02727,3.7464742019396367,-0.006355881450713928,0.8239752168354897,0.9868370261795453,0.9927086187290958
nDi.2.2.2.t08593,7.289883193333868,0.010373398450676663,0.7467340813082549,0.9868553839488534,0.9927086187290958
nDi.2.2.2.t10278,4.774869606187556,0.009561716938213807,0.7898260098625643,0.987604579321769,0.993167724002206
nDi.2.2.2.t01276,8.359505216511506,-0.0052665389569224105,0.7276667775034634,0.9883654415232319,0.9932225970202556
nDi.2.2.2.t04873,13.178219830556639,0.009874769431662983,0.6970565779793868,0.9880981845146852,0.9932225970202556
nDi.2.2.2.t06368,3.727350004504987,0.007587484526541288,0.8853849987658604,0.9885375847701602,0.9932225970202556
nDi.2.2.2.t00737,39.52783042951399,-0.004396329163745098,0.5528239606444069,0.9892329720969111,0.993564711532534
nDi.2.2.2.t04882,5.317483692109663,-0.004468438099283614,0.790004142658069,0.9896790066128669,0.993564711532534
nDi.2.2.2.t09522,9.633258443446964,0.008642318850102783,0.7051466731932552,0.9897568279093255,0.993564711532534
nDi.2.2.2.t03870,5.243175421739018,0.007670637439045914,0.8081276019317456,0.9905767146110406,0.9940935550179438
nDi.2.2.2.t00987,63.07106889651891,-0.00275252358405064,0.5197220163623071,0.9915810384180376,0.9945001568114009
nDi.2.2.2.t02201,6.471626709490479,-0.0032750710860190075,0.754035434662183,0.9918614476689179,0.9945001568114009
nDi.2.2.2.t08820,4.525075800769449,0.00718056642576101,0.8141562135506756,0.9918589724388842,0.9945001568114009
nDi.2.2.2.t04493,6.155292940367738,0.006651753669497413,0.7868817732047511,0.9926307189366667,0.9949773636622852
nDi.2.2.2.t00114,25.342805946844766,0.005449238755455177,0.5872345152006284,0.9941427331310064,0.9958267559802192
nDi.2.2.2.t01229,28.480213316554156,-0.0011871281546869162,0.6348016667301477,0.9943588509743521,0.9958267559802192
nDi.2.2.2.t06676,9.68986437534963,0.005772600856570435,0.7160060416171525,0.9942333068077073,0.9958267559802192
nDi.2.2.2.t06712,6.2702246108937825,0.005012224255935477,0.7470097200678478,0.99501173629702655,0.9958925374799393
nDi.2.2.2.t06858,6.796022376750956,-0.0013482842697161064,0.7507782744694704,0.9947545039331005,0.9958925374799393
nDi.2.2.2.t06632,21.297860733948063,0.004125662746128522,0.6045332039021993,0.9964422134069821,0.9970300849193167
nDi.2.2.2.t06795,3.411270805105733,0.002519514080617907,0.8279136553022255,0.9983293167942082,0.998623722372738
nDi.2.2.2.t06096,17.895327330195222,0.001439934113385815,0.6442150582095049,0.9990698326589268,0.9990698326589268
nDi.2.2.2.t00353,3.2388871320525783,-0.1595424519565087,0.8511418561144848,0.7349744777057621,NA
nDi.2.2.2.t00225,3.202021434639824,0.13270815156596402,0.8430200249943888,0.7869650007484269,NA
nDi.2.2.2.t00302.t1,1.6357162654411006,0.4987512909009553,1.1113998425086153,0.2649489767350065,NA
nDi.2.2.2.t00112.t1,2.682571411995496,0.2174875513376635,0.9298369120494193,0.5565742174343127,NA
nDi.2.2.2.t06559,2.3750898582503854,0.8874113302054684,1.4166113333468895,0.08601890605080345,NA
nDi.2.2.2.t00274.t1,2.7216139613934365,0.3643441190755645,0.9483338299188349,0.46336462188999633,NA
nDi.2.2.2.t09460.t1,3.349323480383411,0.018191457184024293,0.848071561795545,0.9712020209512191,NA
nDi.2.2.2.t00805,1.836692664995901,-0.046601102506382545,0.8989322207618836,0.9102326447267198,NA
nDi.2.2.2.t00040,2.0135386495680234,-0.23937173928767372,0.9165910752601324,0.5990660689113645,NA
nDi.2.2.2.t00300,2.8426604554923975,0.6921859749976182,1.1240260251049905,0.1960747907131561,NA
nDi.2.2.2.t00354,0.732296895249198,0.19704782116063646,1.0140249726729196,0.7733189015430124,NA
nDi.2.2.2.t09730.t1,2.394890970099794,0.927306277380054,1.4601096011752235,0.07777364441157511,NA
nDi.2.2.2.t00807.t2,1.429073411175669,0.12090062585941591,0.9503297709716942,0.719090906092835,NA
nDi.2.2.2.t00807.t1,1.745395846425661,0.49601876619270746,1.1207642324378773,0.23222069875926396,NA
nDi.2.2.2.t00138,2.8127261321065182,-0.31074206839250285,0.914924200463473,0.5212327007269073,NA
nDi.2.2.2.t07691,1.1129466523006244,-0.029767251310724174,0.9339320513199643,0.8582502723365742,NA
nDi.2.2.2.t03214,1.0444644008257333,0.36715836516391004,1.0637896440482295,0.36065810927155534,NA
nDi.2.2.2.t00315,2.644766309435327,0.3566081859659888,0.9599435482555749,0.39176797148089476,NA
nDi.2.2.2.t00074.t2,1.5312312277198625,-0.22348969124525161,0.9368853122506754,0.5853223953761202,NA
nDi.2.2.2.t00052,1.6075731901947448,0.07302317842738057,0.915687167770571,0.8960271994747038,NA
nDi.2.2.2.t03213,3.165611555365659,0.8438750537950858,1.222793071654247,0.13926776674512456,NA
nDi.2.2.2.t00198.t1,2.6776110624559775,0.981724079149439,1.5205939704193319,0.07739070166688257,NA
nDi.2.2.2.t00127.t2,1.8670024953294693,0.6093894160336722,1.1791130865774628,0.18339938310997386,NA
nDi.2.2.2.t00128,3.2117824406458335,0.1557545264483624,0.8461539590253191,0.7507988400546719,NA
nDi.2.2.2.t00341,2.035494315425771,0.05197647846637809,0.8888858600778383,0.9363474680879561,NA
nDi.2.2.2.t07975.t1,0.4441976988159914,0.13432845395213733,1.0163813482146309,0.7803399620881208,NA
nDi.2.2.2.t00324,3.1203677892420005,0.14986906535804054,0.8545873770798353,0.7548046708165945,NA
nDi.2.2.2.t00003.t1,1.2123146257214792,0.41789775990764505,1.082287427566045,0.3097213852628,NA
nDi.2.2.2.t00253,1.1828141637897756,0.17779080639318773,0.9561115735138421,0.709710995508273,NA
nDi.2.2.2.t00098,3.2077583313691793,0.017630847373246213,0.8392203950144581,0.9744158297913977,NA
nDi.2.2.2.t00330,2.8927788739530267,0.07047131453442708,0.855746056683457,0.8864067669746558,NA
nDi.2.2.2.t00263.t1,2.6417037356779294,-0.488275528137208,1.011718072333665,0.32093828999927726,NA
nDi.2.2.2.t00118,1.7346817622089996,-0.3110069616152291,0.9693239087854433,0.4781113868949039,NA
nDi.2.2.2.t00297,2.0589947233302057,0.6695927222808675,1.2188309763621594,0.15714928820945087,NA
nDi.2.2.2.t00327.t2,3.014481542797424,0.16317276099642786,0.8885780045653392,0.7121787617764734,NA
nDi.2.2.2.t12957,2.918013288214784,0.9600278964643678,1.3462002875992414,0.10161401788049393,NA
nDi.2.2.2.t00094,1.5920600335889818,0.5094787838793874,1.1213009495751238,0.24256525163742912,NA
nDi.2.2.2.t00188,0.9574355908829326,0.14865921926635736,0.9649406733743194,0.7995697475856742,NA
nDi.2.2.2.t00046,2.9262215758051697,0.26226167788515536,0.8877354268502063,0.6003398597326745,NA
nDi.2.2.2.t02098.t2,1.4864288873881764,-0.1498465144138613,0.9224186651992669,0.6939070353268653,NA
nDi.2.2.2.t16757,1.8667473444847378,0.1621365008208595,0.9127167183059449,0.7323908029715307,NA
nDi.2.2.2.t00164.t1,2.828573778419853,0.5483722290415769,1.0311595986368216,0.2863372585476883,NA
nDi.2.2.2.t02564,3.1222358976941482,0.597777899563434,1.0440626775067299,0.23428278870756217,NA
nDi.2.2.2.t00286.t1,1.9437484750169418,0.6150475657393901,1.1876721035357967,0.16674592706485397,NA
nDi.2.2.2.t00001,3.1339144745315872,0.2712777615579731,0.898669157084805,0.5655861354326575,NA
nDi.2.2.2.t00008,1.0459392383863602,0.1436228682612537,0.9554649777938009,0.7971712738283034,NA
nDi.2.2.2.t00009,2.636561260163902,-0.07518025552412469,0.8596463531916112,0.8734842982419124,NA
nDi.2.2.2.t00034,2.802225152130243,0.6882093309134183,1.129994266426048,0.19598189818676032,NA
nDi.2.2.2.t00039,1.5531641447968831,0.5116091544120849,1.1261680227024162,0.2321066173362324,NA
nDi.2.2.2.t00088,1.788849936354434,0.21276055281507703,0.9403937913024562,0.5838578409720527,NA
nDi.2.2.2.t00089,2.933656516754579,-0.7311715592457629,1.1195059317925622,0.18169320083093213,NA
nDi.2.2.2.t00106,3.338270041555853,1.2550200079267622,1.794342836106418,0.052505616720893156,NA
nDi.2.2.2.t00120,2.3766732792213707,0.25194018451756783,0.9392856977066915,0.5075687885353279,NA
nDi.2.2.2.t00122,1.272491673554588,0.1753080941979173,0.9551755901484068,0.7306207033092766,NA
nDi.2.2.2.t00133,2.4461859403406283,0.6873638477834556,1.2177560459395487,0.1649335506056847,NA
nDi.2.2.2.t00153,1.0876334263303677,-0.08784153966718088,0.9447561018390306,0.7799879319768673,NA
nDi.2.2.2.t00162,1.3368625278447634,0.20266120321956765,0.9556770497612684,0.6861772608799522,NA
nDi.2.2.2.t00170,2.8649086820918974,0.023769599729335286,0.8507656211309998,0.9620020132966542,NA
nDi.2.2.2.t00206,1.902354029248711,-0.0689663084962914,0.8914124567225394,0.8765853193008856,NA
nDi.2.2.2.t00208,3.2781200848589074,-0.583717058757804,0.9826727951807901,0.25902641129746984,NA
nDi.2.2.2.t00213,1.1273096951942898,0.38272787270780034,1.0684193179381356,0.3493623592785803,NA
nDi.2.2.2.t00217,2.435829322804394,0.17441568596521168,0.8859544278605974,0.7288150965829154,NA
nDi.2.2.2.t00218,1.373581912488902,0.4050102043107725,1.0685947699107234,0.3670661035383763,NA
nDi.2.2.2.t00221,1.1902865018837814,0.09864220872202976,0.9365482018121549,0.920344598900561,NA
nDi.2.2.2.t00224,1.944622194363974,0.40392996772454126,0.9966944093938263,0.3951550351260958,NA
nDi.2.2.2.t00248,2.7580501839820974,0.024866813716606855,0.8548669847440908,0.9600255289905358,NA
nDi.2.2.2.t00267,2.39716064986553,0.15926917982471184,0.8879501451219192,0.7508505923424623,NA
nDi.2.2.2.t00268,3.204626697071216,-0.6723836548014064,1.0195556446074667,0.2144676879996441,NA
nDi.2.2.2.t00277,1.010852675565106,-0.06259008139266536,0.9461623307907688,0.8036525073805687,NA
nDi.2.2.2.t00290,3.0174586583495717,0.2492088931466963,0.8808850130425355,0.6191120101899511,NA
nDi.2.2.2.t00298,2.5457497775536315,-0.07912089741834179,0.8711553208761154,0.860706288650195,NA
nDi.2.2.2.t00304,2.6763428262342464,0.2424127533442969,0.8971254173280212,0.628884289929178,NA
nDi.2.2.2.t00310,2.280978065535247,0.2866404412144322,0.9246694239379706,0.5583661418231489,NA
nDi.2.2.2.t00314,2.166079006425628,-0.17930964480659278,0.8904144083543032,0.7026375699342629,NA
nDi.2.2.2.t00347,3.1368845124466733,0.1419621252575333,0.8791676743079759,0.7514077803070022,NA
nDi.2.2.2.t00356,1.2392989677900959,0.41588709177849204,1.0796927606870428,0.31991249236454466,NA
nDi.2.2.2.t00384,2.411670030502769,0.06838466677661584,0.8858746281326235,0.8759327314940726,NA
nDi.2.2.2.t00386,2.842348030370838,-0.13334128655577937,0.8701651015375285,0.7673162548092056,NA
nDi.2.2.2.t00387,3.3568651687786426,1.0819094167360213,1.5693393298813145,0.07248518604376163,NA
nDi.2.2.2.t00390,0.7069553456729577,0.03612431314806996,0.9677326044636517,0.9899105702613183,NA
nDi.2.2.2.t00391,0.960145757335203,0.09236328494524129,0.9625587065235311,0.8591875059332363,NA
nDi.2.2.2.t00392,1.5806714893034868,0.10508893200702933,0.9169654405497646,0.8316948924284046,NA
nDi.2.2.2.t00393,2.1845258226342588,0.2725662263076519,0.9472659014900344,0.4812918245548584,NA
nDi.2.2.2.t00395,2.068612834595571,-0.036926759632334306,0.8962906358435038,0.9283785226783482,NA
nDi.2.2.2.t00411,2.4873212885042255,0.3051750104157808,0.9523716974013062,0.43887223653705065,NA
nDi.2.2.2.t00420,1.8111771685402538,0.6189993466171357,1.1890440079892142,0.17030781558759958,NA
nDi.2.2.2.t00424,2.5765331265550713,0.5437592475122438,1.0527289302231173,0.26928289682497214,NA
nDi.2.2.2.t00436,2.508495404748485,0.23288002704801475,0.9002446208342828,0.6302676912171465,NA
nDi.2.2.2.t00439,1.236201353618509,0.4219754648040595,1.0834730256131204,0.30795344469944375,NA
nDi.2.2.2.t00440,3.225410154837409,0.3011750983849084,0.8944490663113509,0.5537707473401147,NA
nDi.2.2.2.t00441,2.6633612988804907,0.03737268376953415,0.8857688724460391,0.9294870016496609,NA
nDi.2.2.2.t00448,3.0556313887800974,0.10657527787648469,0.8544375674322235,0.8247176164417092,NA
nDi.2.2.2.t00462,1.1656469036669854,0.39227503182846923,1.0723092802845149,0.337088014504539,NA
nDi.2.2.2.t00469,3.2440196749778454,0.3631061039197944,0.9199731138050967,0.47692690946085803,NA
nDi.2.2.2.t00471,1.7934589642326655,-0.09470783231244366,0.9011234334583228,0.8146204195916705,NA
nDi.2.2.2.t00472,2.549668987963555,-0.04973538028828161,0.8641753055568943,0.9092563304510437,NA
nDi.2.2.2.t00478,3.27407276548433,0.05928524585433896,0.845768943025,0.9026055411363176,NA
nDi.2.2.2.t00479,2.508364924022072,0.18859276056999852,0.8864220192623367,0.6831833664832929,NA
nDi.2.2.2.t00483,2.9979517859077283,-0.5928934104780795,0.9908833783314457,0.25879351957895336,NA
nDi.2.2.2.t00486,1.5595390170996395,0.5187350445151382,1.1292059519539746,0.22913237361393002,NA
nDi.2.2.2.t00488,2.113773036690479,0.28976476448715954,0.9466049444954521,0.5167002419177833,NA
nDi.2.2.2.t00489,3.3598275716063553,0.4977917848353716,0.9532122644838095,0.3321059782512733,NA
nDi.2.2.2.t00490,1.4169115722057617,0.43023080903937766,1.0804129681348211,0.32689071232560224,NA
nDi.2.2.2.t00501,1.6239395082348085,0.5326288625751625,1.1345764850262803,0.22387737207511157,NA
nDi.2.2.2.t00511,1.3970207024812384,0.23271427137925946,0.9628485749052216,0.6110255987148825,NA
nDi.2.2.2.t00515,3.310851755548275,1.2608903607238626,1.806701443369805,0.051600415168974366,NA
nDi.2.2.2.t00520,1.1081482046671325,0.37419568388947866,1.0649334024939985,0.36160751328338,NA
nDi.2.2.2.t00535,1.0356554398229771,0.3549961877125371,1.0581582479767946,0.3840201269097932,NA
nDi.2.2.2.t00540,3.357967697109761,0.6168728481580468,1.0355797574951586,0.25373813895187486,NA
nDi.2.2.2.t00567,2.2825954332523395,-0.06385052413820698,0.8793273753071417,0.8845902833921633,NA
nDi.2.2.2.t00568,1.421007744683092,0.457607166987539,1.0976506655732454,0.2789617269417356,NA
nDi.2.2.2.t00576,3.193022306310078,-0.04112026054335401,0.8475243913752357,0.9288798529167369,NA
nDi.2.2.2.t00594,3.1730735276587723,0.8184924728059344,1.3163568093718534,0.12143986125821953,NA
nDi.2.2.2.t00602,2.028229025625936,-0.08827666321566331,0.8885848917857122,0.8438777201126283,NA
nDi.2.2.2.t00605,1.230259904523667,0.1957727380452069,0.9576593370390951,0.6781531683344237,NA
nDi.2.2.2.t00606,2.916881126666736,0.15576497228095484,0.860525701748889,0.7535665930241434,NA
nDi.2.2.2.t00613,1.4180052305411817,0.44930415710944366,1.0930630409345254,0.29207243833547825,NA
nDi.2.2.2.t00614,1.399405383427886,-0.4675506335112588,1.071825573622215,0.272611963614486,NA
nDi.2.2.2.t00618,3.3492561349737073,0.15666042843119904,0.8472457999309164,0.7477427563289576,NA
nDi.2.2.2.t00619,2.013550554395444,0.14961177590011518,0.927427605953235,0.7584037780294278,NA
nDi.2.2.2.t00621,1.1761902345519877,0.40030322556975534,1.0744471480382263,0.3321441241441936,NA
nDi.2.2.2.t00628,1.1475416951608826,0.3786693005180456,1.0660414591846188,0.3559510309027562,NA
nDi.2.2.2.t00633,2.5513931658103943,-0.5716826386825895,1.0851567484166356,0.20409650841804655,NA
nDi.2.2.2.t00637,2.716386108545809,0.4945538839889411,1.0348574566828206,0.29557359421867957,NA
nDi.2.2.2.t00641,1.3596981847861433,0.006983045120697734,0.9186412660975637,0.9855839003585918,NA
nDi.2.2.2.t00654,2.264134144579045,-0.03959113946936619,0.8782591191498614,0.9294779730397162,NA
nDi.2.2.2.t00656,1.8240145945996122,0.573580700332382,1.1648961567594247,0.18250175536231736,NA
nDi.2.2.2.t00659,2.4135309811886207,0.7915012157034222,1.3146103253186945,0.11540510890416578,NA
nDi.2.2.2.t00664,2.718701806681299,0.07456275253829789,0.8604503183889772,0.8830140501474397,NA
nDi.2.2.2.t00675,1.3021646032736565,0.26058200979951107,0.977682133536522,0.6083001395957053,NA
nDi.2.2.2.t00676,2.727406255180114,-0.09759677347134654,0.8591566671382646,0.8370256219202723,NA
nDi.2.2.2.t00678,2.8495472655893024,1.1323507261390653,1.6938762568671204,0.05588179984740435,NA
nDi.2.2.2.t00686,0.706749510568626,0.23665576142263756,1.0266444402992279,0.5868182112113739,NA
nDi.2.2.2.t00691,2.703353863751339,-0.7967207977638839,1.1829202631253972,0.14426445307009347,NA
nDi.2.2.2.t00692,0.9932204836359941,0.31897172809555935,1.0450308169764067,0.4481900452075872,NA
nDi.2.2.2.t00703,2.1641829041917635,0.4569626975585105,1.0148827828097562,0.35307274754617196,NA
nDi.2.2.2.t00728,3.1032287816528785,-0.6351726225393924,1.0810044077720211,0.2258629322813493,NA
nDi.2.2.2.t00753,1.7290015475976226,0.04253201621606111,0.9436798327399766,0.8558910653615136,NA
nDi.2.2.2.t00760,1.8156657527186395,-0.4414526132760052,1.0245796742528919,0.3326212157610318,NA
nDi.2.2.2.t00768,2.7340077708270836,0.10289393853095245,0.8730212989034407,0.8234226923358261,NA
nDi.2.2.2.t00769,2.1171934630178932,-0.1678926433274893,0.8921633994556838,0.7094523323728289,NA
nDi.2.2.2.t00772,3.336894636185335,0.8260714340038494,1.2033689995633299,0.1470513841446275,NA
nDi.2.2.2.t00773,2.5969154847192994,0.0421039641653409,0.8615796669722683,0.9326102220798009,NA
nDi.2.2.2.t00782,0.8798651802604049,0.287343443777531,1.0358038200276038,0.5087828956270848,NA
nDi.2.2.2.t00785,3.2736571744024268,-0.5917416334058854,0.9746849336455354,0.26628062728405866,NA
nDi.2.2.2.t00787,1.0207282110743907,0.13577665834214184,0.955345795202377,0.7857436465835879,NA
nDi.2.2.2.t00789,2.0047492543998304,0.3882451497444596,0.9917724046929846,0.4251165327250105,NA
nDi.2.2.2.t00795,3.245444014229581,0.849093671751718,1.2432093178849901,0.1403473621685996,NA
nDi.2.2.2.t00796,1.5564252194669872,0.06211792800205332,0.9164437967442348,0.9266295445497577,NA
nDi.2.2.2.t00803,2.7324274438115173,-0.23279549799793073,0.8942783456755177,0.6203116626302525,NA
nDi.2.2.2.t00804,2.0721757558398277,-0.023367588749537257,0.8874312754166034,0.9483001425870632,NA
nDi.2.2.2.t00818,2.6628716286205347,0.5358220386902993,1.074950707007139,0.26200687439714504,NA
nDi.2.2.2.t00834,1.1621357648552275,-0.2629215290771944,0.9815675919917887,0.49981048010718077,NA
nDi.2.2.2.t00835,2.80408901228414,0.08216063241352896,0.8582925748224598,0.8754627164353767,NA
nDi.2.2.2.t00845,2.772460478851845,-0.2949451771173898,0.8895260067281672,0.5542893544092107,NA
nDi.2.2.2.t00846,1.7740269806540017,0.4906605241845978,1.1075765901584769,0.27239695170675005,NA
nDi.2.2.2.t00849,1.2434084445979745,0.2522301266172916,0.9767584801958282,0.6167879272837313,NA
nDi.2.2.2.t00851,3.1373551912283286,-0.03945658338169683,0.8395562533679498,0.9337459317819504,NA
nDi.2.2.2.t00853,2.5906275100593925,-0.6156181946117363,1.0792801558226184,0.21271419105213768,NA
nDi.2.2.2.t00860,1.8014168000050512,0.589791568811954,1.1683595089544587,0.18872088942046158,NA
nDi.2.2.2.t00866,2.142802712871175,0.4840884225895595,1.0408248638990154,0.3358910655536787,NA
nDi.2.2.2.t00892,1.362073643073428,0.44253139752306,1.0908469466837518,0.2928099048364525,NA
nDi.2.2.2.t00895,2.9055791782582623,-0.2750636687400478,0.8858154288048475,0.5641178433285772,NA
nDi.2.2.2.t00900,3.34738149339245,-0.7579840650125397,1.0869239188503366,0.1659768971189247,NA
nDi.2.2.2.t00904,1.3494742810276923,-0.428293648186536,1.050301528661173,0.30808193711235426,NA
nDi.2.2.2.t00907,2.0379652355789455,0.0012874485745859904,0.8900632573533899,0.9995181832271235,NA
nDi.2.2.2.t00910,1.3345349131267417,-0.02803889162138426,0.9196191783388206,0.9027765252286316,NA
nDi.2.2.2.t00914,3.155971830067879,-0.025787855631219377,0.8444568010188371,0.9550442586874217,NA
nDi.2.2.2.t00916,2.9865826459941216,0.057237836472862604,0.8517135437990394,0.908806132351892,NA
nDi.2.2.2.t00917,2.716715010241117,-0.029475733100011572,0.8608207824886759,0.94636780495184,NA
nDi.2.2.2.t00919,2.530191565450302,-0.08283125421803454,0.8711343223395895,0.8525004369650512,NA
nDi.2.2.2.t00924,2.6384061623652855,0.3875823064178658,0.9542614466030245,0.43858885648179513,NA
nDi.2.2.2.t00926,1.1529513306398553,0.3997604333565163,1.076213637707066,0.3234213855817954,NA
nDi.2.2.2.t00939,1.4918707180342201,0.4591787094084341,1.0937705437304008,0.29832559681921406,NA
nDi.2.2.2.t00944,2.546386678135179,0.9534349650754829,1.4884568931848152,0.07315907594930283,NA
nDi.2.2.2.t00947,1.2800699279923418,0.02210235372355691,0.9269280951628084,0.9732367943223851,NA
nDi.2.2.2.t00948,2.5444599132712633,0.9097600725816315,1.427792283840693,0.08669908879111803,NA
nDi.2.2.2.t00950,2.4618495010291177,0.52374699233306,1.036039102084543,0.2959194230982774,NA
nDi.2.2.2.t00958,1.4508069443921057,-0.07951128992213741,0.9177246831995082,0.8004327958703215,NA
nDi.2.2.2.t00961,0.8351811177625142,0.2398143433350211,1.0328372418025829,0.5145286157174345,NA
nDi.2.2.2.t00962,1.7402846869365511,0.14715390068625167,0.9137527671243074,0.7700930749486543,NA
nDi.2.2.2.t00966,3.0672212315000222,0.7292371167726881,1.1304535441070016,0.18400581466854618,NA
nDi.2.2.2.t00968,1.2805392563300948,0.39344515354549686,1.0696368531577898,0.35303832724658607,NA
nDi.2.2.2.t00972,1.1979497429736452,0.3799151970713721,1.0634077980055225,0.37347236279176127,NA
nDi.2.2.2.t00980,1.3256266449554162,0.4195503041183314,1.079993683653336,0.32275893520166493,NA
nDi.2.2.2.t00985,3.1913506833230976,-0.4124960583484864,0.9042263748659678,0.4139487874217058,NA
nDi.2.2.2.t00995,2.5378530608871426,0.5767199036304285,1.0627129264967576,0.25661194767515305,NA
nDi.2.2.2.t01009,1.8758678228925618,0.41899137483092713,1.016198394417986,0.39809500698089784,NA
nDi.2.2.2.t01033,2.2733811494335887,-0.014332420174191467,0.8930377267009763,0.9709819760146599,NA
nDi.2.2.2.t01043,2.0602910750302628,-0.09297836354410918,0.8972796038415671,0.8268182073021122,NA
nDi.2.2.2.t01045,3.327175530367225,1.1917689911234146,1.71066500805794,0.05826245788929397,NA
nDi.2.2.2.t01047,3.329379863247131,-0.30946234344064755,0.8866213235936569,0.5125481231203267,NA
nDi.2.2.2.t01052,3.175685022092211,0.7901915654176738,1.176873939960965,0.15929409732868213,NA
nDi.2.2.2.t01053,2.830203009966603,0.4184796608371923,0.9546946904605,0.41354712561995843,NA
nDi.2.2.2.t01054,3.2203062992981093,0.8098025843830708,1.185140327012517,0.15316732822348433,NA
nDi.2.2.2.t01062,1.8428580557901617,-0.24112197924421655,0.9222143296997124,0.597353755757716,NA
nDi.2.2.2.t01067,2.0156360099281323,0.24767690893144237,0.9279263312252495,0.61781171534577894,NA
nDi.2.2.2.t01069,1.1710620458350176,-0.03940633351392381,0.9287108835337997,0.879952333036856,NA
nDi.2.2.2.t01074,3.108129805138046,0.24240696596421726,0.8796471484193857,0.6241395551107005,NA
nDi.2.2.2.t01075,2.9262172178075314,0.7081546574132234,1.1626721119960064,0.1826927848088827,NA
nDi.2.2.2.t01078,2.1775069619079024,0.274161639692515,0.928296067281663,0.581924822495602,NA
nDi.2.2.2.t01085,2.5610973439467823,0.23445406046330566,0.900122760324073,0.609621869079843,NA
nDi.2.2.2.t01089,2.113579897076944,-0.10243568047393183,0.8836458539814387,0.8125578081362044,NA
nDi.2.2.2.t01099,2.730913465806933,-0.2609992930583961,0.8860853803121872,0.5916739928721138,NA
nDi.2.2.2.t01101,2.6535313836323837,0.25330398001617854,0.9108809253103574,0.6076175710671932,NA
nDi.2.2.2.t01102,1.3778164037250047,0.43682517191867076,1.0855121322846482,0.3118427682780904,NA
nDi.2.2.2.t01105,1.2555296798059397,-0.0013405003039965518,0.9245992041225017,0.9052279291962007,NA
nDi.2.2.2.t01108,0.969874079287428,0.31509327821415717,1.0432185736925548,0.46124838969454607,NA
nDi.2.2.2.t01109,1.4241627899979012,0.06899995641639851,0.918067624850202,0.9158721680490376,NA
nDi.2.2.2.t01114,3.12255690652493,-1.3171137373663273,1.5958911745171178,0.059191248263895796,NA
nDi.2.2.2.t01116,0.8282107449396077,0.281720784714726,1.0376601501027878,0.4896444332649521,NA
nDi.2.2.2.t01120,2.3326540884182636,0.2967247920889558,0.9275637728012099,0.5511654843925097,NA
nDi.2.2.2.t01121,2.3246436207810213,0.47834681848379096,1.0212231031448797,0.3273356997444624,NA
nDi.2.2.2.t01124,1.8992805518879712,-0.060281044077668676,0.8975764231837016,0.8866859837459109,NA
nDi.2.2.2.t01127,1.6878724837144194,0.35852772929197607,0.9983827103193214,0.4697394878886538,NA
nDi.2.2.2.t01129,2.8549501126491403,0.38455993255665566,0.9713168287109407,0.3502805294181737,NA
nDi.2.2.2.t01146,1.4911656870764514,0.47850536549548156,1.1163835586604436,0.23507208924422468,NA
nDi.2.2.2.t01157,2.2872522186440123,0.149603238929874,0.8916805088890164,0.7376268603407801,NA
nDi.2.2.2.t01166,1.3972664913145174,0.2345142309553362,0.9629245523742392,0.6281641435509312,NA
nDi.2.2.2.t01168,2.4718686982160336,0.5912805063612767,1.0735777059350256,0.24195993486939402,NA
nDi.2.2.2.t01169,1.335483415395649,0.42169707355256886,1.0876246528929325,0.29144132050996063,NA
nDi.2.2.2.t01195,3.1068291974152564,1.1373951653384566,1.6600845494726162,0.061257992070811874,NA
nDi.2.2.2.t01203,3.080986519029559,0.46795056772715005,0.9684437844974596,0.3631637532956967,NA
nDi.2.2.2.t01207,2.1064938409459515,0.09094811997936422,0.8866362260422489,0.8692126877231099,NA
nDi.2.2.2.t01216,1.3089766943139247,0.08468723604171938,0.9297534522991662,0.9421435225813929,NA
nDi.2.2.2.t01228,2.130245913206225,0.7553226113538364,1.2926813708137304,0.117719638833762,NA
nDi.2.2.2.t01239,1.3561604262428406,0.08621839818082297,0.9312003082516617,0.9099577064306095,NA
nDi.2.2.2.t01243,1.1170770234133058,0.3764169049545789,1.067013200994108,0.34664909830298946,NA
nDi.2.2.2.t01247,2.842478009556067,0.3807163782745145,0.9728681951523325,0.3619039783542793,NA
nDi.2.2.2.t01250,0.6988756260842106,0.2307212712990932,1.025437127750231,0.600398547848805,NA
nDi.2.2.2.t01253,1.0360697876717757,0.3267189722980862,1.0498352124022223,0.4216608989776313,NA
nDi.2.2.2.t01262,2.512276460416195,-0.1033917132355358,0.8934475661402068,0.8044186512749562,NA
nDi.2.2.2.t01263,0.9120866621736907,0.29964945571109664,1.0425341206673273,0.4580979475787897,NA
nDi.2.2.2.t01268,1.1419174549041513,0.38764921556276555,1.0709327748063666,0.33600044536654305,NA
nDi.2.2.2.t01269,0.9967363238421902,0.3399342685178094,1.0526814381015717,0.4087020247025722,NA
nDi.2.2.2.t01272,0.7361096867642715,0.26189089893580236,1.0333980606396422,0.5187500620350789,NA
nDi.2.2.2.t01273,2.139523981453934,0.7429773648845623,1.2789371159580663,0.12428358986575538,NA
nDi.2.2.2.t01299,1.1347389353256279,-0.007194045842200496,0.952088767264308,0.9932664204275705,NA
nDi.2.2.2.t01302,1.4372168713500204,0.020349579887158915,0.915328985458851,0.9731745076037049,NA
nDi.2.2.2.t01323,2.5285860800887643,0.5890810406560147,1.0711111343539699,0.24985706700101576,NA
nDi.2.2.2.t01328,1.7974462794984305,0.6462080538471141,1.2139528893753435,0.14950843998502014,NA
nDi.2.2.2.t01329,3.288656228884327,-0.07453163520252525,0.8375667083990235,0.8781611576723745,NA
nDi.2.2.2.t01332,2.212962969854665,0.705200267697039,1.2439619038554457,0.14170041566024943,NA
nDi.2.2.2.t01338,0.9714022590133669,-0.05620788677036968,0.9478390039568343,0.8268358734727417,NA
nDi.2.2.2.t01341,2.4546728438513337,-0.18868196163796633,0.8820449640974286,0.6932825043222282,NA
nDi.2.2.2.t01343,1.3909096396172496,0.10104468506255046,0.9296358792378131,0.9093634698286025,NA
nDi.2.2.2.t01359,2.5248825817517417,-0.24959885507081733,0.9002699780933151,0.5820486106268414,NA
nDi.2.2.2.t01370,2.0261036594172968,-0.1989587169603526,0.9073932417864425,0.6643009600110925,NA
nDi.2.2.2.t01380,3.0299135620656585,0.06996582354420941,0.8827371912231717,0.8734870674551156,NA
nDi.2.2.2.t01400,3.1452911341195176,-0.10143198014921635,0.8481866251823792,0.8352634302809057,NA
nDi.2.2.2.t01401,1.6149292524005023,0.2887431833426252,0.975350953436917,0.5208476637931235,NA
nDi.2.2.2.t01402,1.5279217849122595,0.008765215728212369,0.9125676062376955,0.9879275099976735,NA
nDi.2.2.2.t01406,1.102069679201325,0.17228695442971298,0.960607773811377,0.7588030467694238,NA
nDi.2.2.2.t01407,1.4507911923081618,0.22252974413533236,0.9616159251813006,0.6337622461180394,NA
nDi.2.2.2.t01410,1.4596642211357391,0.1726956916682493,0.9439258850928737,0.7638698939516346,NA
nDi.2.2.2.t01411,3.2872141237924914,-0.5668289170805525,0.964087207444171,0.2828121386884928,NA
nDi.2.2.2.t01416,2.644287710360578,-1.077951259444089,1.4550720564856297,0.07595883365989202,NA
nDi.2.2.2.t01420,3.1631124495654435,0.06693170364590269,0.8459513251089799,0.8897372389180124,NA
nDi.2.2.2.t01435,1.9733892193537697,0.6193542667466421,1.181569601526536,0.1826567972938703,NA
nDi.2.2.2.t01445,0.9913636315076665,0.3245514888279952,1.0470012289552355,0.43734231914190497,NA
nDi.2.2.2.t01448,2.155345588990153,-0.13868924781386988,0.885967655397675,0.7632976424110446,NA
nDi.2.2.2.t01457,2.2076049913597893,-0.23030914887230008,0.899175345826449,0.6132146301326161,NA
nDi.2.2.2.t01458,3.0432339894261515,0.13141079697893285,0.8857770973545405,0.7651603842562283,NA
nDi.2.2.2.t01463,2.20308345168676,0.357348285279637,0.9812010075923728,0.421281854180244,NA
nDi.2.2.2.t01464,2.1618510041176773,0.48652673718567663,1.0470495511738853,0.32890950200102653,NA
nDi.2.2.2.t01465,2.9443988985400487,-0.0460470852463037,0.8512809566546125,0.9216811469763464,NA
nDi.2.2.2.t01467,1.3636633636035813,-0.033478555516508884,0.9183039454262047,0.9104641231247323,NA
nDi.2.2.2.t01468,1.983260314700301,0.46754830362188204,1.0424386175416633,0.3358246714269045,NA
nDi.2.2.2.t01469,2.6952600868070067,0.40680478145842935,0.9661063908941077,0.42058572710309045,NA
nDi.2.2.2.t01476,0.9948344950263819,0.12927356775166032,0.9604185604061538,0.8533539505315079,NA
nDi.2.2.2.t01479,1.8525379834766103,0.1703357704948036,0.9137546375092837,0.7375071763580576,NA
nDi.2.2.2.t01481,1.8164858370477475,0.589758994442138,1.1668347010169542,0.18803926543898963,NA
nDi.2.2.2.t01483,2.114245336343336,-0.03790952488102389,0.8824402427406366,0.9241914497811008,NA
nDi.2.2.2.t01485,2.795379741414011,-0.09488417185037665,0.8480314998575406,0.8401163619794069,NA
nDi.2.2.2.t01497,2.4901876879845366,0.9585072161618171,1.4891197424084932,0.07476091712935612,NA
nDi.2.2.2.t01499,0.6918379504439649,0.20557848113678415,1.026372385850367,0.5803891373428707,NA
nDi.2.2.2.t01501,2.3899859912595995,0.6353605953412311,1.1124425949550043,0.21459568966265352,NA
nDi.2.2.2.t01503,1.2960794025853022,0.39742057549741283,1.074376518242666,0.32699439872958963,NA
nDi.2.2.2.t01509,3.0510756529083225,0.8753392844113426,1.2677542614594857,0.1270824666571999,NA
nDi.2.2.2.t01514,1.5960740297979452,0.4559031801935849,1.0992573722018888,0.27023272813550775,NA
nDi.2.2.2.t01523,2.7447201327197734,0.7057434619634895,1.1572117065025602,0.18437561942564504,NA
nDi.2.2.2.t01524,2.286108776600169,0.5144317654029177,1.0531456233158625,0.2967705940112628,NA
nDi.2.2.2.t01526,2.1293352426012917,0.18931322472902887,0.9053218575633349,0.695090641440155,NA
nDi.2.2.2.t01538,2.4137757649883262,-0.26887807647603523,0.9115293365170652,0.5485197086335385,NA
nDi.2.2.2.t01550,3.3211521736853964,1.0525106141397165,1.5410571420219692,0.07553109975248888,NA
nDi.2.2.2.t01551,1.6861701140671588,0.31337644044186613,0.9716509668800043,0.5042985807554689,NA
nDi.2.2.2.t01560,1.8065214036333075,0.5681867488639221,1.1628365649241803,0.18659211440827767,NA
nDi.2.2.2.t01563,2.957612741101708,-0.23019327147466784,0.8916737222443604,0.6063635909201098,NA
nDi.2.2.2.t01570,2.5623581399389326,0.1126882320876086,0.8735038736098267,0.834973065737841,NA
nDi.2.2.2.t01589,2.5322708472519677,0.3629271981528796,0.9629513115216801,0.3979119213154766,NA
nDi.2.2.2.t01602,1.6043054981264528,0.1668444374244599,0.9383076809485882,0.6493792387044591,NA
nDi.2.2.2.t01603,1.439378075279304,-0.12742693757050025,0.9188767835307577,0.7304849265352864,NA
nDi.2.2.2.t01606,3.0838396675942987,-0.11383680399005676,0.8485583831241369,0.814783670913537,NA
nDi.2.2.2.t01607,3.1642756659539275,0.06915917717851329,0.8467834903344698,0.8908651234022593,NA
nDi.2.2.2.t01611,2.3736612658372236,0.8324792940213137,1.3542076387153323,0.10196544959587527,NA
nDi.2.2.2.t01620,1.5463048224664389,-0.10154167732054231,0.9123576725196257,0.7606253583326389,NA
nDi.2.2.2.t01624,2.3561539706684993,0.44825732858859013,1.007332804504517,0.34865602869282647,NA
nDi.2.2.2.t01635,3.0315452091833297,0.7512042338628752,1.1623106148168478,0.17149151674368868,NA
nDi.2.2.2.t01640,3.282862591539169,0.5633188783949324,1.0259464222113488,0.24911872688121992,NA
nDi.2.2.2.t01641,1.386974857713347,0.23258161736194932,0.9632201779481452,0.6346310089587803,NA
nDi.2.2.2.t01651,2.477411815789977,0.3281008053484675,0.9296580519758566,0.5059901440498885,NA
nDi.2.2.2.t01653,1.5180151481598725,0.05075654354142676,0.9174716710348174,0.9411471309199222,NA
nDi.2.2.2.t01657,2.304240672308916,0.18093157584443664,0.8905084130767953,0.69484152186077,NA
nDi.2.2.2.t01658,2.427344066351381,0.7741340644359455,1.2923601751588951,0.12490851440987488,NA
nDi.2.2.2.t01659,2.5341025583546704,0.3157661538684391,0.92728357889573,0.5163755479598782,NA
nDi.2.2.2.t01660,2.647065744201009,0.2099682650264067,0.8853386201649688,0.6734524127048755,NA
nDi.2.2.2.t01662,2.2005476835180486,0.22543439282372266,0.9249163410962049,0.6267489046072938,NA
nDi.2.2.2.t01664,2.121312624014327,-0.45905639204009213,0.9958086117930589,0.34203226810702286,NA
nDi.2.2.2.t01666,2.1258106228652642,0.4551306979772349,1.0171862514088321,0.35147738744970247,NA
nDi.2.2.2.t01668,1.189391610489629,0.3779185875323473,1.0623433844950614,0.37858099326535843,NA
nDi.2.2.2.t01669,1.7113818954145898,0.5277552388588844,1.1296933463233687,0.23441637634336115,NA
nDi.2.2.2.t01671,2.8773210488343253,0.26035265058620916,0.889664779404412,0.6012296430872578,NA
nDi.2.2.2.t01677,3.110065775905995,-0.050826980802181024,0.8655350320503111,0.9064652810312941,NA
nDi.2.2.2.t01679,1.1721405541291503,0.41083327583820156,1.0812043258055488,0.30912003182344777,NA
nDi.2.2.2.t01680,2.6735537977163,0.17411536474610292,0.8809858479040873,0.7190019454217361,NA
nDi.2.2.2.t01684,1.7219798636346533,0.5523747735279104,1.1430240664414524,0.21938314921825483,NA
nDi.2.2.2.t01686,2.0856841679808333,-0.06782407395830221,0.8849150537515459,0.8793742525596004,NA
nDi.2.2.2.t01702,1.5937560417265275,0.4577094656813573,1.0981855119996444,0.2767673612817806,NA
nDi.2.2.2.t01703,2.360743894710547,0.2931180968420612,0.946039196893352,0.46696684749950873,NA
nDi.2.2.2.t01705,1.2461810051043296,0.17263700454774258,0.9534370155507387,0.7230759258720805,NA
nDi.2.2.2.t01712,1.01678538436775,0.2797231124821579,1.034076549777041,0.5244609899210073,NA
nDi.2.2.2.t01713,1.7316181137021909,0.07674544849152327,0.9277617621479272,0.810721163636285,NA
nDi.2.2.2.t01718,2.6418530949262604,-0.7957897653369521,1.1804115805922322,0.15061140483021518,NA
nDi.2.2.2.t01721,2.5801677662413818,0.1853720155860329,0.8844773965769037,0.6879843882461623,NA
nDi.2.2.2.t01723,1.549480046454701,0.5070177269470667,1.121053659992245,0.24151906215235466,NA
nDi.2.2.2.t01725,2.317138725782401,0.5034217777145293,1.0336686918634086,0.3121254388831483,NA
nDi.2.2.2.t01738,2.7871506991497,-0.2078546849265241,0.8677850427341364,0.6600943021058803,NA
nDi.2.2.2.t01750,1.1795230476399812,-0.011079320783393137,0.9282795091305795,0.9216004253826048,NA
nDi.2.2.2.t01753,3.1374822193000393,0.027824550395236698,0.8523116241177459,0.9545899322817701,NA
nDi.2.2.2.t01754,2.3874987756755317,0.26283619321461005,0.9354278937274009,0.5200262456633702,NA
nDi.2.2.2.t01756,1.9022382585409623,0.21278726932671488,0.9227402047806819,0.6750065028799057,NA
nDi.2.2.2.t01759,2.020766131904597,-0.21363584755147602,0.9084714356247591,0.6292785926026266,NA
nDi.2.2.2.t01770,1.9787622261564282,0.21865065982349605,0.9396281304107456,0.5784036164381743,NA
nDi.2.2.2.t01777,3.321285401072806,-0.8701789281091049,1.1415120917525754,0.1346575231912549,NA
nDi.2.2.2.t01810,2.033371057091843,0.40765111043181246,0.9954027653742519,0.3951236410336554,NA
nDi.2.2.2.t01811,1.1438091542468432,0.39329098054664785,1.0729262256153387,0.3343561912235663,NA
nDi.2.2.2.t01813,2.3344409140112448,-1.2631870284592956,1.9509213741535678,0.04167650745628129,NA
nDi.2.2.2.t01816,1.2654250055645637,-0.09629007262627164,0.9295437388744746,0.7811972372450473,NA
nDi.2.2.2.t01821,2.034816410020775,-0.4550741155787923,0.993331891145692,0.3395704672636987,NA
nDi.2.2.2.t01826,1.022553768367634,0.11693477273855261,0.9525840983781595,0.8362353107344285,NA
nDi.2.2.2.t01828,1.8686611387679066,0.4306213029805898,1.023357416306962,0.37963231454969676,NA
nDi.2.2.2.t01829,0.7934601622345314,0.2596605229346932,1.0297621737144087,0.5579843658741086,NA
nDi.2.2.2.t01830,0.8459555158754506,0.2756819398123323,1.0354715790163442,0.5074304287642466,NA
nDi.2.2.2.t01833,3.2745619198232583,-0.4235313013686938,0.9624654310662684,0.34570324028811766,NA
nDi.2.2.2.t01843,0.9263544652240827,0.3073926494969702,1.042336725270706,0.46471652824472964,NA
nDi.2.2.2.t01844,2.578828339349326,0.2569418644282976,0.9048772539066307,0.5974140072369458,NA
nDi.2.2.2.t01845,1.7948780279949499,0.158214682055829,0.9132345602363457,0.7407224415353992,NA
nDi.2.2.2.t01857,1.5623800896609088,0.3103211419263376,0.9765743842803106,0.5013855856205025,NA
nDi.2.2.2.t01865,0.9039497694989351,0.298231078956747,1.038987038987716,0.48614578863109953,NA
nDi.2.2.2.t01867,1.6956960897246431,0.329272772387945,0.9798172691291941,0.49180764781933334,NA
nDi.2.2.2.t01871,2.6758235675273996,-0.25263533940356314,0.8878926017499698,0.6048900508781769,NA
nDi.2.2.2.t01878,2.8857544146318572,0.4600215657057873,0.9697484238537731,0.3684378048677689,NA
nDi.2.2.2.t01928,1.8010939344767558,0.20950712236074454,0.9374543980904542,0.596137772466475,NA
nDi.2.2.2.t01931,1.5456613602537659,0.4585565172497134,1.0966464947304169,0.28592108607196903,NA
nDi.2.2.2.t01934,0.8130176741530116,0.27912581171634987,1.0356378143295544,0.5057440003951277,NA
nDi.2.2.2.t01935,2.8901202173903555,0.17578957251194052,0.8812357533203448,0.7006380656474602,NA
nDi.2.2.2.t01943,1.9115346497378434,0.39925017072046426,0.9953144631431746,0.39920284702054526,NA
nDi.2.2.2.t01944,1.0833024187490254,-0.033480891536905366,0.9339300751702618,0.8580780474640658,NA
nDi.2.2.2.t01947,3.0727379400456076,-0.15042073334771175,0.8900035678458129,0.7303338918573905,NA
nDi.2.2.2.t01950,2.397522808594185,-0.06882685971180928,0.8648605126376746,0.8793303261350668,NA
nDi.2.2.2.t01963,2.3468970028576885,0.14701953615092278,0.8884931673033926,0.7452625028187266,NA
nDi.2.2.2.t01965,2.1254172108941947,0.009218741359388122,0.8795417707757356,0.9863014412093769,NA
nDi.2.2.2.t01980,3.3456287564137,0.3349098361213854,0.8942282300886817,0.5133561721915088,NA
nDi.2.2.2.t01984,0.9128156243331593,0.2657215234693664,1.0272046294675174,0.5874791640867334,NA
nDi.2.2.2.t01993,1.2564780161601372,0.39726497974606134,1.0703437777855624,0.35154701434273106,NA
nDi.2.2.2.t01994,3.139024348333626,0.14159030410006548,1.0313358559827916,0.3524773176328399,NA
nDi.2.2.2.t01995,2.5051795289806806,0.9003423005051249,1.4237835061450723,0.0862901580116945,NA
nDi.2.2.2.t01996,2.0598731231725673,0.46019309781872747,1.0247790877265683,0.34513155933790157,NA
nDi.2.2.2.t01997,0.6074038122782817,0.18318752146047687,1.022689381260678,0.6325110396432181,NA
nDi.2.2.2.t01998,1.1498335969100868,0.33928644024075627,1.0462543796486006,0.45480147453739167,NA
nDi.2.2.2.t02000,2.9334731934256006,0.6927503222523619,1.1274675100791538,0.19705235786145053,NA
nDi.2.2.2.t02005,1.7949517757407438,0.6199464855733884,1.1935037534617607,0.16472936610624753,NA
nDi.2.2.2.t02015,2.5368726876855465,0.026776516469115032,0.8883872117305776,0.9543614697710708,NA
nDi.2.2.2.t02016,3.3592648064990707,0.8857816899062964,1.2608954824250544,0.1261603237548584,NA
nDi.2.2.2.t02020,1.614556595730218,0.5643263271655155,1.1609097602397267,0.18789322241016207,NA
nDi.2.2.2.t02026,1.5511306148946749,0.5180756926954185,1.1299120251168808,0.2267415035271061,NA
nDi.2.2.2.t02036,1.577291691191093,0.07050561860685181,0.916136884801875,0.9050026892743444,NA
nDi.2.2.2.t02039,1.1847500465831635,-0.007188864824472253,0.9295647435758725,0.9174101144127655,NA
nDi.2.2.2.t02042,2.3275872390294836,0.2030798098785075,0.8943942835472084,0.6599449938964168,NA
nDi.2.2.2.t02045,1.2794006250311207,0.1896751115979991,0.9545243533009304,0.70309720066341,NA
nDi.2.2.2.t02046,2.8781735327760236,-0.16353414821870407,0.8653201207286753,0.7291954583743223,NA
nDi.2.2.2.t02049,1.7723706432586024,0.335329531742166,0.9990030923464571,0.4775407783702006,NA
nDi.2.2.2.t02061,2.4213315933367316,-0.09199080104892667,0.8764292210294866,0.8371194177421459,NA
nDi.2.2.2.t02063,2.071975486700936,-0.06856518012003808,0.881758177602399,0.864041091626633,NA
nDi.2.2.2.t02065,2.73068431897082,0.5777283026917615,1.102538999047764,0.24280179121639775,NA
nDi.2.2.2.t02068,2.67029330426424,-0.14367246127379832,0.8745205733117951,0.750220399131678,NA
nDi.2.2.2.t02076,2.2781867024545646,-0.13992189109728675,0.9122540412455844,0.7316216025339108,NA
nDi.2.2.2.t02090,0.7035861923286617,0.22978837760912615,1.0234613517512399,0.6253265735462271,NA
nDi.2.2.2.t02091,2.3651805819766456,-0.003916688925886187,0.8891794128871906,0.9906239525748213,NA
nDi.2.2.2.t02095,1.0207841311676216,0.3548675791068974,1.0611011483479527,0.3685219656469902,NA
nDi.2.2.2.t02102,1.385758787186015,-0.01305186219776025,0.9171907071814717,0.9352277678940556,NA
nDi.2.2.2.t02104,2.5771182564091406,-0.3422037153078023,0.9126139694403682,0.47590475406122046,NA
nDi.2.2.2.t02105,3.0898458762190995,0.26369316014221855,0.8917477526887363,0.5752317279864234,NA
nDi.2.2.2.t02110,0.9808488361521618,0.0985701917780294,0.9626825081015558,0.8439290834597505,NA
nDi.2.2.2.t02117,2.9842740634700484,0.2570083466533899,0.9056374984631849,0.6126870682237131,NA
nDi.2.2.2.t02118,0.8826720508067712,0.3070976973836861,1.0455753416105882,0.43796491994991155,NA
nDi.2.2.2.t02119,1.6163604579691906,-0.047534192860525064,0.9044314192469938,0.8738802306408641,NA
nDi.2.2.2.t02130,0.8889335193650842,0.312884437612126,1.045914164127858,0.4368115343544242,NA
nDi.2.2.2.t02140,3.059348573095908,-0.3388860830202166,0.9476407650812846,0.4406448605239455,NA
nDi.2.2.2.t02141,2.136646001821982,0.03423494405218263,0.8878739367382403,0.9389538020117069,NA
nDi.2.2.2.t02144,0.6988080548823294,0.20985448425574182,1.0276402601479708,0.5624874390180912,NA
nDi.2.2.2.t02149,0.916040976780304,0.3194195587278603,1.047461963011985,0.43121785923931527,NA
nDi.2.2.2.t02151,0.9713809895244986,0.3332262725213359,1.0514938048902018,0.41287978195174146,NA
nDi.2.2.2.t02154,1.7638706985376085,0.19185992556188847,0.9314931804290515,0.6908761973948914,NA
nDi.2.2.2.t02155,2.2483987724064542,0.8127515049040557,1.342436562351976,0.10280916836982869,NA
nDi.2.2.2.t02161,0.6726581774924812,0.2356186393300276,1.0270133331610831,0.5808648177769192,NA
nDi.2.2.2.t02162,3.145137424409511,-0.08925294890804883,0.8745519040932193,0.8363428782005535,NA
nDi.2.2.2.t02163,1.1099896060416183,0.15624602666676488,0.9571450656951705,0.7619954035330561,NA
nDi.2.2.2.t02166,2.447816349327734,0.2679319753164004,0.9139878843822711,0.57842839798026,NA
nDi.2.2.2.t02171,3.1005896773355435,1.1575409171226316,1.6951089784454914,0.05793864766722586,NA
nDi.2.2.2.t02173,2.0370221650045446,0.6151694070803202,1.1773278266282317,0.18720097370094296,NA
nDi.2.2.2.t02179,0.740215107801995,0.2503629251313693,1.0299011147166237,0.5528357805977352,NA
nDi.2.2.2.t02180,2.6911366605098506,-0.11737215406387566,0.8663681719037772,0.7961987629426353,NA
nDi.2.2.2.t02191,0.7835554274981631,0.27767510098532555,1.0373049771664489,0.48926815425103487,NA
nDi.2.2.2.t02194,2.9670978542363162,-0.12655404146280866,0.8499841982862867,0.7957957960667806,NA
nDi.2.2.2.t02200,2.4726452235694314,0.5798417087026742,1.0731644157413098,0.25749796514529594,NA
nDi.2.2.2.t02207,3.1963700738843173,0.14711714204688944,0.8495519961386607,0.7626034474436991,NA
nDi.2.2.2.t02208,2.4368424145004086,0.29845961593551895,0.9217169668802035,0.5412742889656742,NA
nDi.2.2.2.t02215,2.27050475941863,0.046486660745790914,0.8850098001420428,0.9166981230853951,NA
nDi.2.2.2.t02223,2.488149456750021,0.43084297169732777,0.9884541699268753,0.33721551443517206,NA
nDi.2.2.2.t02226,0.7640901633930828,0.2362126759807975,1.0250819788935561,0.6076154494579238,NA
nDi.2.2.2.t02228,1.7244101222830628,0.1132902987811431,0.913255498294834,0.8143896345429189,NA
nDi.2.2.2.t02232,0.902853853396641,0.3033284078391662,1.0411912796011615,0.46962555654939947,NA
nDi.2.2.2.t02251,1.790443010520444,0.11641964600835418,0.9087319639995827,0.8226683570497548,NA
nDi.2.2.2.t02255,1.8614895283111035,0.1455783848566599,0.9106125035275848,0.778882057701116,NA
nDi.2.2.2.t02256,3.0464729765639627,0.0643173509571777,0.8794462053186315,0.8851912178079946,NA
nDi.2.2.2.t02264,1.4096039480141502,0.47927030814398786,1.1091556039666592,0.2571802245252613,NA
nDi.2.2.2.t02278,2.918548915818574,0.7033725730345343,1.135187901413387,0.1920176883332076,NA
nDi.2.2.2.t02286,2.345440340669793,0.335541717124088,0.9489337675319812,0.5032035428289325,NA
nDi.2.2.2.t02305,2.6754463140853746,0.8683368053478845,1.3851277780373472,0.09484249608049203,NA
nDi.2.2.2.t02306,2.6577344242761707,-0.1066154621182401,0.857165639993905,0.8194198672248163,NA
nDi.2.2.2.t02312,2.19234191574211,-0.19301286048783417,0.8941225316076717,0.6670467888771637,NA
nDi.2.2.2.t02355,2.3934979829388086,0.4065741618559519,0.9763586056171698,0.3709449975337274,NA
nDi.2.2.2.t02359,1.6432028911785774,-0.2608342883234549,0.9542459531003351,0.5487877175315256,NA
nDi.2.2.2.t02362,2.8532713677437607,0.5051933369713374,1.0036355032629305,0.3378030784135783,NA
nDi.2.2.2.t02375,1.1246571656455866,-0.0723014721437904,0.9336282758525212,0.8021680810728009,NA
nDi.2.2.2.t02379,1.4999658337707331,0.3202191609720674,0.9904001997410102,0.5197904612617468,NA
nDi.2.2.2.t02382,2.3473971087402488,0.2766462748106639,0.9304645371036034,0.5518413240631825,NA
nDi.2.2.2.t02385,3.279117268856696,0.38954934124164936,0.915876900684076,0.43170778238920776,NA
nDi.2.2.2.t02397,1.2058363287677707,0.2013186742342155,0.961138413846333,0.6676808613370102,NA
nDi.2.2.2.t02400,1.8021668589181452,0.3646813604258741,0.9931859873871486,0.45639015566125124,NA
nDi.2.2.2.t02402,2.510737501888148,0.04601295358284119,0.8847232254987057,0.9167127422116303,NA
nDi.2.2.2.t02411,3.0476416413096112,0.45718482100133584,0.9603486735184442,0.3729990420436424,NA
nDi.2.2.2.t02414,3.2723080265661415,1.2453688905004556,1.791864673413519,0.05210704687094193,NA
nDi.2.2.2.t02418,1.2974688297828754,0.10523764489285412,0.9338608411733027,0.9260729741232557,NA
nDi.2.2.2.t02422,2.3543060989285935,0.514939936932737,1.0365546259153924,0.3021696758122179,NA
nDi.2.2.2.t02426,2.647241359936849,0.1361614715173599,0.8724967787754374,0.786012123977751,NA
nDi.2.2.2.t02429,0.9028704847218427,0.31494527888628115,1.0464796445429208,0.43293449285284374,NA
nDi.2.2.2.t02436,1.1446305578879945,0.3558679540029009,1.0536563459045942,0.41518426917012907,NA
nDi.2.2.2.t02442,1.8938287666006561,0.5981932728867209,1.1703306027057008,0.19082545138699364,NA
nDi.2.2.2.t02443,2.062662483533623,0.420756097937578,1.0080844999076717,0.36774248151057337,NA
nDi.2.2.2.t02473,2.0119763452156105,0.46454470696961175,1.0276699674853846,0.33974075839433804,NA
nDi.2.2.2.t02481,3.264080307122251,0.6108069879051456,1.0435957040847395,0.2534271610565904,NA
nDi.2.2.2.t02485,2.4625002225557275,-0.023232631497385574,0.8782468165442643,0.9577259707210477,NA
nDi.2.2.2.t02494,2.019656451762137,-0.31406296380372023,0.9421790255059621,0.4931856856050019,NA
nDi.2.2.2.t02496,0.9441840493424161,0.11047272878532172,0.9662257592251696,0.832352894468288,NA
nDi.2.2.2.t02501,2.519080181261331,-0.21690484531074095,0.8978939439239129,0.6287148613564154,NA
nDi.2.2.2.t02503,2.604737274524724,-0.26859054333265353,0.9255620965519317,0.5430292996271691,NA
nDi.2.2.2.t02504,0.6802867565222573,0.23555623363118822,1.027037382432764,0.5807643293169866,NA
nDi.2.2.2.t02514,2.1060728627430687,-0.11330091082421513,0.9004448822521607,0.7867632998983175,NA
nDi.2.2.2.t02516,1.2766314858128762,0.20259702802819887,0.9600087687060456,0.6953305937959973,NA
nDi.2.2.2.t02520,2.4601469439428567,0.3839270352956099,0.9646599215932793,0.4027256919993742,NA
nDi.2.2.2.t02527,2.289127913280125,0.22773860251696149,0.8992917572119208,0.6241909585078391,NA
nDi.2.2.2.t02528,1.1124132831857052,-0.27599477514207715,0.990690306061757,0.46675416563372607,NA
nDi.2.2.2.t02533,2.666830215930679,-0.1267950434566784,0.8627936444137781,0.7842359003466826,NA
nDi.2.2.2.t02540,2.235377582695863,0.7815470827526222,1.3121012697587056,0.11270820879202012,NA
nDi.2.2.2.t02544,1.7150525801034044,-0.1532719350695174,0.9121391123422525,0.7272915799541145,NA
nDi.2.2.2.t02552,1.8463634161916456,-0.24852950724503678,0.9558239019600838,0.5322533602451334,NA
nDi.2.2.2.t02553,3.1461080307997467,-0.5528726899014028,0.9667660161066716,0.2871458777355252,NA
nDi.2.2.2.t02557,2.480846797476808,0.5251922517797772,1.0375109925032797,0.29759360238444177,NA
nDi.2.2.2.t02560,1.6774241312961107,0.5554741672150957,1.1482074872565509,0.20830773538931727,NA
nDi.2.2.2.t02563,3.355872063481858,0.3693619465351882,0.9136106844830322,0.44909831875000744,NA
nDi.2.2.2.t02565,1.3764655521409999,0.19304701413026185,0.9533654635653243,0.67926599185769,NA
nDi.2.2.2.t02567,1.376210799394365,0.23133759566930304,0.9639113525701808,0.6635349338544021,NA
nDi.2.2.2.t02571,1.110977969088304,0.12331901855302822,0.9488923991941195,0.8381589102068936,NA
nDi.2.2.2.t02572,1.2792662164311808,-0.032286144199756,0.9220390498354146,0.8923550975594433,NA
nDi.2.2.2.t02577,1.6876044875495513,0.3685996399116832,0.9999737162614365,0.4523446557306501,NA
nDi.2.2.2.t02582,1.7775476592554837,0.1908785087865656,0.9279344686054811,0.7051559313218548,NA
nDi.2.2.2.t02596,1.5846960039736941,0.5077868698080575,1.125126056261735,0.22861333070520637,NA
nDi.2.2.2.t02604,2.3518796409113594,0.7277769619951854,1.2550340640374458,0.14002496683305776,NA
nDi.2.2.2.t02610,2.25250863840713,0.7992875819124066,1.3274937153481141,0.10790344391835524,NA
nDi.2.2.2.t02612,1.385076620256788,0.25592334042368164,0.9786589496583277,0.6000160785813331,NA
nDi.2.2.2.t02615,1.5675884905447153,0.31205542583539336,0.9803334673797076,0.5198216946517573,NA
nDi.2.2.2.t02618,1.2303133363422365,0.40554729026582004,1.0757072798172795,0.3287503878880294,NA
nDi.2.2.2.t02623,2.2276290599756554,0.4449354526669785,1.0210967042590273,0.3676751591655297,NA
nDi.2.2.2.t02624,2.9484439872481305,1.0946117102009263,1.6187024287598255,0.06398788572330943,NA
nDi.2.2.2.t02626,1.9407319582347307,0.0142375758789723,0.8879071813623826,0.9959876364470246,NA
nDi.2.2.2.t02627,2.884911514758307,0.030871309790925693,0.8539178964116904,0.9498512120424676,NA
nDi.2.2.2.t02633,0.9801948973828418,0.1013263377717927,0.9526336257078332,0.9013779551112787,NA
nDi.2.2.2.t02642,2.049752634393028,0.41050229035240515,1.0018908971938074,0.37857415178910114,NA
nDi.2.2.2.t02643,3.315683444033554,1.1936311219822944,1.7161209433286952,0.057646932649433165,NA
nDi.2.2.2.t02647,1.245306318577497,-0.1200890510936732,0.9422134097545755,0.7489889648775758,NA
nDi.2.2.2.t02652,3.329505571740923,1.3221652429083204,1.899420127484848,0.04618316783962969,NA
nDi.2.2.2.t02655,1.653148520609009,-0.25737989272437356,0.9377964712415683,0.5232621362848022,NA
nDi.2.2.2.t02659,2.1620110151117204,0.43568770515164157,1.009702820173975,0.36263767478514847,NA
nDi.2.2.2.t02665,1.779008330989295,0.30110491352204727,0.966143264759835,0.509794373260263,NA
nDi.2.2.2.t02668,3.2628181004027508,-0.05536892867995568,0.8312103927281926,0.9064769305755296,NA
nDi.2.2.2.t02673,2.433066096428697,-0.43109949368971984,0.9607852249277746,0.3775268074225582,NA
nDi.2.2.2.t02675,2.6993309840631685,0.6990704335369836,1.154353336263626,0.19241120176521725,NA
nDi.2.2.2.t02676,3.194876652452466,0.28555156348777316,0.8839929901128895,0.5700992091968606,NA
nDi.2.2.2.t02683,1.4311731717130178,0.4605481994871413,1.0966406131509152,0.2864092026193921,NA
nDi.2.2.2.t02685,1.5421880774337045,-0.03910358573811851,0.9094395445279162,0.9062739845266039,NA
nDi.2.2.2.t02700,2.1977258718231387,0.17565528763086216,0.901456646723028,0.7086122282201435,NA
nDi.2.2.2.t02703,2.318313586530203,0.1256374958585799,0.8834521805577653,0.8075399855384262,NA
nDi.2.2.2.t02708,2.4299600513752493,0.1892993801471069,0.8881889812846935,0.701225889645777,NA
nDi.2.2.2.t02717,1.6732889814018952,-0.09986832199443683,0.9074006879592426,0.7826004286103252,NA
nDi.2.2.2.t02722,1.11637207633178,0.16471854715403758,0.9709610584045081,0.7114714079747579,NA
nDi.2.2.2.t02723,2.0701367720837602,0.6258670988189764,1.1901729692056682,0.17361914986711527,NA
nDi.2.2.2.t02724,1.958492295865447,0.19076255220123475,0.9151942268452581,0.7034228369917541,NA
nDi.2.2.2.t02728,2.2585889177497265,0.722457937299623,1.2560639572360637,0.13779973280371105,NA
nDi.2.2.2.t02732,3.2909994744100928,0.7814650164322494,1.1624472441761171,0.1639026982270895,NA
nDi.2.2.2.t02733,2.511468742923809,-0.1284455454391784,0.8752980442108433,0.7787306909466885,NA
nDi.2.2.2.t02739,1.4333943180691326,0.049359418832259826,0.9163867897672937,0.9525474326729803,NA
nDi.2.2.2.t02750,2.1418706017166365,0.20730927240133634,0.9345289397658415,0.5770504747527537,NA
nDi.2.2.2.t02752,2.766515830417348,-0.11033806137691506,0.8637567636535127,0.8084019527255402,NA
nDi.2.2.2.t02753,3.037897052168263,0.24783143633116253,0.8854815768748572,0.601146467280107,NA
nDi.2.2.2.t02754,1.3911163255612828,0.03808220147396179,0.9173162873945075,0.9785179325140032,NA
nDi.2.2.2.t02762,1.7153006046963781,0.6172286502402327,1.1931228669568261,0.16274248704743308,NA
nDi.2.2.2.t02768,2.5194198123540623,0.838773207664695,1.3519002037403427,0.10517325315853535,NA
nDi.2.2.2.t02772,2.6251627306825864,0.3343678066520459,0.9497721092111591,0.4410365215098741,NA
nDi.2.2.2.t02776,1.6734432687958916,-0.30584924515359796,0.9522113743567172,0.4932323988165261,NA
nDi.2.2.2.t02779,1.3943382907412412,0.2482883453255831,0.9650947078783552,0.6059207185495907,NA
nDi.2.2.2.t02784,1.9243219873478865,0.4344194485172625,1.0149776039495884,0.36341489684693656,NA
nDi.2.2.2.t02786,1.7951475735185416,0.6783335222630187,1.2482629460649364,0.12140135792216848,NA
nDi.2.2.2.t02788,2.46854785862461,-0.44957336796113284,0.9692639625261427,0.3666130209072289,NA
nDi.2.2.2.t02789,2.984848662542041,1.2498077769747789,1.8331356551463025,0.04824375642739702,NA
nDi.2.2.2.t02791,1.9550034678039379,0.18219110541614442,0.9313154843093372,0.6299520961752687,NA
nDi.2.2.2.t02793,0.8497951141112058,0.2751472216024675,1.0324626194399928,0.5354641913812626,NA
nDi.2.2.2.t02800,2.269101636485008,0.3113240173596868,0.9443309736362446,0.5283265040748655,NA
nDi.2.2.2.t02813,1.509781325152594,-0.46838376767331147,1.062971426345767,0.2806581262633299,NA
nDi.2.2.2.t02815,2.427144557524203,0.607590922048248,1.1171653905621388,0.2386575098739659,NA
nDi.2.2.2.t02823,2.6242456387680266,-0.2455336306611688,0.8832343385188716,0.5996864700341982,NA
nDi.2.2.2.t02824,1.457861720474492,0.28283320684680474,0.9747598579463371,0.5616598077536635,NA
nDi.2.2.2.t02827,1.048622399677359,0.32891999339734473,1.0477503926565637,0.43466423968996165,NA
nDi.2.2.2.t02831,1.1109326276073683,0.3504372270441344,1.0546541368677222,0.40623431988230074,NA
nDi.2.2.2.t02838,2.6494804248969834,-0.20848937372888682,0.8836988243356488,0.6498599170120579,NA
nDi.2.2.2.t02845,1.3354267110328384,0.4053530414668328,1.0710465541966117,0.35409096056414013,NA
nDi.2.2.2.t02858,2.940067207640814,0.6824303117890136,1.136533741174879,0.19581894939034758,NA
nDi.2.2.2.t02859,1.3641623922211696,0.4292900801240731,1.0815725427071519,0.32245937410075315,NA
nDi.2.2.2.t02881,1.8285274637835613,-8.166416341566583e-4,0.8921181072906644,0.9761330033683427,NA
nDi.2.2.2.t02883,3.0053894549945372,-0.003785709422973359,0.848368166712534,0.9909866675006662,NA
nDi.2.2.2.t02887,1.5143469313292695,0.2439636785435061,0.9600467012029147,0.6113780199465864,NA
nDi.2.2.2.t02894,3.270026109304304,-0.056590351766581046,0.8313321469459495,0.9048752544817806,NA
nDi.2.2.2.t02895,2.813788101531096,-0.45654960629966834,0.9426855735999757,0.35679947830919667,NA
nDi.2.2.2.t02902,2.0477840401111997,-0.1543439850523651,0.8914376985650341,0.7376764189563163,NA
nDi.2.2.2.t02907,1.3407989715450355,0.4307843102357757,1.0869054119138393,0.30234241810642204,NA
nDi.2.2.2.t02909,2.3541017351174323,0.07421851303928191,0.8770071073197185,0.8825667314161015,NA
nDi.2.2.2.t02912,2.16499419246937,-0.17002547171840032,0.8906272422939545,0.7101106700147337,NA
nDi.2.2.2.t02913,2.265834120385414,0.7744708411956474,1.3021438855088616,0.11705833381489254,NA
nDi.2.2.2.t02917,1.771669015688677,0.5891565689643838,1.1680914370070066,0.18921478113148682,NA
nDi.2.2.2.t02918,1.9452720468800622,0.21210858784498038,0.9217165738093421,0.6599990264200941,NA
nDi.2.2.2.t02925,1.5236770862352496,0.2697520176612903,0.9664816241666192,0.5633757766326764,NA
nDi.2.2.2.t02931,1.0832966635620083,0.37696130997751787,1.0675214017538228,0.3455809732914162,NA
nDi.2.2.2.t02934,1.7668688502890455,0.5890821965925775,1.1679408080438654,0.18915656990406426,NA
nDi.2.2.2.t02941,0.7939501024236044,0.25507787322456066,1.0284816076430836,0.570767026146631,NA
nDi.2.2.2.t02942,3.126805312817092,1.1229387610184203,1.6602473065532528,0.060128647760982715,NA
nDi.2.2.2.t02947,2.5358353321388645,-0.1804651271944244,0.8892494688491088,0.6835926713568212,NA
nDi.2.2.2.t02949,1.4313340155824896,0.11314014628478287,0.923431251854798,0.8464017795350851,NA
nDi.2.2.2.t02950,2.1603215679929475,0.038805550094485934,0.8911188253323716,0.9923491627160836,NA
nDi.2.2.2.t02953,2.213063494485954,-0.21128877372361668,0.896898198830252,0.6503816940219347,NA
nDi.2.2.2.t02968,0.7838407365058895,0.25369991705460854,1.0276430046787752,0.5790405657285107,NA
nDi.2.2.2.t02970,2.5901561486440756,0.09072104463275645,0.8874754902246775,0.8355232032728275,NA
nDi.2.2.2.t02976,1.1834636883030472,0.3293966895722249,1.0600143058936038,0.35173001402072285,NA
nDi.2.2.2.t02988,2.4952914203811116,-0.17246821035513701,0.882965664318555,0.7020983556243772,NA
nDi.2.2.2.t02992,2.2397610815343545,-0.22648176412956383,0.9025004377841481,0.6127029935264133,NA
nDi.2.2.2.t02998,3.077086928915546,-0.4451670440835266,0.930838372345529,0.36962028419816434,NA
nDi.2.2.2.t03025,1.0867332244093006,0.34891280924873147,1.0558724103103887,0.39022707217715913,NA
nDi.2.2.2.t03031,0.9457344992841685,0.29713609215282166,1.0381248596468353,0.4952215958047043,NA
nDi.2.2.2.t03037,1.547263554348881,0.09095144248433705,0.9170107932733759,0.9095084396350157,NA
nDi.2.2.2.t03038,1.0838935128471305,0.33331149970883484,1.0463932500404312,0.4494804428876045,NA
nDi.2.2.2.t03041,2.245559654071439,0.26097036845558713,0.9412985858381163,0.5091783209914329,NA
nDi.2.2.2.t03048,0.5736606022627259,0.1744174552273502,1.0214908383167198,0.6532925689889133,NA
nDi.2.2.2.t03052,1.7451210930346652,0.577804815329962,1.1642928225613145,0.18783385730319535,NA
nDi.2.2.2.t03054,1.1910497901405792,0.17316806670539042,0.956854318787819,0.7475265863796499,NA
nDi.2.2.2.t03062,2.733042358310144,-0.14494715336961858,0.8679615154961936,0.7637617837745124,NA
nDi.2.2.2.t03066,2.6596243711115024,0.11536613649967158,0.8850544693595324,0.7929374802087144,NA
nDi.2.2.2.t03069,2.0680026027946217,0.6812456645081806,1.235762220025066,0.13887288557424668,NA
nDi.2.2.2.t03071,1.3719077079841169,0.1911514214285025,0.9484808656390173,0.6887286660365843,NA
nDi.2.2.2.t03072,1.429664505143478,0.25373389296345084,0.9653383268061905,0.6020413696096472,NA
nDi.2.2.2.t03073,1.3311897361869214,0.43502426599546984,1.0869223584881624,0.3032199341655081,NA
nDi.2.2.2.t03077,1.1209551566095541,-0.02934970045300946,0.9393515012912185,0.8884718582610208,NA
nDi.2.2.2.t03080,1.6646860876211882,0.3694481601595713,1.0020662557017368,0.4433736123906829,NA
nDi.2.2.2.t03082,1.4792464845270523,-0.013241261744148709,0.9142086756434492,0.9620427371382076,NA
nDi.2.2.2.t03084,2.3427387007612017,0.283166295646855,0.9293274452556765,0.5630877624091568,NA
nDi.2.2.2.t03090,1.0062252730895582,0.31934809659866165,1.0437563397279115,0.46133050981061385,NA
nDi.2.2.2.t03094,0.8972576482808289,0.3100995443108343,1.0443751396259386,0.4475666064723786,NA
nDi.2.2.2.t03098,3.2236934437524405,1.5119443077157637,2.207377389619171,0.03530140648643644,NA
nDi.2.2.2.t03104,3.1206541776298535,-0.2582043116018719,0.875735258671732,0.6031890387131271,NA
nDi.2.2.2.t03107,2.8708789082596757,0.40039698684241026,0.9695034649446808,0.3546463636151725,NA
nDi.2.2.2.t03116,2.616856498241275,0.36744021693019624,0.9403376597831941,0.4594560408887692,NA
nDi.2.2.2.t03120,1.8230141638153243,0.5836259642201594,1.1640085742871362,0.19413157477279466,NA
nDi.2.2.2.t03121,1.0046344637971254,0.3204316382030052,1.0441582392165294,0.4573621157551439,NA
nDi.2.2.2.t03125,0.6094547437595851,0.18379311816690516,1.0227902347095479,0.6308438891823522,NA
nDi.2.2.2.t03134,1.010897519754676,0.3051077430098778,1.0414269664627196,0.4733675106016504,NA
nDi.2.2.2.t03142,1.8774594308799164,0.3629337210986535,1.0125117126718985,0.4393995216354522,NA
nDi.2.2.2.t03161,2.3811392474779423,0.5241611742404684,1.0365550251868454,0.29224231644313636,NA
nDi.2.2.2.t03173,1.7771882909314882,0.30856217003668507,0.9688864522326244,0.5307377141025086,NA
nDi.2.2.2.t03186,2.1790340977202822,0.24092267634817002,0.9165183970562398,0.6231539033026907,NA
nDi.2.2.2.t03210,1.1687075160972014,0.1469675504988599,0.9495256216246634,0.7759013584823192,NA
nDi.2.2.2.t03221,3.2993664591170946,0.6488926185043465,1.0628702107212438,0.21815419488702248,NA
nDi.2.2.2.t03222,2.0311504530690128,0.18202860805327525,0.9103870798390444,0.7140780006802568,NA
nDi.2.2.2.t03227,3.095575176633166,-0.061555014827278175,0.8512272456342558,0.8946449582578082,NA
nDi.2.2.2.t03228,3.13537359026049,-0.06718929328857574,0.8399458483047109,0.8899287281223731,NA
nDi.2.2.2.t03234,3.0370305342502286,0.5982099970660071,1.042891195600725,0.246952181602104,NA
nDi.2.2.2.t03235,1.0811040741121072,0.13139296919551263,0.9511464747539964,0.8064860819415528,NA
nDi.2.2.2.t03239,1.5513392653547202,-0.07539079977596293,0.9113771286810478,0.8359237241526909,NA
nDi.2.2.2.t03240,2.526613082781229,0.3784116084917756,0.955612323222419,0.4640762118195945,NA
nDi.2.2.2.t03247,2.1791305600375708,0.6117490592203803,1.1782927260823661,0.18483435119707997,NA
nDi.2.2.2.t03248,1.5630314053231316,0.29615217932036314,0.9711077583508606,0.5265155891425217,NA
nDi.2.2.2.t03251,1.3576746294812576,0.21039289352525548,0.9666982682594207,0.5848421445375718,NA
nDi.2.2.2.t03252,1.8545346824015496,0.4237404861833714,1.019601270025745,0.3868749585753831,NA
nDi.2.2.2.t03260,3.261955028373464,-0.008272387478644429,0.8302530560925817,0.9840629465731747,NA
nDi.2.2.2.t03261,2.761810948506981,0.07338973356431272,0.8610225760386983,0.8850821164008753,NA
nDi.2.2.2.t03288,1.6308143265029544,-0.35936814423080626,0.9928946243598494,0.41454897919966666,NA
nDi.2.2.2.t03293,2.2427177945486765,-0.03112860791389194,0.878212348789786,0.9352589965685177,NA
nDi.2.2.2.t03309,1.0572553428666855,0.13151971681078378,0.954800188577103,0.8228210130061534,NA
nDi.2.2.2.t03313,1.509129451929901,0.042336634029973605,0.9122191646111812,0.9558642878356427,NA
nDi.2.2.2.t03314,3.0478281963892266,0.3127238199653846,0.9029008975021516,0.5401654969276313,NA
nDi.2.2.2.t03319,1.9514881789403813,0.025628470169999723,0.895697861764806,0.954075969861801,NA
nDi.2.2.2.t03321,2.8622685470686307,0.030404042071629462,0.847774558706832,0.9512283806956997,NA
nDi.2.2.2.t03322,2.3850442169776054,0.31577316629778507,0.9334856211265047,0.5318636285531804,NA
nDi.2.2.2.t03324,1.6237165061973038,0.5753916325930453,1.1662437316321934,0.1823126355844188,NA
nDi.2.2.2.t03333,1.7551338761775788,0.353441213729865,0.984590016515005,0.4481696616386152,NA
nDi.2.2.2.t03337,2.694152574632923,0.4128196721760418,0.9544053366293103,0.41383953384911265,NA
nDi.2.2.2.t03344,1.5937318152972324,0.5675374381132338,1.1658291483454342,0.1797111741457774,NA
nDi.2.2.2.t03358,1.7943000996083054,0.5845169168702014,1.16322221444275,0.19309544813438856,NA
nDi.2.2.2.t03369,2.7117543790620324,0.6000898561229001,1.0765752775826376,0.2385644880279232,NA
nDi.2.2.2.t03370,2.4860538839166986,0.244051449026022,0.9033681536431137,0.6300813768811959,NA
nDi.2.2.2.t03371,2.51738892365187,0.5404453853050327,1.064984784492794,0.2822666602374942,NA
nDi.2.2.2.t03381,1.525567842400606,-0.32453578106101577,0.9668148188837938,0.43421821839627184,NA
nDi.2.2.2.t03394,3.271026393037151,0.2936768436463457,0.9116418775594332,0.5391136508169362,NA
nDi.2.2.2.t03405,3.277911890726875,-0.32461944943625415,0.8894779197294455,0.49575385942485994,NA
nDi.2.2.2.t03408,1.8173245464425134,0.034439096221905205,0.8959607422737462,0.9847662933464114,NA
nDi.2.2.2.t03414,0.9686076250983124,0.11914866653920302,0.9549259991756559,0.8273558945264325,NA
nDi.2.2.2.t03415,2.43011658194587,0.8440314620979988,1.363492199161281,0.10022623506263348,NA
nDi.2.2.2.t03416,1.4238028366790318,0.2684553753388494,0.9676876572114963,0.5567994040816316,NA
nDi.2.2.2.t03417,3.1191933261533498,0.5338524544534302,0.9942724026032158,0.31001101934040537,NA
nDi.2.2.2.t03429,2.174420652081196,0.7118935150607356,1.2487685295557918,0.14086690436112848,NA
nDi.2.2.2.t03435,2.130316785102637,0.7195062215581773,1.2573505293885987,0.13453800942782743,NA
nDi.2.2.2.t03443,2.7107626345474505,-0.09016699189597821,0.8713993386996718,0.838367865950135,NA
nDi.2.2.2.t03444,1.747616774738698,0.32210564643879236,0.972763891002816,0.4865850191085143,NA
nDi.2.2.2.t03447,1.998854916390634,0.23822760434506557,0.9251723852404726,0.6381023217036416,NA
nDi.2.2.2.t03449,3.274920880384391,0.7376484031133824,1.160877917852067,0.17175365370705556,NA
nDi.2.2.2.t03462,2.1979522874706032,-0.7998776177529009,1.2172841994133323,0.14034536938920164,NA
nDi.2.2.2.t03469,2.837149559837167,-1.210018320239001,1.5650918853889568,0.06557879677976676,NA
nDi.2.2.2.t03470,2.668377682823968,0.1893623741010068,0.878921115184535,0.6989302236175922,NA
nDi.2.2.2.t03477,0.3607309780109249,0.11010943283056662,1.0148218794524535,0.8535698512439526,NA
nDi.2.2.2.t03491,0.820741296780552,0.2828977482587197,1.0367182753125699,0.497434246765055,NA
nDi.2.2.2.t03495,3.335059108449047,-0.20469895475619393,0.8814168387412168,0.6451296708945189,NA
nDi.2.2.2.t03497,1.3402147842627483,0.4119760153338225,1.0743266396823883,0.3430645750321471,NA
nDi.2.2.2.t03503,2.0557741396939355,-0.048300225433056246,0.8917133742516707,0.9110523217431454,NA
nDi.2.2.2.t03506,3.21751431333829,0.3228475218533798,0.8953744668045476,0.5237406381699632,NA
nDi.2.2.2.t03509,2.1655759405305135,-1.273918782025136,2.0706711823225765,0.03551827740454315,NA
nDi.2.2.2.t03510,2.9396312842831414,-0.07311929949640333,0.8527312856568149,0.8731739610083041,NA
nDi.2.2.2.t03523,2.7902476452992047,0.6561362467100564,1.1041871366095284,0.21553196054070073,NA
nDi.2.2.2.t03525,2.8522178357969117,0.36658245652446547,0.942658346302925,0.4548305793683759,NA
nDi.2.2.2.t03551,1.8026761451076594,-0.013643106945118336,0.9031279112977683,0.9390211975763084,NA
nDi.2.2.2.t03562,2.401537045387692,-0.1157514279893644,0.8724200645991725,0.8054381543291158,NA
nDi.2.2.2.t03576,1.9083458211412445,0.380173143686473,1.0009757592969701,0.4480929417302531,NA
nDi.2.2.2.t03584,2.6009584314570824,-0.044462925291507895,0.8839936930612444,0.9151257525948281,NA
nDi.2.2.2.t03587,0.6437972865551763,0.18458136052178928,1.0157796722465444,0.7529787665741235,NA
nDi.2.2.2.t03589,2.0056837714258178,0.42130026526251113,1.0097020725058392,0.39817983309583305,NA
nDi.2.2.2.t03616,3.211337128031201,-0.06920342451320348,0.864942236634698,0.876342501761793,NA
nDi.2.2.2.t03624,2.317931756647254,0.4165252657849181,0.9804943378005261,0.3764081856082923,NA
nDi.2.2.2.t03633,1.926040819175748,-0.26052210162560446,0.927293926752496,0.5697074538748887,NA
nDi.2.2.2.t03635,1.064558432701715,0.33485471724017396,1.0477023429902952,0.44090478606781824,NA
nDi.2.2.2.t03640,1.5762610214769333,0.28646679326144375,0.9671418596258378,0.5379477317932595,NA
nDi.2.2.2.t03642,0.9949298525607138,0.3135761097973356,1.0414080839022148,0.47561890672910223,NA
nDi.2.2.2.t03645,2.0173157193414823,-0.05051691294446965,0.8867293680558872,0.909010194898988,NA
nDi.2.2.2.t03649,1.2585338145291338,0.3909438395906854,1.0664347132701355,0.3653905431381911,NA
nDi.2.2.2.t03654,1.1863658673724011,0.013087720195955072,0.950785700052584,0.9447372658162599,NA
nDi.2.2.2.t03655,1.3588434920287313,0.41486796530946113,1.0769579904386528,0.3333421050279427,NA
nDi.2.2.2.t03656,0.9564974254496017,0.12669740767099597,0.9592775466692175,0.8399671877707394,NA
nDi.2.2.2.t03659,0.8108843096076265,-4.834889378550707e-4,0.9566015171782805,0.9076557441021998,NA
nDi.2.2.2.t03667,2.8380220188824827,-0.28326756942543874,0.9093676758134526,0.527523448134694,NA
nDi.2.2.2.t03668,1.8734921779738056,-0.14598532003846626,0.9119564464927175,0.7272620503530507,NA
nDi.2.2.2.t03691,0.8200199571601423,0.26975938107849795,1.0339871927087658,0.5189836181498588,NA
nDi.2.2.2.t03701,2.8543611722602344,0.9957279118534959,1.503129636517994,0.07735222980828091,NA
nDi.2.2.2.t03707,2.5207000074508947,-0.16547466892036958,0.8825320683690174,0.716151300677695,NA
nDi.2.2.2.t03711,1.7625492375326013,-0.36798957503897545,0.9709143349663593,0.4213633076490956,NA
nDi.2.2.2.t03717,2.111577320242221,0.24534178929776093,0.9405120537273433,0.5272638953925763,NA
nDi.2.2.2.t03723,3.2770258632109375,0.23980150684408502,0.8692353436900893,0.6333851069103262,NA
nDi.2.2.2.t03727,1.225224254057356,-0.042836240988661164,0.9279657590604029,0.8558127721201492,NA
nDi.2.2.2.t03728,3.1798257030449495,-0.05726267307439277,0.8397179847633816,0.9026753770153519,NA
nDi.2.2.2.t03733,2.666569608025503,0.3567207992989544,0.9619785284558491,0.3874577273893336,NA
nDi.2.2.2.t03734,2.3353943651089555,-0.11641267985128194,0.875532557626774,0.8036060908283469,NA
nDi.2.2.2.t03735,1.580065826100701,0.054785292438001884,0.9138573100203895,0.9330107193648309,NA
nDi.2.2.2.t03754,1.4248724314091723,0.48672790499345686,1.113149748338535,0.2502273460054714,NA
nDi.2.2.2.t03756,1.3816386223173007,0.47692724428026284,1.117700889298584,0.2290903772707136,NA
nDi.2.2.2.t03770,1.6506966724480983,0.04639578757308838,0.9051461316111579,0.9194857724081354,NA
nDi.2.2.2.t03781,1.7230894237584535,0.057738295984244806,0.9033604973933475,0.9120097600090897,NA
nDi.2.2.2.t03782,3.257064428876359,1.4188326090598533,2.0644093106494354,0.039410861695749054,NA
nDi.2.2.2.t03787,2.888894069447208,0.4617929375434931,0.9477359678384096,0.36292904108165763,NA
nDi.2.2.2.t03791,3.1501131511163143,-1.473739631599845,1.9679390424174867,0.0427942203470696,NA
nDi.2.2.2.t03794,2.0656026668890624,0.4630839054248173,1.0166066645440648,0.33264052867516425,NA
nDi.2.2.2.t03799,3.012748116104374,0.030031261740619042,0.8692618820967196,0.9521484780581563,NA
nDi.2.2.2.t03800,2.064996883370747,0.681845392513993,1.2276928959456104,0.14885405590410794,NA
nDi.2.2.2.t03802,1.9462053301048161,-0.09365643917791004,0.9067077247764498,0.8217021584833434,NA
nDi.2.2.2.t03827,2.5997817325032897,0.12651377515055692,0.8899493491920202,0.7777167532834486,NA
nDi.2.2.2.t03828,2.0515928241915855,-0.0671075578433435,0.8856168670554975,0.8782491483143098,NA
nDi.2.2.2.t03829,1.2131369180194165,0.2044035822570763,0.9649710954638523,0.6936436323590812,NA
nDi.2.2.2.t03843,0.5969996588715276,0.02140725913045959,0.9726631228982745,0.9287434146057295,NA
nDi.2.2.2.t03848,1.721733930168086,-0.06014522302251064,0.9009196689897748,0.8864262977723147,NA
nDi.2.2.2.t03858,2.5878685562046844,-0.14928024885311192,0.8765215064667154,0.7499276937120094,NA
nDi.2.2.2.t03860,1.2336480880652698,0.1824942060753081,0.9536853247798731,0.7081467727120998,NA
nDi.2.2.2.t03862,1.0400718237224797,0.3529226152239377,1.057294053394434,0.3873753616505156,NA
nDi.2.2.2.t03863,2.6129833405854592,0.31503930005153913,0.9201224875874883,0.5189085153102584,NA
nDi.2.2.2.t03865,1.727728179357491,-0.037497289015179736,0.8969354731655031,0.9197941579031713,NA
nDi.2.2.2.t03869,2.6243725923846037,-0.27702575134154933,0.8926823071273224,0.5625220311473283,NA
nDi.2.2.2.t03872,1.6679398738936244,-0.25188298462639336,0.9361211555056936,0.561493366776536,NA
nDi.2.2.2.t03873,1.728012829122376,0.5323322451941453,1.1387997033378487,0.21124594619630208,NA
nDi.2.2.2.t03878,1.654094455353598,0.24960417422014683,0.9615353082100355,0.5655177461264944,NA
nDi.2.2.2.t03883,1.9269712325019754,-0.03624642313371724,0.8885405302503923,0.9210125965770948,NA
nDi.2.2.2.t03886,2.515580534797105,0.08147493965703548,0.8734209316170402,0.8636808305996517,NA
nDi.2.2.2.t03887,0.5423020867515536,0.09213878154439846,0.9863371336210316,0.9481537754081508,NA
nDi.2.2.2.t03897,1.3536430958202055,0.026961506709937324,0.9211249232402936,0.984545851984776,NA
nDi.2.2.2.t03903,1.3111204174072841,-0.043961512289596556,0.9218990772521451,0.8991073967602607,NA
nDi.2.2.2.t03914,1.7816254468508517,0.5486078643955731,1.1406621876075393,0.21962772649107185,NA
nDi.2.2.2.t03926,1.7123526843686965,-0.09714616443321096,0.9118128722811887,0.80155255896402,NA
nDi.2.2.2.t03927,1.1053846181252711,0.06775410451602842,0.9364618734221898,0.9468999616778919,NA
nDi.2.2.2.t03930,0.8703947109992719,0.023263196369773132,0.9515830890725784,0.9473753392089992,NA
nDi.2.2.2.t03933,0.7962447449767248,0.24408819201334112,1.0271670777886182,0.5833764263641859,NA
nDi.2.2.2.t03935,1.9113990909848613,0.39203581986174435,0.9996993956630977,0.40786562742959703,NA
nDi.2.2.2.t03939,2.830260054589874,0.22078014599260587,0.888463643933776,0.6336169319100547,NA
nDi.2.2.2.t03947,1.4819837061734975,0.5207365699828216,1.1331806254180798,0.2184585807030179,NA
nDi.2.2.2.t03958,0.9646456602912451,0.301679765231666,1.0378123385543248,0.4992866146151548,NA
nDi.2.2.2.t03975,3.135905987905283,0.008817307113364915,0.8526393190570245,0.9875846366752581,NA
nDi.2.2.2.t03976,0.8068698332912667,0.26985382426038346,1.0325463126381362,0.5313035931283496,NA
nDi.2.2.2.t03977,2.555505192567524,0.1786999402272174,0.8835972065886811,0.7206418471835194,NA
nDi.2.2.2.t03981,1.8077904569450336,0.6824802475378983,1.2463711647818267,0.1271195328871222,NA
nDi.2.2.2.t03983,1.1780928327157298,0.3742882597061342,1.061230595719854,0.3818352389823794,NA
nDi.2.2.2.t03984,2.199150181465643,0.32579559225068727,0.9607825148005914,0.44753304782030523,NA
nDi.2.2.2.t03987,2.159656759659062,-0.14779792855115564,0.8849818734139214,0.7421571896845339,NA
nDi.2.2.2.t04000,2.9115917812905785,-1.4945308724672304,1.8132109769500964,0.043063486297811614,NA
nDi.2.2.2.t04002,1.9275915778614563,0.42609513746477456,1.019461432334538,0.3896990206668191,NA
nDi.2.2.2.t04003,1.909601831728264,0.37441658267302336,0.9846463151721011,0.4288509221199576,NA
nDi.2.2.2.t04009,2.000688510097648,0.1842806618919161,0.9100365000269541,0.709715980108969,NA
nDi.2.2.2.t04011,2.916746480610814,0.4451455113780412,0.9622683165792942,0.3868946396594377,NA
nDi.2.2.2.t04013,2.171389291624982,0.24610221459385204,0.9169752716952919,0.6088370219917767,NA
nDi.2.2.2.t04014,1.8555906564040008,-0.3064986123773378,0.9430994516088868,0.5030497856119924,NA
nDi.2.2.2.t04015,3.1086122085808094,0.8007322424458846,1.1830556649843387,0.1548096952107957,NA
nDi.2.2.2.t04017,1.6292158290531626,0.28159126327274053,0.9603730970354782,0.5330193076979397,NA
nDi.2.2.2.t04022,1.6347291588782753,0.295326958530084,0.9761647326284547,0.5173421092498178,NA
nDi.2.2.2.t04024,2.018012742869258,0.44770238147581687,1.0121350245400127,0.34689073680794275,NA
nDi.2.2.2.t04039,1.7496861251661038,0.5595375823309412,1.1577173578821327,0.19186568809736332,NA
nDi.2.2.2.t04042,1.9407150635221138,0.6264383331450966,1.188462131191726,0.17590657380934643,NA
nDi.2.2.2.t04044,1.709551449013469,0.12842489852009134,0.9141168462118285,0.8133847546071401,NA
nDi.2.2.2.t04045,2.063904535452151,0.382746631660364,0.9958999504698335,0.4155860960348532,NA
nDi.2.2.2.t04047,0.8912610259089397,0.30003154372853813,1.0402248484655863,0.47611082700771484,NA
nDi.2.2.2.t04050,1.1248165400805117,-0.012767266344684308,0.9304408891298458,0.8807266796343701,NA
nDi.2.2.2.t04061,2.3724860706061905,-0.30665936055604975,0.912983360783986,0.5257652664420752,NA
nDi.2.2.2.t04074,3.30390970436829,-0.07510450300592222,0.8368146728863068,0.8732545455111655,NA
nDi.2.2.2.t04075,1.6804785684903751,-0.041501164952716746,0.903092678520254,0.8875852578936367,NA
nDi.2.2.2.t04081,2.205523273697552,0.4938022074892564,1.0481627379860374,0.3072222642692938,NA
nDi.2.2.2.t04087,3.136232630900967,1.2962763363487553,1.88071651230712,0.046690589739223576,NA
nDi.2.2.2.t04094,1.7140712756217122,0.563340266693557,1.1514737476620727,0.20607647123165518,NA
nDi.2.2.2.t04105,1.5159217624871533,0.059247633348366836,0.9132485958483307,0.9356740890534059,NA
nDi.2.2.2.t04107,3.263880976325078,0.8156696326945706,1.203638501873192,0.15166223770450324,NA
nDi.2.2.2.t04117,0.5720307159737362,0.16683521376611624,1.0137108867274143,0.8052753573666773,NA
nDi.2.2.2.t04122,1.5950399403585087,0.014705348500959874,0.9103106197015135,0.9894045809943315,NA
nDi.2.2.2.t04155,0.9931875440812392,0.10351297019550103,0.9530351293250647,0.87263698109318,NA
nDi.2.2.2.t04167,1.5326964769602913,0.5227445745937563,1.1318268071621616,0.22411677154605456,NA
nDi.2.2.2.t04171,0.899931668647132,0.23655631629796833,1.0311212236262595,0.5325771105320967,NA
nDi.2.2.2.t04172,2.838727977609169,0.3071047321515118,0.9377051027820898,0.5354527416659913,NA
nDi.2.2.2.t04173,1.691555889803395,0.02741557427498595,0.9048976978557631,0.9750287462067773,NA
nDi.2.2.2.t04182,1.0454928143946334,0.16057139373292417,0.9609107686516656,0.7575836139922841,NA
nDi.2.2.2.t04185,2.8897447056846772,-0.39104655028240504,0.922912104804461,0.43621902462900913,NA
nDi.2.2.2.t04188,1.3607541605982498,0.4289889681175718,1.0848539631721357,0.3063565269246464,NA
nDi.2.2.2.t04198,1.9996822060650914,0.7515336523328587,1.2973547708747586,0.11206569428539993,NA
nDi.2.2.2.t04201,1.2326679655143922,0.015790187977640802,0.9257259336811875,0.9412315253346205,NA
nDi.2.2.2.t04207,2.6909342505960545,-0.059393527101950956,0.8579618383351032,0.8991007567614053,NA
nDi.2.2.2.t04211,2.5416079997199037,0.9817121262876217,1.521056913090872,0.06913605869890516,NA
nDi.2.2.2.t04221,2.86707560733013,0.1772184172105717,0.8782728250697668,0.7024292323464436,NA
nDi.2.2.2.t04228,2.0083604972491993,-0.6389633549421745,1.1069759041968388,0.20488235340812705,NA
nDi.2.2.2.t04231,1.0970879226257824,0.35957608561489734,1.057858127067011,0.3916529385542854,NA
nDi.2.2.2.t04232,1.4844554717783651,0.2106294931637305,0.9598978532615271,0.6541140925931496,NA
nDi.2.2.2.t04234,1.6962915618043142,-0.03338194932970133,0.899515388343159,0.9106234295676752,NA
nDi.2.2.2.t04235,2.0271476498164303,0.025965425782355823,0.884773573185355,0.9570766197823741,NA
nDi.2.2.2.t04237,2.9729629069937653,1.0964093627735443,1.624987745799945,0.0627513161161486,NA
nDi.2.2.2.t04240,1.9143308932039185,0.3462837833023162,0.978726299839996,0.46366138165499343,NA
nDi.2.2.2.t04256,1.514504636395848,0.1523302565748095,0.933012508358317,0.7710380768247731,NA
nDi.2.2.2.t04262,3.046533924923632,0.022727336441943007,0.8713584267934223,0.9645531165073544,NA
nDi.2.2.2.t04264,2.2580056018709596,0.5183704150469991,1.0562373284004904,0.29282858033115416,NA
nDi.2.2.2.t04272,2.2275131380089364,-0.21684090019735172,0.9006836061519783,0.6272207570641376,NA
nDi.2.2.2.t04282,2.2500852569488092,-0.049801112749225704,0.8770594300086667,0.912812795133364,NA
nDi.2.2.2.t04300,0.7818737613928972,0.2763865170870354,1.03691451591336,0.4923135476578197,NA
nDi.2.2.2.t04303,3.07155794156189,-0.04064078242066478,0.851902718838497,0.9309045609464418,NA
nDi.2.2.2.t04305,2.4682527214151158,0.29260062593976077,0.9274958202472866,0.5469845239002933,NA
nDi.2.2.2.t04308,2.575859856055694,0.3890183208887041,0.9681919568560595,0.3795144636489142,NA
nDi.2.2.2.t04309,1.8265950918203657,0.592078007383508,1.168402128149713,0.18665156322958504,NA
nDi.2.2.2.t04312,0.8921420962807088,0.2562420400023469,1.0371810569193771,0.4765806006440706,NA
nDi.2.2.2.t04318,0.7802847244471662,0.26095148226086856,1.0306462173559108,0.5484184482242771,NA
nDi.2.2.2.t04321,1.8935684286960275,0.14485981739015408,0.9292031063671433,0.6861468349924412,NA
nDi.2.2.2.t04327,1.9899078886905353,0.4507061127903731,1.0207980897985762,0.3524481168167569,NA
nDi.2.2.2.t04346,2.0409321446515056,-0.03367504333726635,0.8919262175973642,0.9352221624264496,NA
nDi.2.2.2.t04351,0.8998594614563868,0.30523332772923245,1.0422648800969039,0.46319660796026485,NA
nDi.2.2.2.t04366,1.436186787527737,0.22834481859203185,0.9550808779071854,0.6199285092960656,NA
nDi.2.2.2.t04368,2.1172460829832684,0.4654506532908689,1.023565816650072,0.3452047946400483,NA
nDi.2.2.2.t04371,2.72019808120815,0.13804041250297308,0.8942222641995312,0.7536355958780458,NA
nDi.2.2.2.t04374,1.4152263908338722,0.06896266435599831,0.9195899616051558,0.9419085869577289,NA
nDi.2.2.2.t04386,1.6341551582253973,0.5234213387277399,1.1312985307273113,0.22567810558808427,NA
nDi.2.2.2.t04387,1.088004666903394,0.14664324400265083,0.9551161803044821,0.7770536625945544,NA
nDi.2.2.2.t04397,1.1159188427982516,0.35494905295896184,1.0550610137114764,0.4062345216641632,NA
nDi.2.2.2.t04416,1.287889623546907,0.014983636774820994,0.9213780100772839,0.98647528831747755,NA
nDi.2.2.2.t04417,2.8884091709540334,0.13042067688764938,0.861264007100572,0.7926564994061478,NA
nDi.2.2.2.t04423,2.2027616013775706,0.045597734657411494,0.8753792225867937,0.9354526326899177,NA
nDi.2.2.2.t04424,1.0400532464179029,0.1480240041682451,0.9568592058450726,0.7914521915769264,NA
nDi.2.2.2.t04426,2.4328145939042654,0.13191531296640646,0.8799659136287068,0.7914389559109718,NA
nDi.2.2.2.t04433,2.312723983432615,0.49997355735401144,1.0458140728277827,0.30667180474309563,NA
nDi.2.2.2.t04438,1.8336659392878705,0.3988983697024292,1.0109965528118452,0.398844662276325,NA
nDi.2.2.2.t04439,2.8209424864844057,-0.5357270065363327,0.9792459022148443,0.2893879124729539,NA
nDi.2.2.2.t04445,3.257205766455156,0.8574737668773387,1.2425753435879852,0.13480055254533085,NA
nDi.2.2.2.t04450,0.7579538329256927,0.22226408814427717,1.029467788622491,0.545266052068818,NA
nDi.2.2.2.t04455,1.3788731157347112,0.22593388513041085,0.9621812479765357,0.6371028676027938,NA
nDi.2.2.2.t04459,3.1513953643308703,0.23763098272563962,0.885665840728205,0.6120806061433979,NA
nDi.2.2.2.t04460,1.037191575173401,0.3518742745693895,1.057211529221566,0.3896257193141313,NA
nDi.2.2.2.t04473,2.7741244906699234,0.49271734530217076,1.0011135219006968,0.3069908131779451,NA
nDi.2.2.2.t04474,3.360527216820963,0.08888845083282267,0.8442406499253745,0.8539600633156875,NA
nDi.2.2.2.t04476,1.9256212992146597,-0.08634978370015844,0.9027684933315219,0.835799088249508,NA
nDi.2.2.2.t04477,1.9306516009645323,0.4281891642854975,1.0197419938667283,0.3796844268479212,NA
nDi.2.2.2.t04487,3.0127394631902336,0.13142612890434932,0.8567082800971708,0.7944828249121609,NA
nDi.2.2.2.t04491,2.2675029203789037,0.6913261766746442,1.2287235497572064,0.15278678337804025,NA
nDi.2.2.2.t04498,2.261557923434252,-0.371259262486009,0.9684710616582026,0.40658514593898093,NA
nDi.2.2.2.t04504,0.9061220172486446,0.0728133689330717,0.9536542959844265,0.9509321017167702,NA
nDi.2.2.2.t04515,3.0066458770241895,0.4595332121540842,0.9697339397628438,0.3726942559684693,NA
nDi.2.2.2.t04516,1.0597135608194188,0.31801337176859706,1.0415637949565135,0.47844645201074604,NA
nDi.2.2.2.t04522,2.2609645732212886,0.294314351448354,0.9490757171135557,0.46263492205234896,NA
nDi.2.2.2.t04524,3.0951590822007153,0.10220274305806493,0.8539549246123529,0.8377001115373864,NA
nDi.2.2.2.t04528,2.3927047312733545,0.5593551115538616,1.0639094221612484,0.2692904361792406,NA
nDi.2.2.2.t04536,2.4816195307207614,-0.056981848107341415,0.8632253842082009,0.8994085001470634,NA
nDi.2.2.2.t04538,2.8644797809798304,-0.2561838676345206,0.879280807803182,0.6006770284759282,NA
nDi.2.2.2.t04545,1.9372879510448526,0.15029651370092414,0.9259637434933718,0.687419452738607,NA
nDi.2.2.2.t04554,1.796154030002854,-0.10098650004546582,0.8988622134995596,0.8183344839332136,NA
nDi.2.2.2.t04555,2.038077244648494,0.7493248752631279,1.2928527627656443,0.11435519872949505,NA
nDi.2.2.2.t04556,1.9133459079039983,0.2896399705924061,0.9851605939477759,0.4890519486160884,NA
nDi.2.2.2.t04557,0.8996002029312494,0.3123458044642684,1.0451336201795154,0.444077612370521,NA
nDi.2.2.2.t04563,1.5179609358276274,0.346494091712826,1.0003882375086832,0.4633531795212741,NA
nDi.2.2.2.t04569,1.18396618385394,0.33484476846759104,1.045305283766682,0.4579315984224765,NA
nDi.2.2.2.t04578,2.76352853960435,0.7016938867418223,1.1489832881610773,0.19244088472047471,NA
nDi.2.2.2.t04579,1.604576323786263,0.2229853424659647,0.9545509968204259,0.6532955195323515,NA
nDi.2.2.2.t04585,2.003630033926285,0.4588144300015756,1.0234838018697088,0.34278800088187306,NA
nDi.2.2.2.t04597,2.4185233889078086,0.32557794079263597,0.9550340688846735,0.42714921253098115,NA
nDi.2.2.2.t04619,0.6708345979902567,0.19771661096306514,1.016425024863586,0.7343090210304656,NA
nDi.2.2.2.t04620,2.0197518728755464,0.7136632291559212,1.2602098795007906,0.12859696657031147,NA
nDi.2.2.2.t04632,2.533176074800263,0.0773973362308989,0.86893318428945,0.8728059734347055,NA
nDi.2.2.2.t04644,3.228454931493154,0.8398061692636138,1.2162944091842314,0.14221067261776393,NA
nDi.2.2.2.t04646,2.5324266603592918,0.5506880383288462,1.0505750374533505,0.2689972817939648,NA
nDi.2.2.2.t04647,1.9718981186863624,0.04214842117872536,0.8874626760151741,0.925416634737305,NA
nDi.2.2.2.t04649,2.9530878696981766,0.3516055977039721,0.9157810726286263,0.4917762193939279,NA
nDi.2.2.2.t04650,2.505614411100074,-0.14963923478789196,0.874838643940184,0.7422087822076605,NA
nDi.2.2.2.t04652,2.01339985751219,0.2199561548863093,0.9385105008881461,0.5584775753064364,NA
nDi.2.2.2.t04656,2.7996728446724344,0.011697062714867127,0.8904242845641182,0.980427909421185,NA
nDi.2.2.2.t04658,1.7826202771042092,0.316322553922886,0.9701148278858645,0.4941879118165897,NA
nDi.2.2.2.t04660,2.6728447405078035,0.10945151396367606,0.8857018516709612,0.8038180868435307,NA
nDi.2.2.2.t04683,2.091992342838676,0.21844701222465768,0.9135064204550446,0.647276741869134,NA
nDi.2.2.2.t04688,2.134964256788702,0.5706737591409138,1.120345857052871,0.280879750052358,NA
nDi.2.2.2.t04690,1.9151230222869273,0.6794021923608408,1.2347846674192944,0.13985627170965956,NA
nDi.2.2.2.t04691,1.3695876875808737,0.46725009600976825,1.1052705711201798,0.2587546598315403,NA
nDi.2.2.2.t04696,1.8126673202279573,-0.001001609549934521,0.9358526996481555,0.9560733939957184,NA
nDi.2.2.2.t04697,2.9610475358904296,0.4083932754704292,0.9508492628389833,0.4246452056751494,NA
nDi.2.2.2.t04703,1.858129726593631,-0.33765119100916435,0.9550879404037786,0.4638875296894831,NA
nDi.2.2.2.t04714,1.8033910543257916,0.6283980998726306,1.1983351796699502,0.16064394344754554,NA
nDi.2.2.2.t04718,1.5776900468891384,0.04915595718915411,0.909954580855912,0.9428514417046117,NA
nDi.2.2.2.t04719,2.4024879219599775,0.19973557080942356,0.8930872434984394,0.6646886263388565,NA
nDi.2.2.2.t04727,1.0773623329678936,0.38046469882408634,1.0690962648202202,0.3405223509558028,NA
nDi.2.2.2.t04744,2.1898384288011785,-0.19683298610796227,0.919299979542746,0.636920816904504,NA
nDi.2.2.2.t04747,1.4867095045415106,0.49985994255492494,1.1206807670178736,0.23855341945795183,NA
nDi.2.2.2.t04749,2.1083671152454597,0.19866552403599716,0.9304629644445644,0.602495320572843,NA
nDi.2.2.2.t04751,3.269273418197779,0.32935116801097275,0.8963117506800449,0.5186126349457691,NA
nDi.2.2.2.t04770,1.5817724079703848,0.06250203106858862,0.9179461836584661,0.9069434454944252,NA
nDi.2.2.2.t04774,1.4001743669613456,0.2369814870023126,0.9602440989406535,0.6212211350908026,NA
nDi.2.2.2.t04778,2.477266963507023,-0.8860088326471628,1.3428698688072938,0.10789542304384966,NA
nDi.2.2.2.t04780,1.2189340402507491,0.21879432408753427,0.9665543802401576,0.6742058191521288,NA
nDi.2.2.2.t04801,1.3547071978855638,0.23263629885875511,0.9605459326927646,0.6162411535310227,NA
nDi.2.2.2.t04802,1.3194542196265195,0.4276424744414106,1.0856855859026258,0.3010196394891665,NA
nDi.2.2.2.t04804,2.318314636928104,0.33743476729300653,0.9434961805689656,0.4999710798550315,NA
nDi.2.2.2.t04822,1.002140458822982,0.34216415819054796,1.0541603551265366,0.40168506870138837,NA
nDi.2.2.2.t04825,1.916803023793389,-0.24078917333401859,0.9374086596713025,0.5893590852317427,NA
nDi.2.2.2.t04834,2.2623725123697582,0.7491832322946916,1.2772824805862606,0.1255629577886479,NA
nDi.2.2.2.t04836,1.1897829523027958,0.39190606754404717,1.0692853667112054,0.35123758203875977,NA
nDi.2.2.2.t04843,2.98676431240177,-0.22159661616850201,0.9279430264413712,0.5839629672688584,NA
nDi.2.2.2.t04850,3.141985989690931,1.2323375526535125,1.7910404897129664,0.0512772237816149,NA
nDi.2.2.2.t04852,2.527841435104424,0.01672551659818851,0.882284583935805,0.9714594632220566,NA
nDi.2.2.2.t04854,1.9446110441155873,-0.36850379642215864,0.965877694748337,0.42395614716042435,NA
nDi.2.2.2.t04864,1.8720986198235248,0.38520250234667114,0.9973676916372146,0.4284386186696737,NA
nDi.2.2.2.t04865,2.845310326991673,-0.3999324510327876,0.9580109164908744,0.37678349134923816,NA
nDi.2.2.2.t04866,1.5086280789928728,0.5147360420035328,1.1291721507401453,0.22593011465564097,NA
nDi.2.2.2.t04875,3.291785140170911,0.8980691629140266,1.2378983183711154,0.12954992787432704,NA
nDi.2.2.2.t04889,2.4472050895631314,0.3564931094046489,0.946776390345648,0.48070757232759337,NA
nDi.2.2.2.t04900,0.8448856736065388,0.2832440804826496,1.0381701699444514,0.48560956220070906,NA
nDi.2.2.2.t04906,1.2552577000534124,0.4372286364267091,1.0913871951194494,0.28740930106749113,NA
nDi.2.2.2.t04915,2.6168460642041445,0.3438229477118519,0.9304636337044426,0.48705383870595753,NA
nDi.2.2.2.t04918,2.2166568218549867,0.1229230071605163,0.930728300085837,0.6919915829750996,NA
nDi.2.2.2.t04919,1.5248714454060937,0.24172550979466942,0.9606747614604924,0.5935764498304201,NA
nDi.2.2.2.t04923,0.7281553120752614,0.21711456408497165,1.0289396147131986,0.5482817323197462,NA
nDi.2.2.2.t04924,1.4666350778128368,0.2732618511116289,0.9748180929988501,0.5714471202750726,NA
nDi.2.2.2.t04930,2.723653106850355,1.0149863205879446,1.5381514667186962,0.07080602167235005,NA
nDi.2.2.2.t04937,0.4744574073389168,0.14567361424363348,1.017863950602042,0.7354285407020791,NA
nDi.2.2.2.t04941,1.5851692706689575,0.3004263400834557,0.9732873521286791,0.5131271175711303,NA
nDi.2.2.2.t04943,2.411146214302174,0.1356936845601902,0.8860858792504612,0.7835139589952039,NA
nDi.2.2.2.t04959,1.601500354495713,-0.2116256201722175,0.9343140706014218,0.6192660273334512,NA
nDi.2.2.2.t04965,3.2840648929440004,0.5653415199676061,1.028376852006764,0.23969659731948767,NA
nDi.2.2.2.t04977,2.8978547947032065,0.03141809057092603,0.8554941355176221,0.9507465323593106,NA
nDi.2.2.2.t04981,1.8834256225414594,0.3607207304561607,0.985346125183716,0.4395821464800655,NA
nDi.2.2.2.t04982,3.207057275089137,-0.4987504714268378,0.9405188532241332,0.33725976547980013,NA
nDi.2.2.2.t04985,2.666191842518708,-0.017765679983095334,0.8582407635413544,0.9650128609716428,NA
nDi.2.2.2.t04995,3.1331114132744933,-0.3612954460838904,0.8920427184472709,0.4630982888132149,NA
nDi.2.2.2.t04998,3.1590008616416907,-0.4646213020957896,0.9438819530869782,0.34288751061373357,NA
nDi.2.2.2.t05004,1.8255622536649296,0.14911700476679154,0.9154270676185101,0.7806172304368778,NA
nDi.2.2.2.t05016,1.8503775157420634,0.6264218124026396,1.194522634805172,0.16538553446978901,NA
nDi.2.2.2.t05022,1.8101641073121084,0.14832005067925275,0.9103730125760927,0.7594552282864184,NA
nDi.2.2.2.t05023,2.2068353842127086,0.7815027390478589,1.3126050799712186,0.11177298065043831,NA
nDi.2.2.2.t05028,2.905480398636093,0.5541109172526552,1.021665533563125,0.28413250467822787,NA
nDi.2.2.2.t05029,1.231049633267309,0.4056496673792264,1.074979803160773,0.33441605152210396,NA
nDi.2.2.2.t05035,3.197351454742376,0.5625081887861703,1.0132984846327497,0.28858694982856953,NA
nDi.2.2.2.t05037,2.0606326562106214,0.46341158473584476,1.0265370652735188,0.3467711356102077,NA
nDi.2.2.2.t05042,2.7199491258100363,-0.5229242393124063,0.9828456986199968,0.2931862747950327,NA
nDi.2.2.2.t05043,2.6048294726857715,0.20361621435618743,0.8877033409496838,0.6943219454200498,NA
nDi.2.2.2.t05053,0.7331921553733672,0.22924138081770437,1.0221506480757392,0.6419302688902377,NA
nDi.2.2.2.t05055,2.300971051881793,0.007863386844925555,0.8858509024994476,0.9875583447905952,NA
nDi.2.2.2.t05067,1.7111239917707795,0.15403703975275718,0.9180462868669202,0.7698786718815718,NA
nDi.2.2.2.t05081,2.301460799091329,0.7549940062109669,1.280913682139902,0.12782276214050867,NA
nDi.2.2.2.t05093,1.4919121839490217,0.26814364192525686,0.967658230861206,0.5577355464397695,NA
nDi.2.2.2.t05103,2.2555482950149175,-0.27313221933789333,0.9066835180164491,0.5678375681454295,NA
nDi.2.2.2.t05108,1.0298331586332292,0.11398919288901549,0.9542973374188748,0.8615174152123989,NA
nDi.2.2.2.t05110,2.529515121256006,0.07139507445449512,0.888123777567432,0.8691049111754643,NA
nDi.2.2.2.t05117,2.76176719533483,0.25593195852220685,0.9391365667613596,0.4863574883319633,NA
nDi.2.2.2.t05119,2.337813327657992,-0.1344549668841701,0.90127873559287075,0.7473690141450076,NA
nDi.2.2.2.t05132,3.0656432919578145,-0.7467868651460831,1.0865011903629715,0.16998082867394906,NA
nDi.2.2.2.t05143,2.367565778126016,0.30043434527310214,0.9323590460076586,0.5515350959230352,NA
nDi.2.2.2.t05149,3.128229018404544,0.2908435012297242,0.8911610678586603,0.5623524996424989,NA
nDi.2.2.2.t05152,2.668278003304602,0.3834567627441548,0.9456714627142419,0.44270920094000127,NA
nDi.2.2.2.t05165,3.169429575636222,0.4588716186043929,0.9907682610377738,0.291516030830875,NA
nDi.2.2.2.t05166,1.0537371275039444,0.341058578075733,1.051105084305393,0.42207897265524796,NA
nDi.2.2.2.t05168,2.5723838210701806,0.3647913421161449,0.943328925153419,0.4665259871373872,NA
nDi.2.2.2.t05170,2.4901958662689103,0.04752825633711329,0.870646573419567,0.9368666580520116,NA
nDi.2.2.2.t05177,1.8087121393022574,0.1327735862697057,0.9073961689788659,0.7798614026659072,NA
nDi.2.2.2.t05178,1.4168329857009452,0.21202799416969664,0.9557706953170332,0.6411333360088312,NA
nDi.2.2.2.t05180,1.7626057483058748,0.33467892859227516,0.9756276504460364,0.46972712349809426,NA
nDi.2.2.2.t05185,0.6371635714158038,0.19749038036947225,1.0172720878826733,0.7200090764818898,NA
nDi.2.2.2.t05189,3.2484124584374925,0.4789833396695617,0.9556040983821372,0.36027675065977954,NA
nDi.2.2.2.t05199,1.54452960929464,0.4654244612054317,1.0949176474398403,0.29638950156075844,NA
nDi.2.2.2.t05206,1.9111706479414936,0.649415789337328,1.2100659094268345,0.15551203895544405,NA
nDi.2.2.2.t05211,2.586066083315612,0.231248798464084,0.8980055962812651,0.6523548035813532,NA
nDi.2.2.2.t05212,3.259426397598107,-0.26829462844845525,0.8663790783648434,0.5923106320854291,NA
nDi.2.2.2.t05213,2.376118013987857,0.817876864360733,1.3398926105778535,0.10619276652010039,NA
nDi.2.2.2.t05216,1.2957565485001763,0.41063789421074354,1.0776640528870245,0.32350173026862783,NA
nDi.2.2.2.t05218,2.3450783199776732,-0.042691732375764097,0.893636842429484,0.9161478373637636,NA
nDi.2.2.2.t05220,0.9077808510102913,0.2580689159385289,1.0270352114574341,0.589106920945617,NA
nDi.2.2.2.t05225,3.1255607557948446,0.7527056527637301,1.142325609992255,0.17377268661634063,NA
nDi.2.2.2.t05226,1.0711587821641104,0.37564224193534473,1.0705673636078445,0.3310982569737872,NA
nDi.2.2.2.t05229,3.1862761822778696,-0.14728494029109604,0.8455767680937046,0.7655634869401238,NA
nDi.2.2.2.t05231,0.9654734638737141,0.14956059308806927,0.9705705846100399,0.8494018130622129,NA
nDi.2.2.2.t05232,2.0068049773343675,0.3971156235622115,0.9894566528650591,0.39604323020260623,NA
nDi.2.2.2.t05235,1.5227114132217032,0.4766364729978869,1.1044764761898205,0.26991491969764836,NA
nDi.2.2.2.t05242,2.402851385532371,-0.37729261488395993,0.9363835317864087,0.4399151494013457,NA
nDi.2.2.2.t05247,1.3619615773129674,-0.04804399085758757,0.9211100832711436,0.8777652181260657,NA
nDi.2.2.2.t05251,2.095182034384192,0.7044682091668768,1.2468540677585607,0.13916428442420534,NA
nDi.2.2.2.t05256,1.1566862870899037,0.37467723381017976,1.062273399678984,0.3759421850692527,NA
nDi.2.2.2.t05258,1.1823704378897022,0.18931631025057613,0.9587621975526881,0.7055394861379238,NA
nDi.2.2.2.t05259,1.7506123143776122,-0.03969693612019209,0.897268611870425,0.907864354601853,NA
nDi.2.2.2.t05267,2.2192443420759145,0.49605307369380125,1.0322508248029667,0.31373257481605604,NA
nDi.2.2.2.t05269,2.839121456003674,0.44018504825072546,0.9612871587974735,0.38898541399411457,NA
nDi.2.2.2.t05270,2.0987941467031215,-0.4524503315158496,0.9880880007850442,0.3535813442966034,NA
nDi.2.2.2.t05271,3.145621703722504,0.08800481174669293,0.8435037475822226,0.8564110525142556,NA
nDi.2.2.2.t05276,1.9355885547787763,0.40715341793113424,1.0023228974743963,0.3840328723327632,NA
nDi.2.2.2.t05278,2.28769643634696,0.4671535432163724,1.0091218145752037,0.3339804100830976,NA
nDi.2.2.2.t05293,3.160864222271357,0.48577679268316953,0.9647951592315093,0.3501119480463082,NA
nDi.2.2.2.t05294,1.8445731302109984,0.38019473712210633,0.9958508532248865,0.4279706468759364,NA
nDi.2.2.2.t05296,1.8606723725960455,0.4231215867223432,1.0197383253693464,0.38786876339089454,NA
nDi.2.2.2.t05323,2.2509372547951934,0.7620167586675337,1.2917311284355932,0.12115066266789695,NA
nDi.2.2.2.t05326,2.7542666839720398,0.3284641196677946,0.9310624284519596,0.49789135532008444,NA
nDi.2.2.2.t05330,3.1582072482761974,-0.5180799421451828,0.9575141122297139,0.31467042252093713,NA
nDi.2.2.2.t05331,2.239977779247246,0.8074763214537,1.337360778461208,0.10385829154096961,NA
nDi.2.2.2.t05341,1.0160533658322042,0.1364704635516095,0.9555208961031706,0.7915198106043736,NA
nDi.2.2.2.t05355,1.1669055158792268,0.3459905377481898,1.050054035886944,0.43364257253278893,NA
nDi.2.2.2.t05361,2.2458755395966934,0.2692305967184184,0.9399244850934322,0.5114938680298553,NA
nDi.2.2.2.t05363,1.9077215189073078,0.6260636615299969,1.1897587990514715,0.17403518568352772,NA
nDi.2.2.2.t05392,1.7323660533903946,0.6008728640037193,1.1813710160877102,0.17298787972395796,NA
nDi.2.2.2.t05397,1.933993886540641,0.39442608247636657,0.9936741686126482,0.4043071896843731,NA
nDi.2.2.2.t05398,2.4774361135870677,0.07433279412124204,0.877239067960734,0.8701119819172349,NA
nDi.2.2.2.t05401,1.5213406532794145,0.5015304251457087,1.1183788965866936,0.2457047117270348,NA
nDi.2.2.2.t05402,2.3785025556963872,0.8999872967828529,1.42918678469302,0.08358902767589807,NA
nDi.2.2.2.t05403,1.4341061149906567,0.48452487771099284,1.1118730090831155,0.2519156849837089,NA
nDi.2.2.2.t05404,2.1300114023420704,0.46630643462631577,1.018829403252143,0.33693580050969235,NA
nDi.2.2.2.t05411,1.625321168465625,0.3229797075467141,0.9857954608388828,0.4933468328223713,NA
nDi.2.2.2.t05412,2.23711574129613,0.19848890234605712,0.9358016853982706,0.569877491219289,NA
nDi.2.2.2.t05413,1.6140718091326618,0.29848784838452064,0.9704382004341061,0.5242202889906924,NA
nDi.2.2.2.t05414,1.3804659859631256,-0.21776848292281556,0.9428286919496397,0.5894184534486584,NA
nDi.2.2.2.t05421,1.806801749929999,0.6322784339796099,1.201446981990879,0.15812375893857356,NA
nDi.2.2.2.t05436,2.9893820263686997,-0.13773707193933643,0.90853561718403,0.7289525336412994,NA
nDi.2.2.2.t05439,2.61898093350697,0.25379424672271556,0.8940970508149537,0.5922429662928101,NA
nDi.2.2.2.t05442,2.4662143250259616,-0.19725925638093222,0.8854759469044272,0.6776923234535523,NA
nDi.2.2.2.t05447,1.4478303136858048,-0.06311923040114727,0.9152739355618056,0.8151903839252527,NA
nDi.2.2.2.t05448,2.798400229823382,0.35494598207217365,0.9349894840569637,0.4705579437607055,NA
nDi.2.2.2.t05464,2.696716737090436,-0.3731993650708618,0.9285861512645444,0.44250050067022734,NA
nDi.2.2.2.t05475,1.2328791844489322,0.2068630284225333,0.9613845457106389,0.6759446147956576,NA
nDi.2.2.2.t05476,0.8278258555156728,0.2858210662498397,1.0375585398862865,0.4906483968499831,NA
nDi.2.2.2.t05478,1.1679112984619013,0.4093115525914085,1.084680223057534,0.29238103063244003,NA
nDi.2.2.2.t05479,2.1153294021096984,0.7424856444103609,1.2804662461526934,0.12281976465979456,NA
nDi.2.2.2.t05486,1.6631069667788752,0.07723645049556772,0.9080902797246106,0.8795776265335375,NA
nDi.2.2.2.t05500,2.6791736934357293,0.7312996514997269,1.2729723159702233,0.12393345204767445,NA
nDi.2.2.2.t05504,0.7810213929810106,0.2646939154436413,1.0332515651752434,0.523344458734849,NA
nDi.2.2.2.t05510,1.6484847613901512,0.5160046642150947,1.1238839534764284,0.24041892660503858,NA
nDi.2.2.2.t05514,1.640818044754315,0.05628816405118056,0.9161460233748338,0.892232145027646,NA
nDi.2.2.2.t05525,2.753816114267453,-0.4784646896416908,0.9522666151751585,0.33915276535473055,NA
nDi.2.2.2.t05527,2.039707598299506,0.04778227001144919,0.9335587781758268,0.8406967192218182,NA
nDi.2.2.2.t05529,2.2968053669554926,0.2481857754983638,0.9212351167090951,0.6161675326049345,NA
nDi.2.2.2.t05530,2.792476209476728,0.882071917341853,1.3798505412365483,0.10141719726697236,NA
nDi.2.2.2.t05532,2.1283996239100924,0.22633733987770466,0.9183548393094073,0.6313954474396122,NA
nDi.2.2.2.t05534,2.385111138620628,0.860231597685579,1.3825154285410528,0.09441278977225208,NA
nDi.2.2.2.t05538,0.7257297056525505,0.23916233109445864,1.025490831408299,0.6009430607834267,NA
nDi.2.2.2.t05540,2.8819557140203953,1.1204273895093597,1.6613085986003366,0.059360636299740775,NA
nDi.2.2.2.t05543,3.0458919366240784,0.7379460230740429,1.160915293029634,0.17499553852823388,NA
nDi.2.2.2.t05544,2.800396166501413,0.9615931652697485,1.4819036046240677,0.07832783774427379,NA
nDi.2.2.2.t05554,2.263420970496707,-0.03538637255364528,0.8785157195531559,0.9361987069635876,NA
nDi.2.2.2.t05558,1.2288990912256545,0.38425528911444146,1.0646167047303332,0.3701020395209456,NA
nDi.2.2.2.t05559,0.9378655805431643,0.0951199253970687,0.954838127350026,0.9045112789013133,NA
nDi.2.2.2.t05562,1.3992466112583912,0.019681268282705815,0.9234936299442722,0.9759769264452736,NA
nDi.2.2.2.t05564,0.5381347312372388,0.16501275673468238,1.0203122596940966,0.6762861069685251,NA
nDi.2.2.2.t05578,1.3244129773484619,-0.05386769194453643,0.9219432469053612,0.8607461169146409,NA
nDi.2.2.2.t05590,1.7219613405240675,0.2632923276327372,0.9613234003100055,0.493643635517467,NA
nDi.2.2.2.t05594,2.5319350097701654,0.024623661753387063,0.8806091117235826,0.9588205767168124,NA
nDi.2.2.2.t05595,2.648463217275056,-0.044865670076969365,0.8583184794933628,0.920555682918841,NA
nDi.2.2.2.t05599,2.8539341220148478,0.46014810427492486,0.9923491168607146,0.31223913491017685,NA
nDi.2.2.2.t05608,3.3102742842797963,-0.7643593615946392,1.093568995122117,0.16229719366066672,NA
nDi.2.2.2.t05610,2.5664357827685147,-0.38725667868294006,0.9277483449958116,0.42160659627326635,NA
nDi.2.2.2.t05617,3.2390792721110593,-0.1379251055397428,0.8612141988133435,0.7641353960947307,NA
nDi.2.2.2.t05639,2.3602303034631644,0.6213114507838211,1.1133120759724886,0.2202933672217254,NA
nDi.2.2.2.t05641,3.245539939334344,0.7940830543583433,1.1657983758022803,0.160546200809537,NA
nDi.2.2.2.t05642,1.9860624017084174,0.1789570747363812,0.9166749288568731,0.7014261581693011,NA
nDi.2.2.2.t05644,1.1279473667188515,0.3614560900674152,1.0622776385440347,0.3676247177363551,NA
nDi.2.2.2.t05646,1.658995642457139,0.07087876436090117,0.906564398884136,0.882803286484386,NA
nDi.2.2.2.t05647,2.7530912020515017,0.3691317980526441,0.9735002169498692,0.3556596116804035,NA
nDi.2.2.2.t05651,1.8973687939803614,0.2926516289256867,0.9562824626642242,0.4975629356780498,NA
nDi.2.2.2.t05654,1.4557307323343016,0.22243790162439814,0.9546104547677606,0.6415417580339872,NA
nDi.2.2.2.t05658,1.1163409316631017,0.14531004186451946,0.952156005637126,0.7630773839399065,NA
nDi.2.2.2.t05662,2.0099542482538495,0.046835587338567054,0.8955541682354472,0.9527675850564967,NA
nDi.2.2.2.t05667,0.7894866433921304,0.26853654196291343,1.032746431414804,0.5284540988460182,NA
nDi.2.2.2.t05670,1.1670185190835571,0.18178527276974718,0.9591054190878868,0.7344199942961889,NA
nDi.2.2.2.t05671,1.8947025795391914,0.4019138022008964,1.004579337929627,0.40916841011890176,NA
nDi.2.2.2.t05672,2.4654981883774605,-0.42912732618698246,0.9513102303515006,0.3779682484875413,NA
nDi.2.2.2.t05673,0.6722601139783442,0.2034284800384822,1.0265777780185845,0.5747734460522654,NA
nDi.2.2.2.t05674,1.8951322471791028,0.22020056748910963,0.9393134319155253,0.5743308526115101,NA
nDi.2.2.2.t05682,2.790117506116897,0.3882907085950213,0.9432252312785364,0.44580129364748317,NA
nDi.2.2.2.t05683,3.317770508699739,0.8693240965349684,1.2613902137344095,0.13085073847931963,NA
nDi.2.2.2.t05688,1.8852144986960493,0.14344353011748154,0.9090806086724905,0.7674470197888115,NA
nDi.2.2.2.t05689,1.9696140468903809,0.3860090103263315,0.9957628300678882,0.41541546933537493,NA
nDi.2.2.2.t05690,2.96404561662147,0.40702299168953104,0.9424091266102709,0.4241496804330778,NA
nDi.2.2.2.t05694,1.7029717907057542,0.3630568856258482,0.994091522506653,0.43503642766772754,NA
nDi.2.2.2.t05704,2.3376322921576973,0.36535566066665576,0.9639010135733056,0.40753917372781895,NA
nDi.2.2.2.t05707,3.1285413664293573,0.18740313631063166,0.8645855279609407,0.7103465576482944,NA
nDi.2.2.2.t05708,0.9749578463777677,0.3292291153904509,1.049557036124337,0.4240782952267281,NA
nDi.2.2.2.t05712,2.9736580182899193,0.18801145631537042,0.8845665380492025,0.6818441171630724,NA
nDi.2.2.2.t05719,2.1101082242675147,0.43868626961394847,1.0134557895418828,0.35186365325455593,NA
nDi.2.2.2.t05727,2.8114960914779803,0.15719702365518395,0.878778974662667,0.731365923708212,NA
nDi.2.2.2.t05731,3.3351561718111116,-0.16331035302223254,0.8656184140642638,0.7214113241007793,NA
nDi.2.2.2.t05733,1.3170384788462828,-0.06915463500990178,0.9237826674001018,0.7798293311043496,NA
nDi.2.2.2.t05735,1.0461908267218036,0.3607707846739698,1.0611369286171786,0.372127398814981,NA
nDi.2.2.2.t05737,1.775780509732205,0.5564327322550178,1.145517565525196,0.21509081237352104,NA
nDi.2.2.2.t05744,2.0722114947897987,0.22706621373809555,0.9154310877319835,0.6324849996958335,NA
nDi.2.2.2.t05745,1.6641849626070566,0.12003053734771416,0.9127840772851603,0.8053760565280976,NA
nDi.2.2.2.t05746,2.068305714108916,0.4444571519947366,1.0188990618853857,0.35492649144742366,NA
nDi.2.2.2.t05757,1.6151914511355552,0.048386440443652826,0.9117274198146644,0.9488615176361672,NA
nDi.2.2.2.t05759,1.144043594425397,0.13605972314376377,0.9592567657096945,0.6998055558541141,NA
nDi.2.2.2.t05780,1.4306410914652872,0.5164296905878244,1.1349336720716496,0.21185676622222382,NA
nDi.2.2.2.t05781,0.6508937871110021,0.2211455915912403,1.0234488209130543,0.6233541245175065,NA
nDi.2.2.2.t05783,2.6095184237541185,0.827120699875706,1.3388704452621039,0.11005374730909266,NA
nDi.2.2.2.t05788,1.9050691950352077,0.6489229707866516,1.2168482027713288,0.14464628312080663,NA
nDi.2.2.2.t05800,2.45012670433413,0.3594664652228288,0.9502974628521167,0.48036501090511413,NA
nDi.2.2.2.t05801,1.071203194322217,0.13246488785445198,0.9526226288018139,0.7964864888774587,NA
nDi.2.2.2.t05824,2.885341776585789,0.6809391740936882,1.1144789421001682,0.20270960495114312,NA
nDi.2.2.2.t05827,1.6475229162631626,0.43856987423898347,1.108117545316926,0.22338037844683906,NA
nDi.2.2.2.t05833,1.3244522592161325,0.35909678461559147,1.0494780626321167,0.44479821364652455,NA
nDi.2.2.2.t05836,1.6633957472374807,-0.09422889659931821,0.9039772345915809,0.8154626556858563,NA
nDi.2.2.2.t05837,3.0057884895119464,-0.0781435554763825,0.8521721559680928,0.8688892413006603,NA
nDi.2.2.2.t05839,1.4325475961796679,0.38158629718569037,1.0555724943735083,0.419582559376019,NA
nDi.2.2.2.t05846,0.9948469934493512,0.3400815351678757,1.0527582872612657,0.40856996955330216,NA
nDi.2.2.2.t05861,0.5219031480728085,0.15896614218899996,1.0192971550482044,0.6988299592164835,NA
nDi.2.2.2.t05864,2.800813685377749,0.9168564189758489,1.428076760667774,0.08844289146001255,NA
nDi.2.2.2.t05872,2.616801529939048,0.35661736175734754,0.9410088067985319,0.4696213404530478,NA
nDi.2.2.2.t05874,1.586080410795144,-0.06823594634016558,0.909093662844696,0.8467394410888098,NA
nDi.2.2.2.t05883,2.8777098218787285,0.2551499298393298,0.8920975454745497,0.5907309287903889,NA
nDi.2.2.2.t05886,1.3282761699766372,0.3684025777504572,1.062676382246029,0.37449317807146315,NA
nDi.2.2.2.t05895,2.1263541186056165,0.43981766808625145,1.0197152014942472,0.3770282487749545,NA
nDi.2.2.2.t05896,3.043022659620443,1.1653642800215764,1.7165241381863636,0.05504067936746815,NA
nDi.2.2.2.t05900,1.9947101210614162,-0.10404231989314787,0.8921624595532767,0.8154076040778373,NA
nDi.2.2.2.t05901,2.858544537754443,0.09731996520396212,0.8736301047705718,0.8308498384285381,NA
nDi.2.2.2.t05904,2.948977186784096,0.7361194824891106,1.1572009417781606,0.17822343845070057,NA
nDi.2.2.2.t05906,1.668212849290068,0.14720025995182295,0.9192898623372249,0.7965006899121921,NA
nDi.2.2.2.t05907,3.201590268430581,1.306585011661184,1.8845677651212662,0.04684058031162832,NA
nDi.2.2.2.t05916,1.8362862010151628,-0.5932813993311241,1.092779127904234,0.2193280071561991,NA
nDi.2.2.2.t05935,2.0757263170862394,-0.14016408157943197,0.8908153816445713,0.757957199454528,NA
nDi.2.2.2.t05938,1.972624729211364,0.20488239251879012,0.9145972300936703,0.6618840889520698,NA
nDi.2.2.2.t05939,1.7815427081823771,0.1396753186009484,0.9135690756513183,0.7656369192912889,NA
nDi.2.2.2.t05943,1.4358115925508799,-0.12241137409749323,0.9199103436567599,0.7316581328140219,NA
nDi.2.2.2.t05947,0.8680096001602708,0.2782689163964578,1.033119249121067,0.5298490648954433,NA
nDi.2.2.2.t05948,1.4295335880844726,0.011270303902607914,0.9163205624916305,0.996769294411056,NA
nDi.2.2.2.t05950,3.283655553953946,1.318588805189554,1.8990153645080459,0.046050499804207695,NA
nDi.2.2.2.t05953,2.10745805551787,0.41993348602873776,0.995795359259695,0.3836391675456999,NA
nDi.2.2.2.t05955,2.849086051778739,0.3291049910069562,0.9072516084266407,0.498115304850662,NA
nDi.2.2.2.t05958,1.4765414572807658,0.16650998738851064,0.938584640718074,0.6787034533879295,NA
nDi.2.2.2.t05960,2.2283767774066163,0.4980946147748162,1.032051700580921,0.3111000861387222,NA
nDi.2.2.2.t05968,2.7668077587032496,0.6054143120835866,1.1125385339337077,0.23265017916398176,NA
nDi.2.2.2.t05969,2.6614674355909713,-0.054368806818134024,0.8609455318178215,0.9073796359178864,NA
nDi.2.2.2.t05970,2.106326722380813,-0.14322702368950405,0.9130038752263293,0.7254740540575808,NA
nDi.2.2.2.t05979,2.9946834423835647,0.19704496981371228,0.8689880689739699,0.699507300671578,NA
nDi.2.2.2.t05980,2.0910770105255834,0.6998192797797282,1.251204052665566,0.1305369099920875,NA
nDi.2.2.2.t06001,3.2582083326777185,-0.08244794275294597,0.8369291188153557,0.8614001203460452,NA
nDi.2.2.2.t06002,2.138742642500234,0.80804156925307,1.3484618690365495,0.09637830599050361,NA
nDi.2.2.2.t06005,1.4890874477033722,0.058350434479146715,0.9157516689906454,0.9189899773337271,NA
nDi.2.2.2.t06006,1.9787181762451318,0.1760922331859022,0.9161878031740568,0.7063387414310797,NA
nDi.2.2.2.t06010,2.344890456661436,0.23410105593405542,0.9158904353331012,0.6141170037111525,NA
nDi.2.2.2.t06021,1.6707848967710752,-0.21269894577167406,0.9233176631290346,0.6331468744282948,NA
nDi.2.2.2.t06025,1.1697320116585679,0.20489159629246212,0.9689634432024373,0.7136022694329476,NA
nDi.2.2.2.t06029,1.9616388259525213,0.19352327638816944,0.9140469103533291,0.6831853374953049,NA
nDi.2.2.2.t06030,1.8390314760434685,0.6057851155816438,1.177147226807516,0.1794298337702739,NA
nDi.2.2.2.t06041,0.9062712440649092,0.2899815673890522,1.036843643840703,0.5022606328996788,NA
nDi.2.2.2.t06050,2.9908705820668953,-0.7935886579790711,1.140982478725334,0.14112430233848094,NA
nDi.2.2.2.t06051,1.1090125985013708,0.15972234083870177,0.9569657547712399,0.7458240232165907,NA
nDi.2.2.2.t06059,3.247544290155175,0.16064181296366717,0.8433443245195597,0.7459154771931237,NA
nDi.2.2.2.t06065,1.7359159019706694,0.07858190760251663,0.9050008955203181,0.8866909025088464,NA
nDi.2.2.2.t06081,2.081982903938833,0.5943564544177506,1.1642274286090906,0.20024033931769783,NA
nDi.2.2.2.t06083,1.006771356471185,0.36289504744466705,1.0634064668515884,0.35866429158892604,NA
nDi.2.2.2.t06084,1.4566256667443898,-0.10484150311902478,0.9313978772972785,0.7924559491194727,NA
nDi.2.2.2.t06091,2.2149429306290873,0.7937463176183778,1.3348495525595556,0.09944635841913739,NA
nDi.2.2.2.t06102,2.8128905460870812,-0.10340113487195876,0.8691657219652366,0.8203602661975866,NA
nDi.2.2.2.t06106,1.7998552953733142,0.16712312337677007,0.9144967064773281,0.7200486289978855,NA
nDi.2.2.2.t06118,1.7233881102433632,-0.14878994877931123,0.9132123339556768,0.7302040881108994,NA
nDi.2.2.2.t06122,1.4325821583267004,0.24859197386531381,0.9619123505661414,0.5979382190230453,NA
nDi.2.2.2.t06123,1.4415241244896255,-0.014382231592664824,0.9141127394970742,0.9432715745222984,NA
nDi.2.2.2.t06127,1.8021267612151313,0.5970978544684673,1.17442286580487,0.18141484592768717,NA
nDi.2.2.2.t06130,2.6488503861929553,0.6431889483041717,1.1117520845183824,0.2195774265635788,NA
nDi.2.2.2.t06134,3.360213743207825,0.5269575600913504,0.9805432590003197,0.31696921340474593,NA
nDi.2.2.2.t06137,1.212789144859015,0.40303987082180764,1.0746849242722065,0.33204374358898187,NA
nDi.2.2.2.t06145,2.7372061501343365,-0.973677672303965,1.4179179188237667,0.08350470622127334,NA
nDi.2.2.2.t06151,2.6030882714528243,0.059718062842449474,0.8918022114582569,0.8892888890028607,NA
nDi.2.2.2.t06152,2.730931317007036,0.38609168848125874,0.9703091412383463,0.3625548080000564,NA
nDi.2.2.2.t06159,1.5947958462361265,-0.047199478594663585,0.9157657576741911,0.8643115395468683,NA
nDi.2.2.2.t06164,3.2075691588496205,-0.5242458618502668,0.9725492708432747,0.297246730948202,NA
nDi.2.2.2.t06165,1.6993176930716307,0.02390998569842129,0.8990523794324702,0.985384004880181,NA
nDi.2.2.2.t06172,2.1605519160025732,0.0228322081452507,0.8860495146022861,0.9599737244809734,NA
nDi.2.2.2.t06176,3.007402063802168,1.0872117128363055,1.6042295778989344,0.06579539126553659,NA
nDi.2.2.2.t06183,2.306600728856689,0.4901673054199135,1.0234319044385587,0.3129734801198215,NA
nDi.2.2.2.t06185,2.0310714042778546,0.6486265654424683,1.2015917003436056,0.16767610735980149,NA
nDi.2.2.2.t06197,2.356793193595097,0.776782167906355,1.3053872272324256,0.11489159643522069,NA
nDi.2.2.2.t06200,1.9350636865948212,-0.01888245395901478,0.8879875441605259,0.9408282920671504,NA
nDi.2.2.2.t06211,1.9441009631744701,0.664606179429785,1.2227207288838462,0.14652743572697227,NA
nDi.2.2.2.t06215,2.518104997944953,-0.0014190827968225948,0.8682266387881145,0.9952395056572326,NA
nDi.2.2.2.t06219,1.2783371035181488,0.39411920497837266,1.0681669594441188,0.3605195433145007,NA
nDi.2.2.2.t06224,2.2739129342041027,0.4846042167830447,1.033828313465749,0.3142193975760708,NA
nDi.2.2.2.t06235,2.4313208345690702,0.8340496171042269,1.3512490323895936,0.10396970060002197,NA
nDi.2.2.2.t06240,2.559269494614559,0.5883917177507854,1.0743504980082204,0.25452995907666487,NA
nDi.2.2.2.t06242,1.3134617250894696,0.17992189962210844,0.9521422873209409,0.7091157440776883,NA
nDi.2.2.2.t06261,1.5805731379801213,0.2971452374406928,0.972457585689637,0.5365330259812284,NA
nDi.2.2.2.t06263,2.808723451567705,-0.62829278002032,1.0587059071961313,0.22491314673839172,NA
nDi.2.2.2.t06264,1.5675800367499901,-0.10977397214269771,0.9105213640067648,0.7699752802096573,NA
nDi.2.2.2.t06265,3.1653845771683295,-0.19877609437046084,0.8680806673632856,0.678549018953499,NA
nDi.2.2.2.t06266,1.3966359548759197,0.42516718375086815,1.079295090611571,0.32444012602869077,NA
nDi.2.2.2.t06267,2.104790369541387,0.6986520785912819,1.2404807881544062,0.14080032059350187,NA
nDi.2.2.2.t06272,3.344526483868343,0.8224125927169949,1.1995004769923474,0.14610930706789746,NA
nDi.2.2.2.t06273,2.3648037278021192,0.010172561622906372,0.8692775966432316,0.9990300458195561,NA
nDi.2.2.2.t06274,2.5893834075320843,-0.12450441270316726,0.8674074509520437,0.7855608108391013,NA
nDi.2.2.2.t06292,3.3495256903269475,0.33481820720025696,0.892536435840758,0.5126451530869762,NA
nDi.2.2.2.t06306,1.452986932776642,0.2832608939564923,0.9893874681702126,0.5567144602011304,NA
nDi.2.2.2.t06310,2.875040546822438,0.6943706222973346,1.119628492560981,0.19534826620235377,NA
nDi.2.2.2.t06312,2.611554742805282,0.6596260285472256,1.1909560149993552,0.18737449624403202,NA
nDi.2.2.2.t06314,2.6472550115094275,0.028523952470682932,0.863035298252168,0.953527313548778,NA
nDi.2.2.2.t06326,1.7706771428668655,0.6072790642833961,1.1828104014804717,0.17416028619705604,NA
nDi.2.2.2.t06328,1.6491584973619364,0.01017113573947907,0.9061368839476847,0.9884312750376459,NA
nDi.2.2.2.t06329,1.3679825192335493,0.28312332938785617,0.9795356042959179,0.5579966484044694,NA
nDi.2.2.2.t06330,1.6073667940322487,0.03626989005834495,0.9090822647731233,0.9755357437367644,NA
nDi.2.2.2.t06335,1.4323563074991434,0.5313930125066842,1.1447308201201036,0.19835610148125288,NA
nDi.2.2.2.t06337,1.549657623309535,0.30679600763489645,0.975362862747586,0.5092277152975587,NA
nDi.2.2.2.t06338,3.3125502594473972,-0.17496477346866574,0.8429719208882782,0.7181082950521693,NA
nDi.2.2.2.t06339,1.4886775567222617,0.20559131319500507,0.952804973826232,0.6638053953312388,NA
nDi.2.2.2.t06346,0.8582255569880569,0.2916317393789389,1.0405144188956115,0.4699924287467978,NA
nDi.2.2.2.t06351,3.184547648445875,-1.3649082217896449,1.6215253601627746,0.051184337971562924,NA
nDi.2.2.2.t06358,2.08230842166226,-1.196874471684111,2.215658114977355,0.015961982651908107,NA
nDi.2.2.2.t06366,1.2981736877130345,-0.21807125335350158,0.9589398486933003,0.5858045362276143,NA
nDi.2.2.2.t06367,0.78273362937476465,0.2633043895506225,1.033054103428945,0.5244255121685528,NA
nDi.2.2.2.t06370,1.0497659352183175,0.3132917731053655,1.039415901251852,0.4918539741167524,NA
nDi.2.2.2.t06373,1.0160533658322042,0.1364704635516096,0.9555208961031861,0.7915198106043735,NA
nDi.2.2.2.t06380,2.873998251312837,-0.2587211443517865,0.8826442327718743,0.5817041780164083,NA
nDi.2.2.2.t06393,2.267464240767785,0.35454858286608515,0.9618034645922067,0.42055055940342867,NA
nDi.2.2.2.t06406,2.855608965640342,-0.27375998206120084,0.8808690682046492,0.5684343483941461,NA
nDi.2.2.2.t06408,0.881604340745564,0.2564762685420442,1.0378262225754342,0.4686056643778059,NA
nDi.2.2.2.t06414,1.1293432687590752,0.363260728549096,1.0582021490948192,0.3926272739680767,NA
nDi.2.2.2.t06420,1.819318366840281,0.12065118185623233,0.9318754774927797,0.7119035489715424,NA
nDi.2.2.2.t06426,1.4493918862894863,0.46008520653062035,1.1054569819142992,0.2563528970967815,NA
nDi.2.2.2.t06432,1.837954271814593,-0.2534559165380145,0.9262034937429263,0.5778061614257511,NA
nDi.2.2.2.t06440,3.060220569885299,0.34822898175880984,0.9691775182555663,0.3475380824500061,NA
nDi.2.2.2.t06442,1.1217603292518783,0.18848417431256734,0.9692647149131798,0.7372553694118724,NA
nDi.2.2.2.t06448,1.0717750878241414,0.3587140276691363,1.059242168407345,0.38270325013899414,NA
nDi.2.2.2.t06450,0.8438078783079104,0.27846981434685153,1.0363845588636904,0.5000908211603625,NA
nDi.2.2.2.t06451,2.073066722261878,0.2527600109105378,0.9300323216484739,0.6023393025198998,NA
nDi.2.2.2.t06455,0.8513414697387847,0.15896631465528763,0.9828943610699931,0.7444297250779921,NA
nDi.2.2.2.t06467,2.7093512110811497,0.2257797251214362,0.8905145315765725,0.653053876668618,NA
nDi.2.2.2.t06468,0.7137904124956175,0.2107785062273525,1.0272272024113835,0.5704058809432693,NA
nDi.2.2.2.t06470,0.6224420656338231,0.13233551367435542,0.9904759877363665,0.8296093969790448,NA
nDi.2.2.2.t06480,1.498515055408728,-0.11787368292299545,0.9156929642106877,0.7710106842586987,NA
nDi.2.2.2.t06485,1.2358860595935393,0.1607699578610538,0.9492918050855381,0.7616908689665097,NA
nDi.2.2.2.t06492,2.6528342658934907,0.33535592703305317,0.9259311658057554,0.4996543368729556,NA
nDi.2.2.2.t06502,1.4560461270428755,0.031509155013998466,0.9173387956370033,0.9402248687404644,NA
nDi.2.2.2.t06504,3.2093862266029403,-0.9481509706431881,1.2267520558101876,0.10380535422632513,NA
nDi.2.2.2.t06505,1.9914798958317086,0.1400015483687416,0.9290504632282932,0.6832069313729255,NA
nDi.2.2.2.t06510,2.0942321686325824,0.1836352689075102,0.9097717276052435,0.7168421995549606,NA
nDi.2.2.2.t06513,1.5482960916679265,0.509879813853181,1.1231307150233947,0.23890017400440622,NA
nDi.2.2.2.t06517,0.8431545346272912,0.2933207483693567,1.0397907868577887,0.47540582066588327,NA
nDi.2.2.2.t06518,1.9680689621861767,0.7101984761384122,1.2599479100212498,0.12805976548239847,NA
nDi.2.2.2.t06522,1.4810492425002861,-0.14753071457920608,0.9218136863532641,0.7270626108926688,NA
nDi.2.2.2.t06523,2.0794848382195195,-0.17132807037933215,0.8954135909250112,0.7108376102717007,NA
nDi.2.2.2.t06524,2.2608956040380948,0.03425769163683941,0.8779418592309817,0.957026181298243,NA
nDi.2.2.2.t06529,1.6000682370349573,0.3150418312195218,0.9769587097766443,0.4966083221852769,NA
nDi.2.2.2.t06532,2.521634869682335,0.5906068677442182,1.0769948598969097,0.24818263796649792,NA
nDi.2.2.2.t06535,2.2722938279384075,0.17452379620210928,0.9347398652614122,0.6165851288647948,NA
nDi.2.2.2.t06536,1.2805624923782755,0.21498494055476233,0.9619396515098945,0.6668351998826982,NA
nDi.2.2.2.t06538,2.9357958445622394,0.4155038231985233,0.9829936801604952,0.3161176660215719,NA
nDi.2.2.2.t06542,2.2336956319189043,-0.31076658254682027,0.9282206734451722,0.510365108260455,NA
nDi.2.2.2.t06545,2.443913922759222,-0.33108562523678053,0.9158495240913226,0.4838473739791031,NA
nDi.2.2.2.t06548,1.4816776256370996,0.02581137113907586,0.9135878929396132,0.999840634495205,NA
nDi.2.2.2.t06551,2.417338439919069,-0.032119799595198804,0.8700539189138452,0.9395594956337685,NA
nDi.2.2.2.t06554,2.4590159045349105,-0.16630241168410895,0.8777089170178085,0.7251663601502689,NA
nDi.2.2.2.t06571,1.7375371715096186,0.3417086786742768,0.9824435643149575,0.47749829111592995,NA
nDi.2.2.2.t06576,2.776366614093807,-0.4961979052532388,0.9942441389616387,0.31082567869320055,NA
nDi.2.2.2.t06577,0.784987807552135,0.2667924274695983,1.0322858411933848,0.5329510701465698,NA
nDi.2.2.2.t06581,3.0078807589445873,-0.4967352745474067,0.9590249223415029,0.3237781280613769,NA
nDi.2.2.2.t06584,1.9567295116441583,0.15184745796208438,0.9330002922833457,0.6747490208706285,NA
nDi.2.2.2.t06585,1.6624775462012507,0.3179342654785282,0.9731879797228082,0.49356514708926164,NA
nDi.2.2.2.t06588,1.5959813867458368,0.27902829651474337,0.9614436774206154,0.5398595323397335,NA
nDi.2.2.2.t06591,1.112703464302583,0.36780176531428904,1.0634252735378096,0.3594162014262014,NA
nDi.2.2.2.t06592,0.714862811760445,0.21807861569552178,1.0195250020181836,0.6798053928401524,NA
nDi.2.2.2.t06594,2.7555490477322793,0.6060072925731614,1.0815229874381835,0.23572528281448732,NA
nDi.2.2.2.t06595,1.8297053982976705,0.6068908875885255,1.182485451392389,0.1729841865734588,NA
nDi.2.2.2.t06598,2.0586087733785616,-0.1978438461451923,0.8989537976328974,0.6437741619038304,NA
nDi.2.2.2.t06608,1.7348176159362112,0.0793288844449041,0.9083528477182771,0.8824692855679471,NA
nDi.2.2.2.t06610,1.9385400492010347,0.4011309843277867,1.0064380062959246,0.4150896561776275,NA
nDi.2.2.2.t06625,2.224994960620174,0.2692484544900152,0.9209320224265383,0.5790178948660697,NA
nDi.2.2.2.t06629,1.1170770234133058,0.376416904954579,1.067013200994107,0.34664909830298946,NA
nDi.2.2.2.t06633,2.1241401699816547,0.41112423887100485,0.9965833153850725,0.3912072209432011,NA
nDi.2.2.2.t06636,3.1469914435604016,0.29505939477603166,0.8896509623686211,0.5591924770304288,NA
nDi.2.2.2.t06644,2.619366992982335,0.27292643320612947,0.9037603043145487,0.5631248939693925,NA
nDi.2.2.2.t06645,1.3094674850930788,0.21877047692333623,0.9615940123849408,0.6555014760802709,NA
nDi.2.2.2.t06646,1.4303309352886682,0.23848229627886983,0.9588327223550454,0.6130666656402457,NA
nDi.2.2.2.t06660,2.8395969296215107,-0.09537884032867222,0.861027528318579,0.8336101879720079,NA
nDi.2.2.2.t06663,2.500970308941704,0.0639941541745766,0.866475025100902,0.9088866286312909,NA
nDi.2.2.2.t06666,2.7679570923491874,0.08115392854985654,0.8611197181558257,0.869368715637371,NA
nDi.2.2.2.t06669,1.2814011480754846,0.40899494653155777,1.0753846975178374,0.33582857162555535,NA
nDi.2.2.2.t06670,1.7402973847946823,0.5545192244360789,1.1493373617713172,0.20347832804624127,NA
nDi.2.2.2.t06673,3.26834301665404,0.32937726749204543,0.900177918787211,0.5143841962286326,NA
nDi.2.2.2.t06678,3.302302607801382,-0.1407432300150064,0.8419048023943013,0.7705186308499338,NA
nDi.2.2.2.t06681,1.8352814683516507,0.3710960721247664,0.9912833432970708,0.4380228488412886,NA
nDi.2.2.2.t06682,1.3721257033957235,0.4673038334437334,1.1044257403052617,0.26234128657289324,NA
nDi.2.2.2.t06683,1.1257922194781147,0.3979630911839966,1.0760786120066552,0.32190237733884997,NA
nDi.2.2.2.t06685,1.8376421979799387,0.3645202854597286,0.991919752684393,0.457458603050243,NA
nDi.2.2.2.t06694,0.677872086082874,0.21906195692392227,1.0212990500805237,0.6542852648413777,NA
nDi.2.2.2.t06698,1.3794153726269853,0.2527630438968741,0.9682187427954895,0.6094207174565264,NA
nDi.2.2.2.t06699,3.2905872053502705,-0.06826505149288405,0.8422292254906044,0.88300432687113,NA
nDi.2.2.2.t06703,3.0411533312099497,-0.003911542752382781,0.8538173303232446,0.9908237958350403,NA
nDi.2.2.2.t06709,2.4920457776335243,0.39651201307145434,0.969112734253709,0.4273189945448176,NA
nDi.2.2.2.t06716,1.9112387352213875,0.6032672028259617,1.1783811796458818,0.17951354298130381,NA
nDi.2.2.2.t06721,2.146580148930785,0.2578844489221213,0.9212463456927101,0.5948571175024715,NA
nDi.2.2.2.t06725,2.3106696930050568,-0.4822812722494288,0.9891864530987435,0.32747005033830684,NA
nDi.2.2.2.t06736,1.9664048684462845,0.2956262569975947,0.9498555936909735,0.545208528286457,NA
nDi.2.2.2.t06741,3.312007962370821,-0.31183889926799857,0.8794905265821726,0.5278713346082791,NA
nDi.2.2.2.t06744,2.239515048276651,0.7607557406930622,1.2897319298488623,0.12200939248813683,NA
nDi.2.2.2.t06745,1.711036198568054,-0.3178613894338985,0.9539471446422868,0.4822814166682635,NA
nDi.2.2.2.t06747,2.6191712393991766,0.5664162622501554,1.0628584246979613,0.2600347616697542,NA
nDi.2.2.2.t06750,3.247546412253564,0.2543289196836115,0.8738854292196806,0.6199302047437014,NA
nDi.2.2.2.t06765,2.8353941770510454,0.7271522359554459,1.1635562940647282,0.18413072850242537,NA
nDi.2.2.2.t06768,1.5531685577023127,0.2937064020781664,0.9656557523419537,0.49587421211716853,NA
nDi.2.2.2.t06770,2.886486251048447,-0.031865822279778765,0.8919759543329256,0.9361413815100526,NA
nDi.2.2.2.t06775,2.1078626112470045,0.6741355617267341,1.2257273060346414,0.1494757537340889,NA
nDi.2.2.2.t06777,2.6721724275080616,0.454152406736531,0.9869130458600629,0.33557542669754276,NA
nDi.2.2.2.t06789,2.3853820208315524,-0.1711326413968292,0.8765521586601214,0.7137825170331579,NA
nDi.2.2.2.t06791,1.3604164624810884,0.052709641077816165,0.922358580311774,0.9382755097816301,NA
nDi.2.2.2.t06799,1.7391097128914077,0.5273321350799491,1.1343726885950762,0.21861670690372967,NA
nDi.2.2.2.t06801,2.3373411320128934,0.8669825369513035,1.3950538574127913,0.09001416624625315,NA
nDi.2.2.2.t06802,2.8443998523349183,0.012077862536849412,0.8509755202470334,0.9827467972446015,NA
nDi.2.2.2.t06807,2.159864191065939,0.4520280114969178,1.029454519842711,0.3413092074001064,NA
nDi.2.2.2.t06814,2.652742326960567,0.6931264762121092,1.1348792347585948,0.1910638774786014,NA
nDi.2.2.2.t06827,2.36155457119329,0.042124395511358076,0.8746103021535375,0.930694455100663,NA
nDi.2.2.2.t06828,2.8765813984640367,0.069489815644105,0.8517071883172569,0.8849816307190805,NA
nDi.2.2.2.t06829,1.4596460997321448,0.24266708612265422,0.9694177464890349,0.6189484328734116,NA
nDi.2.2.2.t06844,1.479415439273474,0.4499942531052016,1.0896513763985958,0.30183906049354936,NA
nDi.2.2.2.t06845,3.18327253503639,1.1832241315673657,1.714820284655601,0.05721949041255149,NA
nDi.2.2.2.t06861,1.9666977323154677,0.6777751485089585,1.234826474447692,0.1379384856204332,NA
nDi.2.2.2.t06866,2.3164231290560355,0.24831703337566766,0.9358734599098048,0.5280622205927583,NA
nDi.2.2.2.t06867,2.177530572564429,0.24384254791663018,0.9167696697496466,0.6192625019809652,NA
nDi.2.2.2.t06870,1.884273307933674,0.11327922819125577,0.9030347690676691,0.8283700064349545,NA
nDi.2.2.2.t06876,1.4123185671137297,0.4998835735531748,1.1227292495250503,0.23154130893371658,NA
nDi.2.2.2.t06887,0.7006441604654133,0.22194416719567442,1.0216285034832577,0.6501974893657616,NA
nDi.2.2.2.t06888,2.0060374016891065,-0.41271136661600877,0.998158771521675,0.37524301251764647,NA
nDi.2.2.2.t06894,3.170973727547297,0.0477954322098409,0.84662234026398,0.9214359756191621,NA
nDi.2.2.2.t06899,1.422135133076163,-0.1357683141233291,0.9224066297241432,0.738922271456471,NA
nDi.2.2.2.t06914,1.139026425171501,0.3738164882060744,1.0677724983807184,0.34614475048284044,NA
nDi.2.2.2.t06920,2.8638314746418554,-0.1882297891313853,0.8889239450740237,0.6723524531984802,NA
nDi.2.2.2.t06921,1.2017134793930917,0.4129443246709541,1.0800310545837197,0.3156905710654067,NA
nDi.2.2.2.t06923,3.0758826805951545,-0.14586565741246957,0.863560271695039,0.7595765924615268,NA
nDi.2.2.2.t06927,1.4035940107681277,0.21738735919411084,0.9574028644638468,0.6531508551555392,NA
nDi.2.2.2.t06928,0.6814210362840787,0.20997454593257078,1.0185434349416456,0.6955681618349869,NA
nDi.2.2.2.t06932,1.3074954436130521,0.40324550746791726,1.0703538407096331,0.3548555131719094,NA
nDi.2.2.2.t06934,2.865080772475374,-0.26967909634183507,0.9062122018433821,0.5453237607996584,NA
nDi.2.2.2.t06935,1.6493780587357456,-0.0240138097492776,0.9042607784931147,0.900293682328907,NA
nDi.2.2.2.t06941,2.4143975510680926,0.07764880958923683,0.8902266092833058,0.8827958585196672,NA
nDi.2.2.2.t06965,1.8341273455289409,0.23095435922504928,0.9324100105349653,0.6508266445878335,NA
nDi.2.2.2.t06969,3.027273970954605,-0.3006769910771881,0.8923860844797428,0.5257879629713116,NA
nDi.2.2.2.t06973,2.806594332079758,-0.4612647035404694,0.9672665457715256,0.33170461766009746,NA
nDi.2.2.2.t06975,3.049315425831292,0.7318640243763579,1.1413768770428507,0.18163049324120484,NA
nDi.2.2.2.t06980,1.0186922735636688,0.347260651659395,1.0552765104095454,0.39647929853627484,NA
nDi.2.2.2.t06984,1.2847096457386282,0.19618524992323333,0.954911498747977,0.6902018726036775,NA
nDi.2.2.2.t06989,2.9193153021883633,-0.5192510858657693,0.9846576963277628,0.31264329680002245,NA
nDi.2.2.2.t06990,1.8827190410268968,0.2130279255358019,0.9246102806601131,0.6656774902071763,NA
nDi.2.2.2.t06994,3.212103097731283,-0.226544538218836,0.8519582383263431,0.6441128539848555,NA
nDi.2.2.2.t06999,3.090191595350262,-0.2663145720722203,0.8841536221342329,0.5698173427916184,NA
nDi.2.2.2.t07000,1.4515409598022764,0.47287807410730553,1.105000087517224,0.2672465405045007,NA
nDi.2.2.2.t07002,1.2401953443301172,0.4147618188095011,1.0815436956925706,0.30779490427754097,NA
nDi.2.2.2.t07004,1.6150756482559676,0.3250825366485406,0.983862827687614,0.4887711294458642,NA
nDi.2.2.2.t07009,2.5568127012930186,0.3144534230295407,0.9371695609439075,0.5068525661746982,NA
nDi.2.2.2.t07010,3.359064671121457,0.24871496088859954,0.8884237153653541,0.5920236555433032,NA
nDi.2.2.2.t07020,1.8040040809156475,-0.14628453933569874,0.9080924181884237,0.7251134826992591,NA
nDi.2.2.2.t07021,2.4038827585379536,0.3220715056886586,0.950976439923138,0.4548186462188155,NA
nDi.2.2.2.t07022,1.3762685071219716,0.01780696874618967,0.9303759249269761,0.9635711526504592,NA
nDi.2.2.2.t07025,1.8736523474834663,0.5832879481513455,1.1667422431782526,0.18760457983341794,NA
nDi.2.2.2.t07027,2.15696384438516,0.5181743658422483,1.0758211714175852,0.3055628432922062,NA
nDi.2.2.2.t07034,2.904145445326912,0.4585012297479298,0.995142998734869,0.2910507086078924,NA
nDi.2.2.2.t07044,2.8749364020318207,0.6680326106164867,1.110472590077113,0.20921772912176426,NA
nDi.2.2.2.t07045,2.861020182843598,0.3410523056439061,0.964219331744661,0.37250150714415414,NA
nDi.2.2.2.t07050,2.1420544947978826,0.7061515552484061,1.2460349937918809,0.14266910308015482,NA
nDi.2.2.2.t07060,1.8261417395471695,0.17846548408389298,0.9166393866925256,0.7210132225204104,NA
nDi.2.2.2.t07062,1.5190344610777795,0.27003620160799136,0.9671115598704783,0.5814178429378944,NA
nDi.2.2.2.t07063,2.2781660376387456,-0.29362558958262125,0.920180191231577,0.5205586399680336,NA
nDi.2.2.2.t07068,1.4559333025864216,0.23702923065585663,0.9601251179887824,0.6225912332572333,NA
nDi.2.2.2.t07070,2.2447148031350452,-0.05362127917253886,0.8784671369829555,0.9052644682466439,NA
nDi.2.2.2.t07071,1.753060886258998,-0.005550521914043469,0.8964364334621031,0.9642529526949185,NA
nDi.2.2.2.t07078,3.139532702536827,0.4193870255766207,0.9368207745221814,0.4121250679958251,NA
nDi.2.2.2.t07079,0.7534329464157854,0.2601790487088051,1.032162992662316,0.5322959484254683,NA
nDi.2.2.2.t07082,2.676698365063057,-0.25704402869898935,0.8806244423155465,0.5906180945744488,NA
nDi.2.2.2.t07088,1.1198645115656742,0.37420406634457476,1.0690205440100993,0.3386530600174443,NA
nDi.2.2.2.t07091,2.123621539606213,-0.07384663325635603,0.885844843686234,0.8707534157194275,NA
nDi.2.2.2.t07100,0.6453359633816534,0.1968750466845391,1.0255566106564915,0.5873811191086464,NA
nDi.2.2.2.t07103,1.440526170069694,0.26045737797960183,0.9702834047567389,0.5682055723080729,NA
nDi.2.2.2.t07106,2.101806911138144,-0.5553997479079555,1.042900038586679,0.26539866931466427,NA
nDi.2.2.2.t07108,1.2174875756770787,0.3758174974136872,1.0604663745654508,0.3884624406152239,NA
nDi.2.2.2.t07119,3.095339870684388,0.3342004311853231,0.9049857207084492,0.49005380807815313,NA
nDi.2.2.2.t07137,2.4718772377441267,0.5146987858004818,1.0418490533928413,0.306325110840169,NA
nDi.2.2.2.t07146,1.1098733358776336,0.16177513232587323,0.9560514415709511,0.759232520027392,NA
nDi.2.2.2.t07147,2.209846292654759,0.7631117338437035,1.2959300907789018,0.11827645864076068,NA
nDi.2.2.2.t07153,2.680529545645554,0.38659302328303097,0.9448236730506839,0.43931386284492274,NA
nDi.2.2.2.t07158,2.145241523402819,0.45037566254479355,1.0140075531335924,0.3571647613010559,NA
nDi.2.2.2.t07159,2.233151263961622,0.45680369010971356,1.0161457492406392,0.3484319339594486,NA
nDi.2.2.2.t07160,2.6175950823839753,0.39674072671665267,0.9823085702086604,0.3616896013200075,NA
nDi.2.2.2.t07166,1.3271987684541737,0.4017853012046734,1.0726530791425197,0.34456024115569095,NA
nDi.2.2.2.t07167,2.8776779170323503,0.3820581448677312,0.9326575655063598,0.4461565361565168,NA
nDi.2.2.2.t07171,2.6771259278381114,0.3849275093594316,0.9475899991060629,0.44257862149433547,NA
nDi.2.2.2.t07177,2.7957429882572695,0.6075101363393816,1.0701024200740448,0.24135442501426144,NA
nDi.2.2.2.t07178,2.7060790213011137,0.44654691206449687,0.9784880050654947,0.3690042156649712,NA
nDi.2.2.2.t07190,1.102697013241491,0.356345332928972,1.0559365410032342,0.400019872466076,NA
nDi.2.2.2.t07191,1.9494256734986937,-0.041191427951336124,0.8992886039082472,0.92007058380063,NA
nDi.2.2.2.t07207,0.6816685000388307,0.23401207413422595,1.0265954622300568,0.5860169765696963,NA
nDi.2.2.2.t07221,1.0246189747615335,0.14426432842750977,0.9577792559728497,0.7819259751212835,NA
nDi.2.2.2.t07230,1.207759202819105,0.14460459086759314,0.9496997304468783,0.79278520225652,NA
nDi.2.2.2.t07234,0.7946879123572655,0.2694859288677221,1.0329463666120562,0.5278215663321164,NA
nDi.2.2.2.t07236,1.8467893963101016,0.34345477026369176,0.9779823470660369,0.4693184837064926,NA
nDi.2.2.2.t07252,3.3592530891420376,1.377579733113712,1.9935603344626869,0.04155549713281794,NA
nDi.2.2.2.t07254,2.885795139324933,1.0257956852014098,1.545557313287476,0.07097852540575326,NA
nDi.2.2.2.t07262,2.9129787226003048,0.1805336736876458,0.86703464635087,0.7158209771070613,NA
nDi.2.2.2.t07267,1.2179461200984907,0.38674573133609874,1.0664384525993684,0.3636130794905198,NA
nDi.2.2.2.t07268,2.202915072082848,0.7716581006115012,1.3039358605016507,0.11450867203522974,NA
nDi.2.2.2.t07270,2.6748390611368817,0.6460592363623721,1.1056591073534014,0.21789210197769138,NA
nDi.2.2.2.t07273,2.0764255356513535,-0.0846238463725208,0.8915047395069728,0.8506926809153067,NA
nDi.2.2.2.t07284,2.6765248830823802,0.3659950909075173,0.9662640907039737,0.3854699659369373,NA
nDi.2.2.2.t07285,1.5437620028751056,0.47479709579003426,1.1140888988540871,0.23497580104482546,NA
nDi.2.2.2.t07288,1.626258867452479,0.5575638637078268,1.1566332234643142,0.18838754206505753,NA
nDi.2.2.2.t07292,2.610984791156179,0.21460881263842013,0.903556411099004,0.6651982558510823,NA
nDi.2.2.2.t07295,2.626742089266277,-0.22383378986867478,0.8836791143315617,0.6335225955388186,NA
nDi.2.2.2.t07296,2.1783040909448284,0.20142761417855287,0.9268659165215458,0.6599489264021015,NA
nDi.2.2.2.t07305,1.6287186706795493,0.5063039436253923,1.1237273217393513,0.2324208873288317,NA
nDi.2.2.2.t07308,3.275651308237282,1.1641219307203843,1.710805949285178,0.055501764538777365,NA
nDi.2.2.2.t07312,1.9797334067408943,0.690714937099783,1.2406473126865596,0.13900537502313978,NA
nDi.2.2.2.t07314,1.0405775312375887,0.3525549444340182,1.056564310257299,0.3930609744893949,NA
nDi.2.2.2.t07317,1.3299135466930068,-0.058289068873225776,0.9223480314970723,0.8713201527573572,NA
nDi.2.2.2.t07327,2.409402321367726,0.5974123014275976,1.085876445312358,0.24148400501321762,NA
nDi.2.2.2.t07328,3.2506661469745115,0.36788719278866944,0.9741006370224693,0.32220588342849626,NA
nDi.2.2.2.t07329,0.6725675394783773,0.2063745260709757,1.0196079375417837,0.6821398121950961,NA
nDi.2.2.2.t07334,2.211941306343448,0.1567158023838073,0.9369022131521575,0.6197490512319709,NA
nDi.2.2.2.t07336,1.7022951921382277,0.3499352883261966,0.9867210665186071,0.46144144694455463,NA
nDi.2.2.2.t07339,2.188127476804417,0.46794436110216375,1.0195811657882927,0.3414890355830997,NA
nDi.2.2.2.t07341,2.3804810476205596,0.10224167600732889,0.8762136020270533,0.8319079491528001,NA
nDi.2.2.2.t07343,3.064006164940809,1.1442620970974124,1.672749707468616,0.05966778064129608,NA
nDi.2.2.2.t07357,1.9592904520105128,-0.29353387229112204,0.9299731301993817,0.5254757090493959,NA
nDi.2.2.2.t07359,1.9216530116805501,0.41982247066993517,1.0156662064928552,0.3936439890371757,NA
nDi.2.2.2.t07364,2.3645028023735097,0.1317128432030198,0.8910714796669259,0.7943502958054642,NA
nDi.2.2.2.t07365,2.2627183139780147,0.6862106846423183,1.2249261137697351,0.15495296116049778,NA
nDi.2.2.2.t07372,2.41680967526606,0.3204931217496153,0.9351401656895065,0.5130786790896873,NA
nDi.2.2.2.t07377,2.1761033896109563,0.3895829639412813,0.9888406856162031,0.40233509259621286,NA
nDi.2.2.2.t07378,3.1084398570456955,0.2051843937786304,0.8978474759174159,0.6459739912074873,NA
nDi.2.2.2.t07388,2.02763808177446,0.4477186224657617,1.0222971675891004,0.3545024589456478,NA
nDi.2.2.2.t07392,2.3415153051379987,-0.14655615282090506,0.8894801452387594,0.7510661126233805,NA
nDi.2.2.2.t07393,2.8142992935055577,-0.40749197496544504,0.9276216567217624,0.4089395308514043,NA
nDi.2.2.2.t07395,2.5210644562354196,-0.042848051506578846,0.8674412842658462,0.9251534940247487,NA
nDi.2.2.2.t07398,2.307505249688503,0.08534835049786063,0.8793702129298037,0.8603422945770433,NA
nDi.2.2.2.t07401,1.0365221533419648,0.29583980867975,1.0491010756370556,0.3977305636789131,NA
nDi.2.2.2.t07403,2.9246907335775085,-0.14829589142274996,0.8554749839372942,0.7620946410950176,NA
nDi.2.2.2.t07405,1.6840129138672637,0.3730622839787014,0.9997306970539634,0.4321267667975312,NA
nDi.2.2.2.t07407,1.1735175225735963,0.38936328646036217,1.0705720550712043,0.34387864175053423,NA
nDi.2.2.2.t07408,3.289116923692256,0.8251669715478755,1.1922680001079342,0.14809321441908366,NA
nDi.2.2.2.t07419,3.2713474891320287,0.03924879696757558,0.840366442834023,0.9392467394398415,NA
nDi.2.2.2.t07425,2.4165964560247164,0.8692715111890863,1.3933184639015281,0.09120720734861584,NA
nDi.2.2.2.t07426,2.974619168320176,1.1479676005921127,1.69017787582304,0.05741685534952011,NA
nDi.2.2.2.t07428,1.7875824409536976,0.37257372517121,0.9943902172290414,0.44041531472922024,NA
nDi.2.2.2.t07432,1.2545668499654832,0.424465179930247,1.0866855360848522,0.2970073612740579,NA
nDi.2.2.2.t07435,2.2858187095650444,0.7822388797559536,1.312487137877433,0.11281724782937656,NA
nDi.2.2.2.t07439,3.261022824528253,-0.6623269085705086,1.013084209127798,0.22001539094463818,NA
nDi.2.2.2.t07440,1.05237666564823,0.1943997224335467,0.9703870641245017,0.6959436635111265,NA
nDi.2.2.2.t07447,2.143569898452404,0.6677370673289357,1.2415729152030957,0.12744518331443339,NA
nDi.2.2.2.t07451,2.7868884588403278,0.6868864402661269,1.1281349290493357,0.19633612955773994,NA
nDi.2.2.2.t07459,1.7580505153682242,-0.40523267597531293,0.9886346628483019,0.3769349714451005,NA
nDi.2.2.2.t07466,1.5339629458542445,0.5540040479958752,1.1544891108533262,0.19266800302067816,NA
nDi.2.2.2.t07471,2.6980440847396032,-0.06407126944107783,0.8604212212216763,0.8879390248022901,NA
nDi.2.2.2.t07475,1.6738752563456036,0.3288154272325215,0.9825496212905731,0.4836342828451437,NA
nDi.2.2.2.t07481,2.008330522441127,0.5942524359723464,1.1612450947284434,0.2047652332448217,NA
nDi.2.2.2.t07501,2.5944499540459884,0.19613723667150448,0.8860225996034362,0.6723214953839038,NA
nDi.2.2.2.t07505,1.063046466435261,0.09625958880034051,0.9497541985059996,0.918162117266214,NA
nDi.2.2.2.t07509,2.8679767244653,0.719817553690923,1.1393468626480217,0.18509575911075246,NA
nDi.2.2.2.t07510,3.026137358352738,0.4996756657973325,0.9818592539044209,0.33722000250098366,NA
nDi.2.2.2.t07516,2.8838254412091064,-0.27770559464648803,0.8884716758497295,0.5705797266550572,NA
nDi.2.2.2.t07524,2.999852892982,0.20949036999452142,0.8728926303149437,0.6815806437349408,NA
nDi.2.2.2.t07525,2.5530806936102053,0.005897480521343881,0.856877934214716,0.9921052076053739,NA
nDi.2.2.2.t07527,0.9155162113961696,-0.10401746236116183,0.9580364759258346,0.7254023963968961,NA
nDi.2.2.2.t07530,3.0998388388930116,0.2504724907345821,0.8900817673653797,0.5919863383033634,NA
nDi.2.2.2.t07534,1.6002952480499801,0.5007746766795611,1.1148489079729589,0.25423597836978307,NA
nDi.2.2.2.t07546,1.8799336656213301,-0.07387970733277376,0.9120508216132105,0.8627682513890222,NA
nDi.2.2.2.t07547,0.9442398625543624,0.34027528464639806,1.0554882142992914,0.38888328444901205,NA
nDi.2.2.2.t07548,0.9929463889825587,0.28685492446815064,1.031781556494606,0.5480425181137892,NA
nDi.2.2.2.t07549,1.55646479814787,0.025654154885642388,0.9086762510500297,0.9616671201248493,NA
nDi.2.2.2.t07552,2.5869596214411286,-1.475197376960864,2.2116458385657203,0.03575603829297818,NA
nDi.2.2.2.t07561,1.8823967907727237,0.6200900767607986,1.195337925438639,0.16627859547463872,NA
nDi.2.2.2.t07570,1.6406235717414641,0.29523416887629333,0.9749274602615663,0.5127869044925956,NA
nDi.2.2.2.t07572,1.5567833838983745,0.5245401103808559,1.1349115682385944,0.21571921394061225,NA
nDi.2.2.2.t07581,2.0711488913764953,0.0888218803011724,0.896903424894468,0.8748008610864101,NA
nDi.2.2.2.t07587,2.971585928436829,-0.07745442576907918,0.899147874383857,0.8452862694585397,NA
nDi.2.2.2.t07600,2.5799740739589963,1.0087909111115545,1.5552595003020477,0.06592732485086045,NA
nDi.2.2.2.t07606,1.4441717610140108,0.027391376997863957,0.9178971861987164,0.979678515054043,NA
nDi.2.2.2.t07615,2.738359491922015,1.129569739921734,1.6915797417740719,0.05535405854898408,NA
nDi.2.2.2.t07621,2.9301791784975326,0.46296828462784023,0.9989026019201924,0.2852645154278632,NA
nDi.2.2.2.t07631,1.51254555297549,0.2823080147417052,0.9828763979385636,0.5389541040519882,NA
nDi.2.2.2.t07640,1.708690677296464,0.07796747718358496,0.9069814447157847,0.8668089534723518,NA
nDi.2.2.2.t07642,1.0429547265527437,0.12829559138398025,0.9536473664264318,0.8402368290356869,NA
nDi.2.2.2.t07672,2.175489938027823,0.7341375215380127,1.2683260867692845,0.13016142493577507,NA
nDi.2.2.2.t07674,3.2533321710643706,0.8192070218867796,1.211596483489991,0.1452874977702541,NA
nDi.2.2.2.t07676,1.5449378660881372,0.1280363961346651,0.9203936210208139,0.8190682239372993,NA
nDi.2.2.2.t07677,2.6219411878120273,0.38089310612955835,0.9683617905250066,0.3708718858682895,NA
nDi.2.2.2.t07681,1.5247204279001862,0.28126297705596714,0.9707778782698261,0.5673637455867362,NA
nDi.2.2.2.t07682,1.3158709302931038,0.37469366331121634,1.056324361333089,0.4133506014601806,NA
nDi.2.2.2.t07698,2.850978130416886,0.3118199125868955,0.9582098784493287,0.4032656021215477,NA
nDi.2.2.2.t07702,2.7583062632557507,0.5656725196257989,1.0461670174006072,0.27158947017904,NA
nDi.2.2.2.t07703,3.034977554472671,0.17539026950084088,0.8667700286577624,0.7224150168446062,NA
nDi.2.2.2.t07704,2.9480266484480695,0.6400321269787747,1.0855748199545128,0.2229152870917642,NA
nDi.2.2.2.t07705,1.1312831088755009,0.3797134521231304,1.0657968738089596,0.36007704744679103,NA
nDi.2.2.2.t07708,2.3217579754442212,0.7674316616052116,1.2961033208514885,0.11884363894260414,NA
nDi.2.2.2.t07717,1.9960293287021393,0.4662549276406185,1.0298928104283902,0.3396317979092298,NA
nDi.2.2.2.t07724,0.7383137378467354,0.12844555990327863,0.9812507714928328,0.8204183466762317,NA
nDi.2.2.2.t07726,2.4990565892019334,0.14626159183670492,0.8841818426906359,0.7596429343575669,NA
nDi.2.2.2.t07742,2.1807077167201223,-0.28548100264853343,0.9148223853054329,0.5490449870292691,NA
nDi.2.2.2.t07744,2.0529053924926,0.7560403163769932,1.3098286535257277,0.1050762016918648,NA
nDi.2.2.2.t07745,3.2429372072815768,0.18210185794076397,0.878578521240399,0.6921593579046302,NA
nDi.2.2.2.t07750,2.2326820579114925,0.4775766009932561,1.0191408763822414,0.32485470023657975,NA
nDi.2.2.2.t07751,1.3733398143959414,0.45032598583604827,1.093825382476491,0.2880531471197524,NA
nDi.2.2.2.t07758,0.5264007687544979,0.15824163435418184,1.0188677285000196,0.708840965073088,NA
nDi.2.2.2.t07760,1.6565776841931341,0.18808697493315382,0.9383867846341597,0.6293877381666328,NA
nDi.2.2.2.t07762,1.7741728182164451,0.3589801599306781,0.9920228440867653,0.46611215612476675,NA
nDi.2.2.2.t07766,2.5845954139785396,0.17708475758192962,0.8839104377566823,0.7004397341916868,NA
nDi.2.2.2.t07771,1.0043540196626672,0.3513790841647846,1.0608579826500548,0.36615793215956755,NA
nDi.2.2.2.t07787,2.951684594403583,-0.0271063816104748,0.8513277203794177,0.9510968741248893,NA
nDi.2.2.2.t07797,1.0136104448203431,0.1307929595058157,0.9538996286533532,0.7908635205514799,NA
nDi.2.2.2.t07799,1.635125410354263,0.25618741216606394,0.9525644507110987,0.571967563584663,NA
nDi.2.2.2.t07802,1.4275820029122017,0.21383180905684687,0.9550679531529112,0.6452772982754738,NA
nDi.2.2.2.t07811,1.372131591338964,0.22317517578049453,0.9570964037679082,0.6330847357597116,NA
nDi.2.2.2.t07816,2.2318550898193954,0.15010380478635618,0.9051410779614212,0.7345508575115121,NA
nDi.2.2.2.t07818,2.0880604489238133,0.13888093268359317,0.9327816862109327,0.6679056374935777,NA
nDi.2.2.2.t07819,2.3742986186141537,-1.2465053301017437,1.9031266128993836,0.044536093789075186,NA
nDi.2.2.2.t07820,0.82397513025109,0.027769068142560444,0.9572296383304035,0.9676011385377564,NA
nDi.2.2.2.t07821,1.677521572931864,0.3159906708566754,1.002502372160506,0.5135508381074716,NA
nDi.2.2.2.t07834,1.1262661795389954,-0.028132988422855325,0.9309622022524812,0.8802724432065414,NA
nDi.2.2.2.t07835,0.51566214563978,0.158222586349162,1.0193898978533087,0.6966072793693896,NA
nDi.2.2.2.t07836,2.3189902539834497,0.8638300682851802,1.393590055319042,0.08958116059501614,NA
nDi.2.2.2.t07845,1.6366054988665455,0.08628631124691848,0.9343330306987958,0.7806687163696469,NA
nDi.2.2.2.t07852,1.7403485188286454,0.11070968752536667,0.9167893843360464,0.8475076196035164,NA
nDi.2.2.2.t07865,2.2884033882250963,0.320306849168113,0.9356866401689713,0.5141338482168893,NA
nDi.2.2.2.t07866,1.118179021593244,0.38867757964526906,1.0709135103013354,0.33941021567673946,NA
nDi.2.2.2.t07867,3.3158703907003284,-0.18716975315263507,0.8517230046233786,0.703734867941606,NA
nDi.2.2.2.t07868,2.0075299185243387,0.07289647562015547,0.8889842230833976,0.8988634763529056,NA
nDi.2.2.2.t07873,2.739921861167949,-0.13132370244205685,0.8785099646379169,0.7746280485084287,NA
nDi.2.2.2.t07886,3.062561431142254,1.1332504473626877,1.6788017640068946,0.05805995276840199,NA
nDi.2.2.2.t07891,2.1048878208669537,-0.652494329692391,1.107106146912149,0.20329249285724846,NA
nDi.2.2.2.t07894,2.788340391782791,0.28384282313232506,0.9070524559329507,0.5806695740862856,NA
nDi.2.2.2.t07907,1.1141334876515636,0.3870909524210393,1.0702537882641305,0.341632884035426,NA
nDi.2.2.2.t07919,1.7041846850332147,0.3276330945224619,0.9740162490414204,0.47714813701838005,NA
nDi.2.2.2.t07920,1.2891814772188996,-0.016528398684077815,0.9229996135263456,0.9293939611116872,NA
nDi.2.2.2.t07921,2.1884851377659325,0.22992240867476776,0.9390613767599713,0.5373790297778467,NA
nDi.2.2.2.t07926,1.5358559074884794,0.24193772859571272,0.9562835879619577,0.6073749265302946,NA
nDi.2.2.2.t07938,0.9224202777438831,0.31295119933462406,1.0442491375003384,0.45095726003929687,NA
nDi.2.2.2.t07939,2.8653552597292604,-0.6157228946485684,1.016377646659759,0.24157166230148977,NA
nDi.2.2.2.t07944,2.8001970302366166,-0.40878840535890565,0.9334394860734171,0.4109279699632668,NA
nDi.2.2.2.t07950,2.47638884400249,0.5625518154402224,1.0606236973937149,0.2690471665944248,NA
nDi.2.2.2.t07957,0.7649621612807994,0.04564953888072021,0.9656996008079628,0.9938606685791675,NA
nDi.2.2.2.t07966,1.861611753408202,0.6379229429678275,1.2150285792638054,0.13913141308040564,NA
nDi.2.2.2.t07982,1.713823878765886,0.6425875565049852,1.2154481323582897,0.14485242930021203,NA
nDi.2.2.2.t07994,2.6645917219665245,-0.10435762026805658,0.8631930229009245,0.8193345707019501,NA
nDi.2.2.2.t08003,3.178459082840254,1.2881283441344031,1.9014921797824351,0.04384718187996247,NA
nDi.2.2.2.t08008,1.148198453709015,0.14580173741542668,0.9525901240662795,0.8117033231712925,NA
nDi.2.2.2.t08009,1.6479762325915166,0.34223302071799117,0.9871862913454963,0.46210516469336377,NA
nDi.2.2.2.t08011,3.1724232359867806,0.8041174633785052,1.18825342552249,0.1535678550219753,NA
nDi.2.2.2.t08012,1.8548965242400355,0.48037156856461,1.0575393358951795,0.3137307956373609,NA
nDi.2.2.2.t08019,1.6924855082896755,0.04256681197444931,0.9042023279011869,0.9369330525362874,NA
nDi.2.2.2.t08023,1.3642613372997696,0.4238994514527837,1.0854167944212214,0.2990572766001964,NA
nDi.2.2.2.t08029,1.2843322286228491,0.18582617685775746,0.9531472073313824,0.6994992525298631,NA
nDi.2.2.2.t08033,2.203959929904987,-0.2686257312956874,0.9347948370951985,0.5400506566869095,NA
nDi.2.2.2.t08038,1.9917114935612854,0.22525867905257219,0.918818585509489,0.6389085817020808,NA
nDi.2.2.2.t08040,1.7586639417357297,-0.8859558062239963,1.5843103880635485,0.02768936775192316,NA
nDi.2.2.2.t08042,2.553532372498853,0.6350293075715603,1.1006980917172497,0.2186094932385004,NA
nDi.2.2.2.t08044,1.9253923817393725,0.6290382860361388,1.1922519302753363,0.17398581724047227,NA
nDi.2.2.2.t08054,2.1697201774970343,-0.2637747436504958,0.9147434094615684,0.5601147882125741,NA
nDi.2.2.2.t08055,2.690994662434406,-0.011204926142871083,0.8563606132210038,0.9784322715001839,NA
nDi.2.2.2.t08061,2.061180102141921,0.7819664630683023,1.3237383293791882,0.10370285930737318,NA
nDi.2.2.2.t08062,1.592914208054635,0.5513639808405882,1.149836539964727,0.2002292914270758,NA
nDi.2.2.2.t08063,2.3391952756882954,-0.23142588083367557,0.9000002987835244,0.6137129079962312,NA
nDi.2.2.2.t08067,1.788564822931876,-0.0846328137188464,0.897418337641877,0.8463713367571426,NA
nDi.2.2.2.t08085,0.7706938352561754,0.2621160193649616,1.0326331260725092,0.5284724331006908,NA
nDi.2.2.2.t08088,1.6576874729573459,0.31844070085010373,0.9769639411171392,0.5032410471385651,NA
nDi.2.2.2.t08093,1.0991743363419715,0.21112085686731705,0.9865044768163692,0.647055945505681,NA
nDi.2.2.2.t08098,2.439126303341147,0.7886874654640605,1.3109878193683422,0.11511435829148618,NA
nDi.2.2.2.t08101,1.3407359196428736,0.21746846732950087,0.9585043880815258,0.6384351815395906,NA
nDi.2.2.2.t08105,1.1170770234133058,0.3764169049545789,1.067013200994108,0.34664909830298946,NA
nDi.2.2.2.t08108,0.9311983826758898,0.29780607196652387,1.0377199284868839,0.49779020626866943,NA
nDi.2.2.2.t08110,1.6879030035903202,0.518782916610223,1.1273076070366266,0.23474102934869828,NA
nDi.2.2.2.t08119,1.0299857976663924,0.3013472995631684,1.0387566912646509,0.49217875338378014,NA
nDi.2.2.2.t08123,1.7226536054419577,0.2551785531207999,0.9525284966333686,0.563495153163615,NA
nDi.2.2.2.t08130,1.6091776596727776,0.1420062507068977,0.9189565017498147,0.7833814940942703,NA
nDi.2.2.2.t08135,0.9243880970498579,0.3162429647585318,1.0458044835694602,0.4422221864925622,NA
nDi.2.2.2.t08136,1.5310653856473146,0.295701658220904,0.9738594030370717,0.5326108609891229,NA
nDi.2.2.2.t08138,1.150612668569107,0.37586737519874414,1.063403456685439,0.3698965206480274,NA
nDi.2.2.2.t08142,3.141604257178428,-0.4603456717538314,0.9308019254388655,0.3780892185094495,NA
nDi.2.2.2.t08144,1.1915053441785277,0.36812224806085353,1.059361001914585,0.3895952830627925,NA
nDi.2.2.2.t08152,2.9314552859543737,-0.2158657605641308,0.8628182219342333,0.6535965168954536,NA
nDi.2.2.2.t08153,1.2973737603444717,-0.036885785645348765,0.9257512654752212,0.8172356037247442,NA
nDi.2.2.2.t08162,1.8725484196582927,0.593931035005506,1.1698782272584745,0.1902685505297696,NA
nDi.2.2.2.t08167,3.2680854380721276,0.17788371744877188,0.8567967778001674,0.7375810713779793,NA
nDi.2.2.2.t08171,3.208310076145054,-0.25277911807749054,0.8679317255899038,0.6094893076223764,NA
nDi.2.2.2.t08172,1.963731429280675,0.4623823786768515,1.036402812444009,0.3555857563653174,NA
nDi.2.2.2.t08173,2.971620483603268,0.4176906119275347,0.9484804164748427,0.4055696185992931,NA
nDi.2.2.2.t08175,2.9615963775910017,-0.28751839061457785,0.8883684961815658,0.5431151918903976,NA
nDi.2.2.2.t08177,2.8323804920135367,0.1096211818616109,0.8855716140276816,0.8045177333782969,NA
nDi.2.2.2.t08184,0.9835894277329024,0.28077241507852746,1.044160219906703,0.4276075608091018,NA
nDi.2.2.2.t08189,1.7313073352298032,0.3305310123770012,0.9791375698252981,0.4911081933335337,NA
nDi.2.2.2.t08191,1.1037286820331,0.156585968969637,0.9561676705961719,0.7826467537874677,NA
nDi.2.2.2.t08200,1.3176238710782913,0.443884914036933,1.0926734364180106,0.2868263950159546,NA
nDi.2.2.2.t08202,1.252938348269701,0.39977584518754805,1.0706980187258062,0.35098284912036304,NA
nDi.2.2.2.t08208,1.9836416660920357,0.3822875844255628,1.006605274442793,0.4105437410859774,NA
nDi.2.2.2.t08210,2.428563642502997,-0.09824358537053766,0.8707746480998926,0.8335304013270964,NA
nDi.2.2.2.t08212,2.0670330512030293,0.42351796001516157,1.002046426760353,0.37107204184930764,NA
nDi.2.2.2.t08213,2.335033993931551,0.1253885500567318,0.8861208212245241,0.8039221709770205,NA
nDi.2.2.2.t08215,1.2849005445298762,0.24865519027665045,0.9705129791334952,0.599200179325365,NA
nDi.2.2.2.t08221,3.1052770926916855,-0.26458393355059767,0.9465977253335331,0.4997398563966883,NA
nDi.2.2.2.t08231,2.150572580662732,-0.09929567909312317,0.8811500209320952,0.8047144363279987,NA
nDi.2.2.2.t08239,1.6625611027489045,0.18652303341297682,0.9418830064460122,0.6364070976997203,NA
nDi.2.2.2.t08240,1.5429849218859026,0.508013915714394,1.1275389759807022,0.22135253253844178,NA
nDi.2.2.2.t08241,2.263429591589703,-0.13456536109923492,0.8848861958654826,0.7674248572201661,NA
nDi.2.2.2.t08243,1.4504786325318768,0.48857343048452806,1.114510193255313,0.24635017644813742,NA
nDi.2.2.2.t08246,1.4242823110769238,-0.1676114465756243,0.9332568723512972,0.647341850163859,NA
nDi.2.2.2.t08251,2.658507705099936,0.6029528986614875,1.0708016357674675,0.24315652669368734,NA
nDi.2.2.2.t08253,1.0559398692402258,0.38668349543583524,1.0732400391973869,0.32487860024939297,NA
nDi.2.2.2.t08258,2.6256145989792175,0.28044115649504164,0.9143516339284357,0.5482954786509766,NA
nDi.2.2.2.t08259,1.1864795252389562,0.18944819457445855,0.9607141648739594,0.7305778100283336,NA
nDi.2.2.2.t08261,2.5388189472089873,0.40435203485769117,0.9875537001107205,0.4140434298001736,NA
nDi.2.2.2.t08272,3.120843132888716,-0.4237952651226532,0.9204137786976454,0.4135181957695797,NA
nDi.2.2.2.t08287,1.133127174467552,0.43069503878637666,1.094360228751473,0.26663663454963155,NA
nDi.2.2.2.t08299,1.2702114966363407,0.413700422930495,1.07762011289497,0.32725718497027645,NA
nDi.2.2.2.t08300,1.7108494879759022,0.5928165288640265,1.175920674821923,0.1753788861496271,NA
nDi.2.2.2.t08308,0.9287754662906915,0.3041439501657851,1.0405880186187104,0.4755453940088196,NA
nDi.2.2.2.t08318,0.862135377360282,0.28935517478028566,1.0378428764356031,0.4918667166703223,NA
nDi.2.2.2.t08321,0.670544166714857,0.20816481371942586,1.018746546670423,0.6936899148807627,NA
nDi.2.2.2.t08338,1.0245018783315873,0.1460914793015309,0.9599944136963322,0.8348011924227872,NA
nDi.2.2.2.t08341,2.5693297372365773,0.3666163384201,0.9395041924467716,0.4588993788340845,NA
nDi.2.2.2.t08342,2.6221694061755727,0.041519452008792514,0.8728438088136431,0.9284952586869092,NA
nDi.2.2.2.t08361,1.658672981906593,0.30113497734373484,0.9761828978108161,0.5053039251405542,NA
nDi.2.2.2.t08371,3.038734053246843,0.45863033414886933,0.9795399605042036,0.33426220806209356,NA
nDi.2.2.2.t08378,1.763492887581309,0.5341361725321475,1.1370476902219,0.21763901223291443,NA
nDi.2.2.2.t08381,3.322160125483399,0.3870101851380604,0.9143397305615609,0.4510340889000041,NA
nDi.2.2.2.t08382,3.085178309503985,0.39055144941154135,0.9356323705232725,0.4347220434523303,NA
nDi.2.2.2.t08394,1.1256146104770715,0.11917376764794388,0.9487563192094648,0.864137371703504,NA
nDi.2.2.2.t08397,3.2509315537101906,0.8008201518323848,1.181998650838927,0.15669654753473858,NA
nDi.2.2.2.t08398,0.9241324514895006,0.12940256176706913,0.9629068154086633,0.8473048567379541,NA
nDi.2.2.2.t08399,2.506332957913009,-0.20456424233457055,0.8854595130608276,0.6650863151390327,NA
nDi.2.2.2.t08400,1.0935785842836268,-0.23999802079434943,0.9778086005357581,0.5219503511701687,NA
nDi.2.2.2.t08406,0.7582170706695882,0.22686624139366712,1.0313333761922572,0.5213498023995174,NA
nDi.2.2.2.t08408,1.387051530480375,0.41320954145381655,1.0743063395311812,0.34352407451008193,NA
nDi.2.2.2.t08410,2.018610043492446,0.45118045870696555,1.0155157242380004,0.3476755038012671,NA
nDi.2.2.2.t08414,1.5843781692252692,0.05781644792737545,0.9101595001237685,0.9873250158973519,NA
nDi.2.2.2.t08415,1.7408387683250413,0.12641872637494367,0.9125038341552945,0.8034250638670007,NA
nDi.2.2.2.t08431,0.7899035031945445,0.07416020785289003,0.9676044825562474,0.9164419229819937,NA
nDi.2.2.2.t08432,1.5715542459741085,0.3017040714059446,0.9756032061158307,0.532357651080319,NA
nDi.2.2.2.t08434,3.03661385074419,1.1090726749770667,1.6569905029836454,0.05821311189295839,NA
nDi.2.2.2.t08437,2.212821110155964,0.048517601817257214,0.8884865423028473,0.9119129275481713,NA
nDi.2.2.2.t08442,0.8894881087087931,0.2777337856265837,1.0329777170705956,0.5331694322008931,NA
nDi.2.2.2.t08445,1.5487300800663855,0.2524238159954126,0.9601988685759291,0.6075126464527161,NA
nDi.2.2.2.t08446,2.0081360134407507,0.3202172328237969,0.9567983431993617,0.46595731180924393,NA
nDi.2.2.2.t08447,2.9557314585028553,-0.4894358738130723,1.0006143589279295,0.3278974430844674,NA
nDi.2.2.2.t08448,0.9553319423216231,0.2902910860515115,1.033983308545948,0.5280469333704618,NA
nDi.2.2.2.t08449,3.1139801720474187,-0.059679584802246756,0.8488244655297138,0.9006343718678971,NA
nDi.2.2.2.t08452,2.8004301547502624,-0.01847445754056445,0.8544516919057009,0.9668985396939848,NA
nDi.2.2.2.t08457,0.6847406383115655,0.2294187270025725,1.0253297388122584,0.6013716472152004,NA
nDi.2.2.2.t08458,1.6144072554870461,0.27531890415002963,0.9687915085938802,0.5529356715369174,NA
nDi.2.2.2.t08467,2.637286341834366,0.39552928975211665,0.9808735105365376,0.4867924933686832,NA
nDi.2.2.2.t08468,2.2338967379036108,0.5133056170197245,1.0439412922965134,0.2984704788840053,NA
nDi.2.2.2.t08469,1.0912053886486761,0.15715862369747835,0.9561743068456581,0.7729583362135986,NA
nDi.2.2.2.t08470,2.860389393081939,0.011596432711925033,0.8570837842455699,0.9823495411895989,NA
nDi.2.2.2.t08479,1.2102846070525521,0.14494781601198847,0.9466634847869942,0.7683052971735718,NA
nDi.2.2.2.t08490,1.912646416979691,0.3653005238271207,0.9779724369853015,0.42639513200148543,NA
nDi.2.2.2.t08498,3.16969096634323,0.14210106446724988,0.8459192078267465,0.7710959838887222,NA
nDi.2.2.2.t08504,2.3747255819659245,0.14704060854976694,0.8849803070462141,0.7787329848060396,NA
nDi.2.2.2.t08510,2.7819645617668716,-0.06278024331723009,0.9135733247771419,0.8787011397898423,NA
nDi.2.2.2.t08519,1.3061458994092712,0.31472177959025854,1.0551401306792212,0.3822454854261449,NA
nDi.2.2.2.t08526,1.6050008190167753,0.08447331616492278,0.9298062407730289,0.80070154486537,NA
nDi.2.2.2.t08532,2.7530283532919086,0.013234575001988512,0.8838636625926308,0.9710360978601243,NA
nDi.2.2.2.t08533,1.7110993982356746,0.09340306925239804,0.9074373076668207,0.8578964560301479,NA
nDi.2.2.2.t08537,1.546814211019372,0.5261682545026,1.1347984946412673,0.2179250327673959,NA
nDi.2.2.2.t08540,1.4391310966742208,0.4705402582419767,1.1031063113250883,0.27011260774884005,NA
nDi.2.2.2.t08541,2.4536364835523354,0.2922696842968823,0.9224489848194218,0.5486457746205415,NA
nDi.2.2.2.t08542,3.141893419136147,0.44185628341003036,0.9468599946459237,0.39119282958046964,NA
nDi.2.2.2.t08547,3.348767719154081,0.8865150697429834,1.2389004183500825,0.12992482827489682,NA
nDi.2.2.2.t08551,2.453484639445661,0.3786159271556074,0.9673418156348559,0.38519001069582043,NA
nDi.2.2.2.t08552,2.7164702880714464,0.056807621428350115,0.8654800250345269,0.9049687422508677,NA
nDi.2.2.2.t08554,3.2947796807518093,0.12501179785236163,0.8430764481627325,0.7974803483059222,NA
nDi.2.2.2.t08560,2.967232704490719,0.24633442126454777,0.8810893452198426,0.6221484546392453,NA
nDi.2.2.2.t08564,2.596337861786134,-0.0778097390397234,0.8623675853217069,0.8684615040241166,NA
nDi.2.2.2.t08574,2.437326792643126,0.846078530484319,1.3956559690131818,0.10569621612414018,NA
nDi.2.2.2.t08587,1.8427493502790564,0.18225965460086885,0.9186215131999358,0.7096625116098519,NA
nDi.2.2.2.t08589,1.683517311719594,0.2787695790357718,0.9582657761936874,0.5474369260307024,NA
nDi.2.2.2.t08598,2.766351606169237,0.13492118038914286,0.8674042561751584,0.780963043907718,NA
nDi.2.2.2.t08599,3.295282376181261,0.7852571079677598,1.1720352791423552,0.16059369886036337,NA
nDi.2.2.2.t08618,0.6642403702744835,0.1976577826227351,1.0248612388687495,0.6009137445657885,NA
nDi.2.2.2.t08619,0.9943998592726595,0.3295314440849428,1.048759202551499,0.4304808930805936,NA
nDi.2.2.2.t08624,2.5140977258945445,0.5589634387172748,1.0607836575903271,0.25965628563528514,NA
nDi.2.2.2.t08633,2.3640552060791005,0.5015600318385235,1.0285603959836866,0.303968269841269,NA
nDi.2.2.2.t08636,2.3580143405026863,-0.05351711737305865,0.8708636573721501,0.9067457618445357,NA
nDi.2.2.2.t08639,2.5840095391098292,0.35241048953289184,0.9350036902457005,0.47959917734212454,NA
nDi.2.2.2.t08640,0.8191435564580614,0.2755424067173617,1.0340773829926004,0.5195641988349964,NA
nDi.2.2.2.t08648,1.2445880798621736,0.20035579195760353,0.95770073271419,0.6747297069735967,NA
nDi.2.2.2.t08650,2.714545206531306,-0.4909816940324037,0.9747470288590301,0.31759242216698885,NA
nDi.2.2.2.t08671,2.6070547030077744,0.10983461033513914,0.8801731096468497,0.8090413827957246,NA
nDi.2.2.2.t08682,1.5310154065432426,0.2913013277094026,0.977322072770787,0.5406147962193373,NA
nDi.2.2.2.t08691,0.4446381673417072,0.1344633634047239,1.016393877532697,0.7798993270484048,NA
nDi.2.2.2.t08704,1.9819439417305162,0.6477765895265333,1.2041520611198528,0.1620265003203394,NA
nDi.2.2.2.t08705,1.7369645041425326,-0.08847701025329315,0.9207150810094739,0.8247061838046468,NA
nDi.2.2.2.t08709,2.8689118726970557,0.6777591347805371,1.118350892312651,0.2043899098519378,NA
nDi.2.2.2.t08712,0.516366516190116,0.1669309422506386,1.014826670280521,0.7814874953435083,NA
nDi.2.2.2.t08745,2.557430909909777,0.5865921906717484,1.0626875421719146,0.25088447772363076,NA
nDi.2.2.2.t08748,1.291810434517851,-0.15844368244003376,0.9332150705011387,0.6774441209331852,NA
nDi.2.2.2.t08749,1.1219701030711389,0.1883744002658953,0.9696123070706015,0.7298252363849493,NA
nDi.2.2.2.t08752,1.1038682565623734,-0.011709381100437016,0.9349743890768033,0.7881692139873399,NA
nDi.2.2.2.t08753,3.1210418990539837,0.1977142862919811,0.8582420730504848,0.6854664461476501,NA
nDi.2.2.2.t08757,2.1799276614662815,0.26689854801949625,0.925336467346888,0.5910321491333154,NA
nDi.2.2.2.t08758,3.3123006210656865,-0.1935583065404486,0.8673066879450313,0.6738934330305124,NA
nDi.2.2.2.t08760,2.334822272831277,-0.5354919661678301,1.0353451836201377,0.26775931733580305,NA
nDi.2.2.2.t08765,2.2723635995974925,0.4984487970831013,1.0333010744633246,0.3104122145984321,NA
nDi.2.2.2.t08771,1.3663071149565433,0.24599354346426439,0.9730854430483745,0.608652673140243,NA
nDi.2.2.2.t08772,1.1021932218654185,0.40649735126818726,1.0819336757571862,0.29895770391766047,NA
nDi.2.2.2.t08774,2.1042177208852797,0.3359050154489919,0.9755952044879955,0.44023104707173155,NA
nDi.2.2.2.t08775,1.3604415593185555,0.4114133191950194,1.0756428861155365,0.33670642590969785,NA
nDi.2.2.2.t08782,2.434869968434429,0.11347909597524541,0.880850346177505,0.8023595624373672,NA
nDi.2.2.2.t08787,1.5456085198755085,0.5239047935884025,1.1333151124590257,0.2219360645347722,NA
nDi.2.2.2.t08789,2.285520922612232,-0.13717079210663316,0.8812579604685249,0.7689682837268287,NA
nDi.2.2.2.t08796,2.3811379942874566,-0.055427752459148896,0.8682541538056586,0.9010419231366722,NA
nDi.2.2.2.t08806,1.9727925360928904,0.6987659160356018,1.2481425755927478,0.13481974599435945,NA
nDi.2.2.2.t08827,2.411625754458213,0.010916757208580577,0.8918203647863534,0.981835745224418,NA
nDi.2.2.2.t08828,0.7345224898719751,0.2425100380460105,1.0262325090540756,0.5926799710734147,NA
nDi.2.2.2.t08830,2.514382873728409,-0.09582797912074695,0.9248419292558592,0.8022155550997843,NA
nDi.2.2.2.t08840,1.8759632432385467,0.38705555893668586,1.0000292280216652,0.4182113701258779,NA
nDi.2.2.2.t08843,1.8714781098201552,0.40081825446407254,0.99899025773712,0.39502997549641333,NA
nDi.2.2.2.t08844,1.3112737031132065,0.18625891005512096,0.9539663111708077,0.7248124548322568,NA
nDi.2.2.2.t08845,2.7153857315084213,-0.08257479242852535,0.8613160245324245,0.8607080525701428,NA
nDi.2.2.2.t08846,1.2218134734867003,0.42729772881292094,1.0887863088621768,0.29018287974932105,NA
nDi.2.2.2.t08847,2.6398636086238727,0.12550311470951095,0.8857640456034968,0.7776958553057272,NA
nDi.2.2.2.t08849,2.4246821749352767,-0.2139376524433537,0.8985747186452205,0.6299862304241393,NA
nDi.2.2.2.t08856,1.943947631357502,0.17248696733251367,0.91210873514054,0.7194514277746722,NA
nDi.2.2.2.t08857,1.8966744076948467,-0.05033845195366827,0.8908246976264164,0.9073963619751283,NA
nDi.2.2.2.t08876,2.9025075629977666,0.7142022087556633,1.1501154576216737,0.187759536625782,NA
nDi.2.2.2.t08877,1.1456642784469275,0.3750818771471962,1.0631131240459217,0.3710530639817902,NA
nDi.2.2.2.t08886,1.2318020462703672,0.4508443610957997,1.101217391992354,0.2601171819036738,NA
nDi.2.2.2.t08888,2.4172792356729147,0.2954320566713407,0.9278926123803481,0.5366011082883351,NA
nDi.2.2.2.t08889,2.386359615467117,0.5224525001964899,1.039314884840684,0.2969375283839959,NA
nDi.2.2.2.t08890,1.9267263817850604,0.4142282383159106,1.0022182112791087,0.3767217623739231,NA
nDi.2.2.2.t08897,1.3506764323807243,0.20929967038035438,0.9566897825880547,0.6727005179202592,NA
nDi.2.2.2.t08910,2.5211364752620895,0.2678367698050336,0.9080166128764171,0.5770484326732634,NA
nDi.2.2.2.t08911,3.330068372371589,0.0922534337511728,0.837333501801549,0.8514582007956583,NA
nDi.2.2.2.t08916,2.229937819938838,0.721356514135031,1.2535303038711758,0.13929518354473877,NA
nDi.2.2.2.t08917,1.9520029355850785,0.48137478857363986,1.0395738212945398,0.31976169586581865,NA
nDi.2.2.2.t08923,2.4635540594693035,0.05131879477603141,0.8608899522419983,0.9143511254657354,NA
nDi.2.2.2.t08924,2.0275144462450556,-0.07150622810030398,0.8932797949183048,0.866090211563616,NA
nDi.2.2.2.t08931,2.5816238669568214,0.30732692804209616,0.9192769139517382,0.5341458500981175,NA
nDi.2.2.2.t08933,3.0230883460055966,0.1440542724380649,0.8595251507860695,0.7703463161921544,NA
nDi.2.2.2.t08936,2.275220243212764,0.4629482054184446,1.01135232411528,0.3477420641524466,NA
nDi.2.2.2.t08939,2.0429002384302213,0.28791002150944556,0.9400908726370402,0.5701509892636335,NA
nDi.2.2.2.t08941,1.5631038289200383,0.3007845253778399,0.9830020410740818,0.5154320897105014,NA
nDi.2.2.2.t08947,0.6323549596221415,0.20001115431520997,1.017869301131251,0.7084341540494664,NA
nDi.2.2.2.t08952,1.1544745590346657,0.3840929445497929,1.0669954076409571,0.3576106267466176,NA
nDi.2.2.2.t08964,2.265425159587145,0.02604593745612612,0.8805982800374836,0.9565600635168782,NA
nDi.2.2.2.t08965,1.8465050008861756,0.379536145790802,0.9901891881236895,0.41687194936638994,NA
nDi.2.2.2.t08969,2.4395892995072437,0.8279253819506702,1.344429017936684,0.10619606410906507,NA
nDi.2.2.2.t08974,1.39398899175759,0.42296092103445193,1.0793656588358205,0.32572563105602836,NA
nDi.2.2.2.t08994,3.262378439399186,-2.8942755742321125,2.321662923083368,0.010976458981961073,NA
nDi.2.2.2.t09010,1.7774600670856064,-0.37190004437507435,0.9717852057526696,0.40941499719119223,NA
nDi.2.2.2.t09054,2.005333814857391,-0.20744497453337477,0.9035988769999475,0.6443022113774444,NA
nDi.2.2.2.t09061,1.8447519149258935,-0.09093014262327455,0.9079213292767361,0.8273763104937716,NA
nDi.2.2.2.t09080,2.7608660721205567,0.06595842724078654,0.9129935718656249,0.8744333815392246,NA
nDi.2.2.2.t09085,1.401751467816656,0.48731764296563695,1.1155837233521602,0.2420012225728414,NA
nDi.2.2.2.t09115,1.6767612490888135,0.07311247494442834,0.9090139040323653,0.894271068536696,NA
nDi.2.2.2.t09116,2.2622605931982607,0.465591416338369,1.0180664256310832,0.3449924590009239,NA
nDi.2.2.2.t09122,1.3437405040914379,0.4910304538745881,1.121165567947713,0.22708275435278352,NA
nDi.2.2.2.t09131,2.1853739044800538,0.782726989643342,1.317837284254505,0.10803084593051109,NA
nDi.2.2.2.t09135,1.3659458480001792,0.250339031292661,0.9826461602362996,0.6667680413305634,NA
nDi.2.2.2.t09136,0.9407811138418238,0.2909567673917031,1.0348193764428846,0.5209142585557698,NA
nDi.2.2.2.t09151,1.7745061222618037,0.3561791129970138,0.9838605699867997,0.443612497852,NA
nDi.2.2.2.t09156,2.885946187220154,0.21767276391372484,0.8845528832329639,0.6406303311965418,NA
nDi.2.2.2.t09157,1.0051900606825794,0.07700233722257582,0.9486778188811492,0.9551420834824506,NA
nDi.2.2.2.t09162,1.1195245601066341,0.40729386195059075,1.0815119013803283,0.3020122720939811,NA
nDi.2.2.2.t09163,2.21438722232593,0.2668979692852094,0.923878765094178,0.5901404712527616,NA
nDi.2.2.2.t09169,1.631137614991548,0.16113063088032295,0.9397259336421526,0.665600741802577,NA
nDi.2.2.2.t09170,2.4349305586403585,-1.4063240936337769,2.384710746221058,0.02655647362786679,NA
nDi.2.2.2.t09176,0.7116861110083752,0.21018131072192808,1.0271060429969803,0.5719037321001694,NA
nDi.2.2.2.t09182,3.128669071392401,0.15250613652736184,0.8825744594365028,0.732591267658297,NA
nDi.2.2.2.t09189,2.1281549416180736,0.40404953300652224,0.9896348736599051,0.40545363209806384,NA
nDi.2.2.2.t09196,1.0934156971247044,0.3404787679532662,1.051833556580657,0.41361144911078523,NA
nDi.2.2.2.t09199,1.4056841505188329,0.2645010848972642,0.9687940292177885,0.5689357804911295,NA
nDi.2.2.2.t09203,1.239085804597572,0.42366889176494543,1.0864021068122727,0.29752186316012025,NA
nDi.2.2.2.t09210,1.3134009265462758,0.44454070806535556,1.0929248997459897,0.28766502632860874,NA
nDi.2.2.2.t09211,1.376808361992491,-0.15522232838004504,0.9286073250118484,0.6896889285853279,NA
nDi.2.2.2.t09228,1.2475044833102902,0.41829681307779754,1.0807503461133388,0.31678742435955826,NA
nDi.2.2.2.t09238,1.6390538882619834,0.5521905516121448,1.147421082924795,0.2075860961057143,NA
nDi.2.2.2.t09244,2.2459148827748865,-0.40400764329529054,0.9610881753653528,0.4023554009519719,NA
nDi.2.2.2.t09246,1.8167964729551376,0.08764748309857749,0.9096034713079574,0.8547840550132875,NA
nDi.2.2.2.t09248,1.8145708384154289,-0.06643581778093921,0.9073171733179278,0.8719555293573664,NA
nDi.2.2.2.t09251,3.0120582898119967,0.4217667055544493,0.9554107134851172,0.4032362399968126,NA
nDi.2.2.2.t09254,3.0330385959659694,0.46958072932323935,0.9918804340703055,0.30546379370876153,NA
nDi.2.2.2.t09258,1.2394978223802682,0.20548521740793246,0.9648318126380042,0.7370446419724763,NA
nDi.2.2.2.t09259,0.6319583274736338,0.02698692706277564,0.9710327789364519,0.9510187554146767,NA
nDi.2.2.2.t09269,2.0000540566226266,0.14561580077836717,0.9031997534858647,0.755336332412038,NA
nDi.2.2.2.t09275,2.4017090194551365,-0.035106118312021005,0.891984190315329,0.9322450252778862,NA
nDi.2.2.2.t09280,2.644121830556836,0.08541827062329428,0.8687677164147495,0.8587284724148135,NA
nDi.2.2.2.t09285,2.0500366917184656,0.008721940684492224,0.8890007023075125,0.9857369081175295,NA
nDi.2.2.2.t09288,1.5384111800339133,0.47937469211704903,1.1038868745951136,0.27726896772618054,NA
nDi.2.2.2.t09290,1.8917117703008075,0.4294625850043922,1.016622278520718,0.37300040567412784,NA
nDi.2.2.2.t09307,2.766050222760572,0.4314025596857484,0.9784049692708442,0.34292944936275926,NA
nDi.2.2.2.t09314,1.2368416947884593,-0.04618601478506377,0.9265410290421976,0.8680170435910984,NA
nDi.2.2.2.t09316,2.219346655630168,0.003488665064993197,0.882447944032297,0.9972080051383599,NA
nDi.2.2.2.t09321,1.6409344376352692,0.2955188812139037,0.9668225438879823,0.5221244378814868,NA
nDi.2.2.2.t09324,2.6905174903701012,-0.08876382435280358,0.8569200337560167,0.8524893295662023,NA
nDi.2.2.2.t09326,1.4769734256068383,-0.27325229937351636,0.9663748475508389,0.5211026954809553,NA
nDi.2.2.2.t09327,2.3977953120017195,-0.19602686374683645,0.8948279393185044,0.6621098419351388,NA
nDi.2.2.2.t09331,2.721975216098241,-4.559250794145143,4.171856079758392,0.005697435518899781,NA
nDi.2.2.2.t09339,1.1323133347691705,0.4012439224770546,1.0806503566607337,0.3039984603948485,NA
nDi.2.2.2.t09359,3.1051435359385975,0.7728399299942367,1.1609490395243593,0.165798593444739,NA
nDi.2.2.2.t09363,2.125496781120398,-0.4481268486653131,0.9826260437289017,0.352851520186252,NA
nDi.2.2.2.t09365,1.3254530508760562,0.4528376990495301,1.0971531925682683,0.27732532172865476,NA
nDi.2.2.2.t09369,1.8878318462784986,-0.09212014481651461,0.9031527770853476,0.8258683357801831,NA
nDi.2.2.2.t09386,2.6148319173081562,-0.20164727484046974,0.875695444364021,0.6760172993755418,NA
nDi.2.2.2.t09390,3.0227481457815872,-0.2610771302970971,0.89476676489674,0.566370076677702,NA
nDi.2.2.2.t09395,2.683723668606059,0.49357042080428615,1.0065498033806874,0.30096561568539976,NA
nDi.2.2.2.t09402,0.7824032446897916,0.2788426985004998,1.037971782356617,0.4835049740245606,NA
nDi.2.2.2.t09404,1.5806149458612389,0.14673281610236197,0.9338492881375696,0.6980486726884745,NA
nDi.2.2.2.t09416,2.0653158878001454,0.3783371709997842,0.9952698779719847,0.3995991736778149,NA
nDi.2.2.2.t09427,1.0449262221219207,0.3017580052381468,1.0404951233173536,0.4785912529616251,NA
nDi.2.2.2.t09431,1.2740430514377685,0.4244738615843604,1.0834860900891123,0.30912347326331024,NA
nDi.2.2.2.t09444,1.2147225672197324,0.17919332882367006,0.9534574915790119,0.7114993666049043,NA
nDi.2.2.2.t09449,2.297587470111215,0.8199847630886101,1.3501044985407058,0.0996610767404332,NA
nDi.2.2.2.t09452,1.395439549439018,0.28968514451402433,0.9909640400159508,0.5332672364714581,NA
nDi.2.2.2.t09454,0.9780571820633651,0.0726440390412048,0.9482054601782544,0.9104336034432903,NA
nDi.2.2.2.t09457,2.9523379743860425,0.22996259796258325,0.9343578291765298,0.5197113878158651,NA
nDi.2.2.2.t09458,2.3177181388466037,0.49676292836435604,1.0497820075739273,0.3043450602790455,NA
nDi.2.2.2.t09463,2.8719695942953805,-0.24391012728670006,0.9002297748596687,0.5874181492837515,NA
nDi.2.2.2.t09474,2.481033846640514,0.5460517715461344,1.0496394610469018,0.2819678030498185,NA
nDi.2.2.2.t09476,1.9424653554139657,0.5616504834012773,1.156552370574463,0.19175784456287595,NA
nDi.2.2.2.t09479,0.6963166130915706,0.15011551151876018,0.9903809323692764,0.775551471231947,NA
nDi.2.2.2.t09480,2.194888620939403,0.5359023252225278,1.0559584133970559,0.27855680921492854,NA
nDi.2.2.2.t09497,0.6813508407717294,0.23379130958685362,1.0265418951044274,0.5866361388735345,NA
nDi.2.2.2.t09498,2.408315834616014,-0.06909215483177204,0.8716646225162592,0.8761000871883483,NA
nDi.2.2.2.t09499,3.0759818504863947,0.12029972452605145,0.8568013608136231,0.8075881741169968,NA
nDi.2.2.2.t09510,1.4282055408182035,0.520275716579868,1.1361911644931875,0.20965829429831892,NA
nDi.2.2.2.t09518,1.0374305006169642,-0.09747112305794668,0.9485184441095166,0.7604675944414943,NA
nDi.2.2.2.t09521,3.1802502835438258,1.169105496251908,1.6971579170740325,0.058511640817027984,NA
nDi.2.2.2.t09528,1.7347066192729466,0.5438118158635742,1.1366813333443893,0.2269402451268075,NA
nDi.2.2.2.t09538,2.179947781274827,0.24856143274575476,0.9445435356043815,0.5043238626265061,NA
nDi.2.2.2.t09542,3.314407608788325,0.348071793361519,0.9681187586120807,0.3407579559869581,NA
nDi.2.2.2.t09558,1.0752353295944688,0.38090701522156245,1.0693917656017842,0.34131277625311973,NA
nDi.2.2.2.t09560,2.097861485690276,0.7447402479831041,1.2865928148445729,0.11746362609154958,NA
nDi.2.2.2.t09569,1.7889307488893262,0.5778141540653856,1.1617747149888484,0.19296931774358264,NA
nDi.2.2.2.t09581,1.3135612179298923,0.2295559546111517,0.9677907539050328,0.6520496699914429,NA
nDi.2.2.2.t09582,2.0123854301412325,0.3605595507959153,0.978813506613948,0.4609998246433524,NA
nDi.2.2.2.t09585,2.0670646765895504,0.3700128093017057,0.9756220504116174,0.42598942712373666,NA
nDi.2.2.2.t09594,3.1632069938907748,0.5462621284597736,1.0075086126698072,0.29570310796158317,NA
nDi.2.2.2.t09602,2.93538571205501,0.12138924382688927,0.8769478997519057,0.787387480379127,NA
nDi.2.2.2.t09605,1.7566604496635205,0.5116021156605322,1.1281681464852307,0.22253804145916228,NA
nDi.2.2.2.t09606,2.2319268556077345,0.7362413078090531,1.2708486950136655,0.13075591637403217,NA
nDi.2.2.2.t09614,1.725779863296169,0.12810237022010465,0.9135906953495843,0.8274243294862986,NA
nDi.2.2.2.t09615,2.1190057237247393,0.4118504038472588,0.9973427455035463,0.3788071900395163,NA
nDi.2.2.2.t09630,2.923422458127918,0.5136923537999989,1.0120564821959002,0.2819872014270783,NA
nDi.2.2.2.t09635,2.8962209403320993,0.48778050408838525,0.9976213106701259,0.3011371029598342,NA
nDi.2.2.2.t09655,2.789013108348153,0.22820123872138862,0.9034072060233823,0.6188664483089011,NA
nDi.2.2.2.t09662,3.094535652387844,-0.5835832546289227,0.9894830080966803,0.2668679059979456,NA
nDi.2.2.2.t09665,1.411048851646374,0.4895453419577538,1.118309812735305,0.23405796211226265,NA
nDi.2.2.2.t09669,2.196346883008296,0.2436292695973341,0.9145790443074603,0.6122428746565611,NA
nDi.2.2.2.t09670,0.7441657033441349,0.23509056712649176,1.0234006316743272,0.6261239955548059,NA
nDi.2.2.2.t09674,2.373129994149372,0.3019457737415425,0.9260245806998698,0.5376981625261645,NA
nDi.2.2.2.t09675,2.9103994943449134,1.3099294286922534,1.9385605538643906,0.04267689582416638,NA
nDi.2.2.2.t09688,1.6260553978162475,0.015491733921062196,0.9348656508336444,0.9262905445631676,NA
nDi.2.2.2.t09694,2.2337598341941356,0.25260923166030574,0.9088965321241398,0.5839908285039257,NA
nDi.2.2.2.t09716,2.681652698523069,-0.16506955832930884,0.8816638528638824,0.7111911373912538,NA
nDi.2.2.2.t09722,0.8084367581292394,0.2773994741389161,1.035169186918038,0.5088619992716117,NA
nDi.2.2.2.t09724,1.7934513595840804,0.38886214870964,1.0006428604774746,0.4146309778401048,NA
nDi.2.2.2.t09731,1.1669855666084454,-0.07325890543731772,0.9313122212732147,0.8171679948549629,NA
nDi.2.2.2.t09732,0.9373895872375091,0.3069499319090399,1.0410377461947409,0.4745135595092978,NA
nDi.2.2.2.t09734,1.2594142456149806,0.43234871875523634,1.0895276859743186,0.28852612090816604,NA
nDi.2.2.2.t09735,0.8720504344244278,0.29116355590189374,1.0375725824451294,0.4942407719202583,NA
nDi.2.2.2.t09740,1.7361994955018054,0.33647420954138046,0.9792956885592026,0.47717501993551625,NA
nDi.2.2.2.t09755,0.825846077315803,0.24116125225079568,1.0338723358365578,0.5016125051988999,NA
nDi.2.2.2.t09756,1.0733249882072364,0.3804355778470926,1.0691237590324996,0.3405420116916967,NA
nDi.2.2.2.t09757,2.359072529559726,0.32504189680074375,0.9517785585407211,0.44905698509176567,NA
nDi.2.2.2.t09759,1.2150944368934826,0.3414107579226032,1.045286464009761,0.4626055553083555,NA
nDi.2.2.2.t09773,1.1567857100223968,0.10207149201158552,0.9454996513795951,0.8475954140739247,NA
nDi.2.2.2.t09783,0.5958882616620481,0.17871815355464993,1.0217819437124778,0.6487307926286595,NA
nDi.2.2.2.t09784,2.767173912418688,0.1703296156515447,0.8739413049325859,0.7257178140633361,NA
nDi.2.2.2.t09789,1.9224811565562738,-0.04206125216149426,0.8973437453954718,0.9196234624340354,NA
nDi.2.2.2.t09791,2.661165713431637,1.0093136729112202,1.5424875580236395,0.06845403160349148,NA
nDi.2.2.2.t09799,1.548226023973982,0.5652800466387249,1.1657357163702922,0.177983772147445,NA
nDi.2.2.2.t09800,1.3333338090299118,0.19331902611634122,0.9558490336479837,0.6843218238083819,NA
nDi.2.2.2.t09806,0.7835554274981631,0.27767510098532555,1.0373049771664489,0.48926815425103487,NA
nDi.2.2.2.t09808,1.6479332166782998,0.32383962480816486,0.9816250735604379,0.49739480773375805,NA
nDi.2.2.2.t09820,1.1009427564923004,0.3619216678092925,1.0603130329488744,0.3750476174142589,NA
nDi.2.2.2.t09822,1.7623527308576765,0.29148012049359917,0.9627483775450859,0.5282854366748799,NA
nDi.2.2.2.t09825,1.6669064945481673,0.13937988339634685,0.9384469672092841,0.7584292191110193,NA
nDi.2.2.2.t09826,2.3222417048995316,-0.3904231409022123,0.9613030614141449,0.40499464216454356,NA
nDi.2.2.2.t09829,2.125707293682989,0.631792899938414,1.2114300700157963,0.1391974360557402,NA
nDi.2.2.2.t09835,1.7408892810639103,-0.04065355923837793,0.9022223020354941,0.9130836604993321,NA
nDi.2.2.2.t09845,2.2878139230021906,0.4944829317482435,1.0303422512269356,0.3188582004712415,NA
nDi.2.2.2.t09847,1.5317700881638543,0.15810086145994734,0.9284866117745543,0.7663010551372578,NA
nDi.2.2.2.t09851,3.287943388729809,0.043674042166355315,0.8375210790295993,0.9326885940027618,NA
nDi.2.2.2.t09859,2.2159410028800615,0.42399568530068005,0.9888735216435561,0.36728285656721754,NA
nDi.2.2.2.t09879,1.4727964482666946,-0.13573898582192384,0.9359339616957502,0.7392769577274285,NA
nDi.2.2.2.t09885,2.1209225156626856,-0.39617722179869785,0.9618678135160172,0.40259713871710456,NA
nDi.2.2.2.t09895,0.758993458223773,0.24513060183296775,1.0262703563898719,0.5934075216482924,NA
nDi.2.2.2.t09916,2.3426101877574554,0.5091178594865314,1.0378360129973392,0.30599002251149504,NA
nDi.2.2.2.t09917,2.286861065848359,0.2450540899007754,0.9144275672712792,0.6131108611764182,NA
nDi.2.2.2.t09920,2.446895701805735,0.29201059342089386,0.9484789813039729,0.45547963220753446,NA
nDi.2.2.2.t09925,1.2117427997614891,-0.05997621817186929,0.9368116380863659,0.8477740692716288,NA
nDi.2.2.2.t09942,3.0449543057982003,0.9628011535704077,1.4643943674329927,0.0822833293625365,NA
nDi.2.2.2.t09957,3.332290050578,-0.6424826279686213,1.0888739464179586,0.21474768068135064,NA
nDi.2.2.2.t09959,3.116001482631459,0.6474564221785213,1.0681853286756637,0.22689699064598529,NA
nDi.2.2.2.t09963,0.9342048325080865,0.311920503361915,1.0438044132360627,0.4556985587892685,NA
nDi.2.2.2.t09975,3.1405566403773895,1.2498927006237852,1.8115830460625646,0.0504348008011385,NA
nDi.2.2.2.t09976,3.2762064418215875,1.4428448232496323,2.113336825350518,0.03714675333560604,NA
nDi.2.2.2.t09981,2.1964637947535044,0.12742277716163278,0.919368464598544,0.7347043987241968,NA
nDi.2.2.2.t09983,2.5189446679035044,0.13307270061010806,0.8849688792806213,0.765990295008102,NA
nDi.2.2.2.t09984,2.5655720397470927,0.8468232420953109,1.3570311872802523,0.10420916371738481,NA
nDi.2.2.2.t09996,1.7035734738362516,0.1409211933168998,0.9180565373008718,0.7876883589651078,NA
nDi.2.2.2.t10001,1.0135461799851906,0.1251915564768353,0.9595005153615064,0.9064715887173694,NA
nDi.2.2.2.t10004,1.5272804314539186,0.5284238138183441,1.1365534177610124,0.21654533708160117,NA
nDi.2.2.2.t10021,3.0678350269932704,0.6798648894411284,1.1004781977109532,0.20623274583650808,NA
nDi.2.2.2.t10025,1.9569800419314642,0.19619422956155583,0.9169002565699479,0.7034420210010899,NA
nDi.2.2.2.t10027,3.2392757337796065,1.44788704431339,2.0889596669111303,0.03875269913455235,NA
nDi.2.2.2.t10036,2.152143945027569,0.6817789393300825,1.2433219612488353,0.13280657439002827,NA
nDi.2.2.2.t10045,2.2301769006489165,-0.26859289354696897,0.9137126856536872,0.5698616030469965,NA
nDi.2.2.2.t10046,3.3180950542237397,0.507394525473733,0.9819786309955321,0.3304104644241848,NA
nDi.2.2.2.t10051,2.097504779091634,0.7602115321797818,1.3012011299708204,0.11293448549920787,NA
nDi.2.2.2.t10064,0.8903768895391935,0.2891576117533935,1.0387710791312017,0.4849028374141964,NA
nDi.2.2.2.t10066,3.253027559681401,-0.600848918046759,0.9936200972000327,0.255546321892032,NA
nDi.2.2.2.t10067,1.6493981842817016,-0.1326414735951498,0.9120359725866533,0.759011337130959,NA
nDi.2.2.2.t10074,0.7030615809117883,0.19561316563731151,1.014327370785451,0.769208913512182,NA
nDi.2.2.2.t10075,0.6015188175859758,0.18261371892848993,1.02279542935133,0.6300381091373938,NA
nDi.2.2.2.t10092,1.0408463572677673,0.35114665508466736,1.0560085170530966,0.3952538979591484,NA
nDi.2.2.2.t10105,1.8832936439839414,-0.050800281502842604,0.8913036172907386,0.9057421842771154,NA
nDi.2.2.2.t10128,3.056587319525108,0.7716255739610853,1.1896818724659235,0.16291783014102276,NA
nDi.2.2.2.t10131,2.3465562187351363,0.9726765421062133,1.5472083002940262,0.06119066315659441,NA
nDi.2.2.2.t10133,2.63940899099791,0.0016982232304571878,0.8562548689191324,0.9994103732749184,NA
nDi.2.2.2.t10140,1.82619995100047,0.0467730891197544,0.9046440209134345,0.9167110549004552,NA
nDi.2.2.2.t10143,1.5473261986791935,0.2922360969185295,0.9776527741752118,0.5502157392718301,NA
nDi.2.2.2.t10153,1.7196902101947003,0.2837575244567245,0.9604855935390771,0.5338980744513572,NA
nDi.2.2.2.t10156,2.7030454855301422,0.13923086502496232,0.9019620658250017,0.745137962326706,NA
nDi.2.2.2.t10157,3.0681389445725133,0.485632618253699,0.9677862389431209,0.3492701776136911,NA
nDi.2.2.2.t10200,2.87805758287179,0.3876074132443486,0.9411517587617477,0.4329455332787052,NA
nDi.2.2.2.t10201,1.4526156006018922,0.24791256194716957,0.9626341525626767,0.5777171767546689,NA
nDi.2.2.2.t10204,3.165844947133147,0.47208749893111124,0.9604519676929362,0.36319420235560057,NA
nDi.2.2.2.t10207,2.268686100915411,0.12370030441118054,0.8836050385729893,0.806097471637175,NA
nDi.2.2.2.t10208,3.060983268261599,0.18438258516426495,0.8667605068246098,0.7101637646086472,NA
nDi.2.2.2.t10215,2.459566844331889,-0.7189154940838917,1.1366791446302174,0.17748851680352976,NA
nDi.2.2.2.t10230,1.667851910988364,0.14129844324972995,0.9176030717056315,0.7896194495855302,NA
nDi.2.2.2.t10231,3.0532639506564627,0.6992645513175227,1.1191962734076049,0.19382988862830353,NA
nDi.2.2.2.t10249,1.0459998728212567,0.3661451364371408,1.0632880161157212,0.3612481966339392,NA
nDi.2.2.2.t10265,1.1824704092290559,0.4264791779921234,1.089180560749184,0.2868522183475603,NA
nDi.2.2.2.t10301,1.1583016566294935,0.3708751709163855,1.063201135419221,0.3653819735898755,NA
nDi.2.2.2.t10309,3.0297824975091814,0.213474570826914,0.9501897919679129,0.4799970898678203,NA
nDi.2.2.2.t10315,1.92648225375579,0.004963244683448995,0.8924915990820256,0.9943818615609905,NA
nDi.2.2.2.t10331,0.6167946295405918,0.18488700498692312,1.0227886524639886,0.6316707535416863,NA
nDi.2.2.2.t10334,2.733938064543841,0.30096591333652345,0.952321349044678,0.4209823244971937,NA
nDi.2.2.2.t10336,2.741864898893168,0.1693482094020498,0.8925960225939673,0.715021442993249,NA
nDi.2.2.2.t10340,2.481878938365842,0.8280784816290625,1.356544982103142,0.09824425549509626,NA
nDi.2.2.2.t10343,0.9721122435771685,-0.21580935761147735,0.9777356175694473,0.5356660929365973,NA
nDi.2.2.2.t10350,1.4857662503474924,-0.10486889224810687,0.9160529378745845,0.8037909254405827,NA
nDi.2.2.2.t10355,2.4966005009229195,0.00289553620036281,0.8874927950649039,0.9949752627429209,NA
nDi.2.2.2.t10361,2.6267631062008108,0.23064547173445102,0.8959132432682876,0.6509398021370064,NA
nDi.2.2.2.t10407,2.771249515182082,-0.12215038292046337,0.858403517355095,0.7989202983418117,NA
nDi.2.2.2.t10409,1.3257465716607557,0.028713117606417152,0.9213627012597488,0.9805853763215241,NA
nDi.2.2.2.t10414,0.4744574073389168,0.14567361424363348,1.017863950602042,0.7354285407020791,NA
nDi.2.2.2.t10423,1.9244423979366057,0.3791351284980784,0.9876565539101982,0.42296168144114943,NA
nDi.2.2.2.t10426,1.3231334931488015,-0.137979449515242,0.928774476932621,0.7126894702121016,NA
nDi.2.2.2.t10480,1.5210665250403355,0.5125903123614712,1.1291397999295147,0.22103272299896676,NA
nDi.2.2.2.t10495,2.140657514082435,0.47944011509870027,1.0262611050618229,0.31849985555282145,NA
nDi.2.2.2.t10499,1.3412110591443165,0.27745759044543716,0.979747882179566,0.570669250162865,NA
nDi.2.2.2.t10502,2.29066679282276,0.8063279429261193,1.3613852265822157,0.08590513158663264,NA
nDi.2.2.2.t10539,1.3787293028386605,0.4529502280506382,1.0995798600468614,0.2649549449950476,NA
nDi.2.2.2.t10570,1.4777884300526813,0.5272575222464457,1.1380694705698042,0.21054806945969082,NA
nDi.2.2.2.t10589,1.2334740466470793,0.4082849894643422,1.079137379390134,0.3134723155334991,NA
nDi.2.2.2.t10601,1.49483365854452,0.45453340242812273,1.0910623153237518,0.30543717128681086,NA
nDi.2.2.2.t10611,1.8272891640755997,0.3481115704155451,0.979854308113036,0.4565816262836796,NA
nDi.2.2.2.t10631,2.9708827993406075,0.7879090363769446,1.1900979110397731,0.15559620637307964,NA
nDi.2.2.2.t10639,1.0270304101481589,0.045060687107470604,0.9455833836596358,0.9892294793937402,NA
nDi.2.2.2.t10640,2.9932546553557,-0.39541686419162986,0.930151100802979,0.402785848190679,NA
nDi.2.2.2.t10649,1.5101017507603336,0.2966427452763987,0.9829492047493574,0.5434523650063765,NA
nDi.2.2.2.t10651,0.9388423323958781,0.32431704607224054,1.048545101257697,0.42659717984611656,NA
nDi.2.2.2.t10691,1.416741125831995,-0.071778888457863,0.9185059500356745,0.8338453776395016,NA
nDi.2.2.2.t10737,2.8417792129577513,-0.3031089438433741,0.9638947201909681,0.43752237751258205,NA
nDi.2.2.2.t10770,2.7109962045092875,-0.05691649454535726,0.8878473233411405,0.8917271974863331,NA
nDi.2.2.2.t10794,2.1589850500620953,0.8326990107109263,1.3869471828267972,0.08440967134180616,NA
nDi.2.2.2.t10844,1.5639333561379698,0.5614829436302755,1.158292384829356,0.18913467594201427,NA
nDi.2.2.2.t10851,1.4154939167409588,0.498981066424887,1.1216764128271022,0.23349779469826587,NA
nDi.2.2.2.t10878,0.7346939928757013,0.22380105023996968,1.0227508739339393,0.6360795211890492,NA
nDi.2.2.2.t10880,2.493959910606955,0.813931997946652,1.3386821480887625,0.10476580116580271,NA
nDi.2.2.2.t10905,1.531284541939257,0.2735857464003294,0.9651300260530398,0.5532113415087716,NA
nDi.2.2.2.t10927,1.1838516693652856,0.42912797338911846,1.0910887079914227,0.28141807978482614,NA
nDi.2.2.2.t10938,1.9466767808674597,0.6795956406579762,1.241235996431122,0.13424394343718177,NA
nDi.2.2.2.t10991,2.4584867365703413,-0.6795067329614167,1.110130546036946,0.1899389800387383,NA
nDi.2.2.2.t10994,2.0185460973572478,0.7262139582891656,1.2738135939193251,0.12237561944597589,NA
nDi.2.2.2.t10996,1.972501767401257,0.6799625333781828,1.2365558848491947,0.13700070818857543,NA
nDi.2.2.2.t11022,0.6886639460303798,0.24589673454617397,1.0297778172960335,0.5504018788036629,NA
nDi.2.2.2.t11077,1.4444664432151302,0.25055418025588894,0.9650688220545285,0.5836386546115246,NA
nDi.2.2.2.t11098,1.8575632954917602,0.5894341123700508,1.1636001660775588,0.19772779686810094,NA
nDi.2.2.2.t11128,2.398112023228381,0.8821852754940188,1.4165692975557438,0.08516631556345178,NA
nDi.2.2.2.t11148,3.04073163930277,1.2650409257445427,1.8506932643755434,0.0475031739835367,NA
nDi.2.2.2.t11157,1.383537396541538,0.4485923524718767,1.114588191890051,0.20764868319412835,NA
nDi.2.2.2.t11168,0.34972518657585516,0.10653563855923608,1.0146148223377776,0.8658540302200955,NA
nDi.2.2.2.t11204,1.8640934647569458,0.5897784251336563,1.1639433605394816,0.19701125920237533,NA
nDi.2.2.2.t11245,2.956282531688694,0.7150737232551476,1.1304743898344662,0.1832480085482871,NA
nDi.2.2.2.t11248,2.149047283061989,0.10964888634139022,0.9327315491650049,0.714256426719019,NA
nDi.2.2.2.t11303,0.9920817996180327,-0.03469991135088472,0.9483409768535286,0.883055287819143,NA
nDi.2.2.2.t11335,2.4232942945073344,-0.9665391995706853,1.4486360779313014,0.08647383439759206,NA
nDi.2.2.2.t11488,2.427539507459994,0.2416650187199989,0.8962592733348235,0.6054904392469622,NA
nDi.2.2.2.t11524,2.1790694700785167,0.8956202647746877,1.4445168929176073,0.07617354332140451,NA
nDi.2.2.2.t11552,0.5980802993529678,0.18160292134029463,1.0226289390962118,0.6328617307325997,NA
nDi.2.2.2.t11561,1.5210665250403355,0.5125903123614711,1.1291397999295032,0.2210327229989666,NA
nDi.2.2.2.t11569,1.6998547371591761,0.5439387097487889,1.138379845158931,0.2253653783169141,NA
nDi.2.2.2.t11607,0.9617309409620187,0.08387374952019093,0.9527368505863079,0.9323262544517066,NA
nDi.2.2.2.t11638,3.065584281754014,0.26456332353720197,0.8937248847314864,0.5721855023423595,NA
nDi.2.2.2.t11654,1.4491972085505476,0.5054801408458112,1.1250357386832768,0.22859633011798774,NA
nDi.2.2.2.t11665,2.882707846796791,-1.6993562274945107,2.118781619022854,0.030964012583122383,NA
nDi.2.2.2.t11669,2.8404827158598467,1.2308074847364432,1.834673955363382,0.04644594498387464,NA
nDi.2.2.2.t11681,1.7491684376423113,0.10875319852328418,0.9076054216623409,0.8224602460140836,NA
nDi.2.2.2.t11822,1.614556595730218,0.5643263271655153,1.1609097602397767,0.18789322241016207,NA
nDi.2.2.2.t12048,1.6186556993665437,-0.3351485276952213,0.968404932755467,0.4465493935424853,NA
nDi.2.2.2.t12096,2.4510582783764994,-0.06360288758679321,0.8806712672308824,0.8862858368125761,NA
nDi.2.2.2.t12129,1.8057409694436855,0.6331219288372166,1.2024857898866919,0.15700820513373842,NA
nDi.2.2.2.t12147,1.830164545199582,0.6133923722121141,1.1904164009488407,0.16251877251711402,NA
nDi.2.2.2.t12169,0.8784469089659466,0.30867965436328043,1.0459440439084993,0.43618283876944053,NA
nDi.2.2.2.t12183,1.4491972085505476,0.5054801408458112,1.1250357386832768,0.22859633011798774,NA
nDi.2.2.2.t12198,0.6886639460303798,0.24589673454617397,1.029777817296039,0.5504018788036629,NA
nDi.2.2.2.t12240,2.57368618798755,-0.014052359861384473,0.8858509339941435,0.9730458144420768,NA
nDi.2.2.2.t12252,0.9258926496998381,0.32494032820763863,1.050891713238848,0.4114605363530402,NA
nDi.2.2.2.t12484,1.4736207843064437,0.49247792146333064,1.1186962004460994,0.23472192038629963,NA
